method_id,checkpoint_seed,checkpoint_variant,sequence_index,task_index,task_cost_pddl
anticipatory_dqn_greedy,0,final,0,0,1400.0
anticipatory_dqn_greedy,0,final,0,1,6500.0
anticipatory_dqn_greedy,0,final,0,2,1700.0
anticipatory_dqn_greedy,0,final,0,3,650.0
anticipatory_dqn_greedy,0,final,0,4,3400.0
anticipatory_dqn_greedy,0,final,0,5,2625.0
anticipatory_dqn_greedy,0,final,0,6,900.0
anticipatory_dqn_greedy,0,final,0,7,1250.0
anticipatory_dqn_greedy,0,final,0,8,1050.0
anticipatory_dqn_greedy,0,final,0,9,1050.0
anticipatory_dqn_greedy,0,final,0,10,600.0
anticipatory_dqn_greedy,0,final,0,11,1050.0
anticipatory_dqn_greedy,0,final,0,12,1050.0
anticipatory_dqn_greedy,0,final,0,13,2150.0
anticipatory_dqn_greedy,0,final,0,14,850.0
anticipatory_dqn_greedy,0,final,0,15,1250.0
anticipatory_dqn_greedy,0,final,0,16,1050.0
anticipatory_dqn_greedy,0,final,0,17,1050.0
anticipatory_dqn_greedy,0,final,0,18,900.0
anticipatory_dqn_greedy,0,final,0,19,1300.0
anticipatory_dqn_greedy,0,final,0,20,1000.0
anticipatory_dqn_greedy,0,final,0,21,0.0
anticipatory_dqn_greedy,0,final,0,22,950.0
anticipatory_dqn_greedy,0,final,0,23,0.0
anticipatory_dqn_greedy,0,final,0,24,0.0
anticipatory_dqn_greedy,0,final,0,25,1500.0
anticipatory_dqn_greedy,0,final,0,26,100.0
anticipatory_dqn_greedy,0,final,0,27,1400.0
anticipatory_dqn_greedy,0,final,0,28,1050.0
anticipatory_dqn_greedy,0,final,0,29,0.0
anticipatory_dqn_greedy,0,final,0,30,8600.0
anticipatory_dqn_greedy,0,final,0,31,0.0
anticipatory_dqn_greedy,0,final,0,32,3200.0
anticipatory_dqn_greedy,0,final,0,33,800.0
anticipatory_dqn_greedy,0,final,0,34,0.0
anticipatory_dqn_greedy,0,final,0,35,1050.0
anticipatory_dqn_greedy,0,final,0,36,0.0
anticipatory_dqn_greedy,0,final,0,37,0.0
anticipatory_dqn_greedy,0,final,0,38,100.0
anticipatory_dqn_greedy,0,final,0,39,0.0
anticipatory_dqn_greedy,0,final,0,40,0.0
anticipatory_dqn_greedy,0,final,0,41,0.0
anticipatory_dqn_greedy,0,final,0,42,1400.0
anticipatory_dqn_greedy,0,final,0,43,1500.0
anticipatory_dqn_greedy,0,final,0,44,1050.0
anticipatory_dqn_greedy,0,final,0,45,100.0
anticipatory_dqn_greedy,0,final,0,46,6350.0
anticipatory_dqn_greedy,0,final,0,47,0.0
anticipatory_dqn_greedy,0,final,0,48,0.0
anticipatory_dqn_greedy,0,final,0,49,0.0
myopic_dqn_greedy,0,final,0,0,1400.0
myopic_dqn_greedy,0,final,0,1,850.0
myopic_dqn_greedy,0,final,0,2,6400.0
myopic_dqn_greedy,0,final,0,3,2650.0
myopic_dqn_greedy,0,final,0,4,6400.0
myopic_dqn_greedy,0,final,0,5,2850.0
myopic_dqn_greedy,0,final,0,6,900.0
myopic_dqn_greedy,0,final,0,7,2275.0
myopic_dqn_greedy,0,final,0,8,2075.0
myopic_dqn_greedy,0,final,0,9,2075.0
myopic_dqn_greedy,0,final,0,10,1300.0
myopic_dqn_greedy,0,final,0,11,2075.0
myopic_dqn_greedy,0,final,0,12,2075.0
myopic_dqn_greedy,0,final,0,13,3250.0
myopic_dqn_greedy,0,final,0,14,775.0
myopic_dqn_greedy,0,final,0,15,2275.0
myopic_dqn_greedy,0,final,0,16,2075.0
myopic_dqn_greedy,0,final,0,17,2075.0
myopic_dqn_greedy,0,final,0,18,0.0
myopic_dqn_greedy,0,final,0,19,2075.0
myopic_dqn_greedy,0,final,0,20,1000.0
myopic_dqn_greedy,0,final,0,21,0.0
myopic_dqn_greedy,0,final,0,22,2175.0
myopic_dqn_greedy,0,final,0,23,0.0
myopic_dqn_greedy,0,final,0,24,0.0
myopic_dqn_greedy,0,final,0,25,2850.0
myopic_dqn_greedy,0,final,0,26,400.0
myopic_dqn_greedy,0,final,0,27,3025.0
myopic_dqn_greedy,0,final,0,28,2075.0
myopic_dqn_greedy,0,final,0,29,0.0
myopic_dqn_greedy,0,final,0,30,0.0
myopic_dqn_greedy,0,final,0,31,0.0
myopic_dqn_greedy,0,final,0,32,375.0
myopic_dqn_greedy,0,final,0,33,1450.0
myopic_dqn_greedy,0,final,0,34,0.0
myopic_dqn_greedy,0,final,0,35,2075.0
myopic_dqn_greedy,0,final,0,36,0.0
myopic_dqn_greedy,0,final,0,37,0.0
myopic_dqn_greedy,0,final,0,38,100.0
myopic_dqn_greedy,0,final,0,39,0.0
myopic_dqn_greedy,0,final,0,40,0.0
myopic_dqn_greedy,0,final,0,41,0.0
myopic_dqn_greedy,0,final,0,42,2750.0
myopic_dqn_greedy,0,final,0,43,2850.0
myopic_dqn_greedy,0,final,0,44,2075.0
myopic_dqn_greedy,0,final,0,45,100.0
myopic_dqn_greedy,0,final,0,46,725.0
myopic_dqn_greedy,0,final,0,47,0.0
myopic_dqn_greedy,0,final,0,48,0.0
myopic_dqn_greedy,0,final,0,49,150.0
anticipatory_dqn_greedy,0,final,1,0,1475.0
anticipatory_dqn_greedy,0,final,1,1,800.0
anticipatory_dqn_greedy,0,final,1,2,6500.0
anticipatory_dqn_greedy,0,final,1,3,1000.0
anticipatory_dqn_greedy,0,final,1,4,0.0
anticipatory_dqn_greedy,0,final,1,5,1525.0
anticipatory_dqn_greedy,0,final,1,6,2075.0
anticipatory_dqn_greedy,0,final,1,7,6150.0
anticipatory_dqn_greedy,0,final,1,8,0.0
anticipatory_dqn_greedy,0,final,1,9,0.0
anticipatory_dqn_greedy,0,final,1,10,1325.0
anticipatory_dqn_greedy,0,final,1,11,1050.0
anticipatory_dqn_greedy,0,final,1,12,1850.0
anticipatory_dqn_greedy,0,final,1,13,1050.0
anticipatory_dqn_greedy,0,final,1,14,900.0
anticipatory_dqn_greedy,0,final,1,15,850.0
anticipatory_dqn_greedy,0,final,1,16,0.0
anticipatory_dqn_greedy,0,final,1,17,0.0
anticipatory_dqn_greedy,0,final,1,18,1250.0
anticipatory_dqn_greedy,0,final,1,19,1850.0
anticipatory_dqn_greedy,0,final,1,20,1050.0
anticipatory_dqn_greedy,0,final,1,21,1050.0
anticipatory_dqn_greedy,0,final,1,22,1850.0
anticipatory_dqn_greedy,0,final,1,23,1050.0
anticipatory_dqn_greedy,0,final,1,24,900.0
anticipatory_dqn_greedy,0,final,1,25,0.0
anticipatory_dqn_greedy,0,final,1,26,1250.0
anticipatory_dqn_greedy,0,final,1,27,1050.0
anticipatory_dqn_greedy,0,final,1,28,1050.0
anticipatory_dqn_greedy,0,final,1,29,1850.0
anticipatory_dqn_greedy,0,final,1,30,0.0
anticipatory_dqn_greedy,0,final,1,31,0.0
anticipatory_dqn_greedy,0,final,1,32,1850.0
anticipatory_dqn_greedy,0,final,1,33,1050.0
anticipatory_dqn_greedy,0,final,1,34,250.0
anticipatory_dqn_greedy,0,final,1,35,1050.0
anticipatory_dqn_greedy,0,final,1,36,0.0
anticipatory_dqn_greedy,0,final,1,37,0.0
anticipatory_dqn_greedy,0,final,1,38,1100.0
anticipatory_dqn_greedy,0,final,1,39,1050.0
anticipatory_dqn_greedy,0,final,1,40,3200.0
anticipatory_dqn_greedy,0,final,1,41,850.0
anticipatory_dqn_greedy,0,final,1,42,1250.0
anticipatory_dqn_greedy,0,final,1,43,900.0
anticipatory_dqn_greedy,0,final,1,44,0.0
anticipatory_dqn_greedy,0,final,1,45,2050.0
anticipatory_dqn_greedy,0,final,1,46,1850.0
anticipatory_dqn_greedy,0,final,1,47,1000.0
anticipatory_dqn_greedy,0,final,1,48,0.0
anticipatory_dqn_greedy,0,final,1,49,1025.0
myopic_dqn_greedy,0,final,1,0,1475.0
myopic_dqn_greedy,0,final,1,1,800.0
myopic_dqn_greedy,0,final,1,2,11200.0
myopic_dqn_greedy,0,final,1,3,900.0
myopic_dqn_greedy,0,final,1,4,0.0
myopic_dqn_greedy,0,final,1,5,1725.0
myopic_dqn_greedy,0,final,1,6,2075.0
myopic_dqn_greedy,0,final,1,7,250.0
myopic_dqn_greedy,0,final,1,8,0.0
myopic_dqn_greedy,0,final,1,9,0.0
myopic_dqn_greedy,0,final,1,10,2100.0
myopic_dqn_greedy,0,final,1,11,2075.0
myopic_dqn_greedy,0,final,1,12,2850.0
myopic_dqn_greedy,0,final,1,13,2075.0
myopic_dqn_greedy,0,final,1,14,900.0
myopic_dqn_greedy,0,final,1,15,850.0
myopic_dqn_greedy,0,final,1,16,0.0
myopic_dqn_greedy,0,final,1,17,0.0
myopic_dqn_greedy,0,final,1,18,2275.0
myopic_dqn_greedy,0,final,1,19,2850.0
myopic_dqn_greedy,0,final,1,20,2075.0
myopic_dqn_greedy,0,final,1,21,2075.0
myopic_dqn_greedy,0,final,1,22,2850.0
myopic_dqn_greedy,0,final,1,23,2075.0
myopic_dqn_greedy,0,final,1,24,900.0
myopic_dqn_greedy,0,final,1,25,0.0
myopic_dqn_greedy,0,final,1,26,2275.0
myopic_dqn_greedy,0,final,1,27,2075.0
myopic_dqn_greedy,0,final,1,28,2075.0
myopic_dqn_greedy,0,final,1,29,2850.0
myopic_dqn_greedy,0,final,1,30,0.0
myopic_dqn_greedy,0,final,1,31,0.0
myopic_dqn_greedy,0,final,1,32,2850.0
myopic_dqn_greedy,0,final,1,33,2075.0
myopic_dqn_greedy,0,final,1,34,1300.0
myopic_dqn_greedy,0,final,1,35,2075.0
myopic_dqn_greedy,0,final,1,36,0.0
myopic_dqn_greedy,0,final,1,37,0.0
myopic_dqn_greedy,0,final,1,38,1100.0
myopic_dqn_greedy,0,final,1,39,2075.0
myopic_dqn_greedy,0,final,1,40,6400.0
myopic_dqn_greedy,0,final,1,41,850.0
myopic_dqn_greedy,0,final,1,42,2275.0
myopic_dqn_greedy,0,final,1,43,900.0
myopic_dqn_greedy,0,final,1,44,0.0
myopic_dqn_greedy,0,final,1,45,3050.0
myopic_dqn_greedy,0,final,1,46,2850.0
myopic_dqn_greedy,0,final,1,47,1000.0
myopic_dqn_greedy,0,final,1,48,0.0
myopic_dqn_greedy,0,final,1,49,2250.0
anticipatory_dqn_greedy,0,final,2,0,650.0
anticipatory_dqn_greedy,0,final,2,1,1600.0
anticipatory_dqn_greedy,0,final,2,2,1300.0
anticipatory_dqn_greedy,0,final,2,3,2950.0
anticipatory_dqn_greedy,0,final,2,4,900.0
anticipatory_dqn_greedy,0,final,2,5,1525.0
anticipatory_dqn_greedy,0,final,2,6,900.0
anticipatory_dqn_greedy,0,final,2,7,2275.0
anticipatory_dqn_greedy,0,final,2,8,2075.0
anticipatory_dqn_greedy,0,final,2,9,1300.0
anticipatory_dqn_greedy,0,final,2,10,2075.0
anticipatory_dqn_greedy,0,final,2,11,2075.0
anticipatory_dqn_greedy,0,final,2,12,1300.0
anticipatory_dqn_greedy,0,final,2,13,0.0
anticipatory_dqn_greedy,0,final,2,14,1575.0
anticipatory_dqn_greedy,0,final,2,15,1300.0
anticipatory_dqn_greedy,0,final,2,16,0.0
anticipatory_dqn_greedy,0,final,2,17,0.0
anticipatory_dqn_greedy,0,final,2,18,1050.0
anticipatory_dqn_greedy,0,final,2,19,250.0
anticipatory_dqn_greedy,0,final,2,20,250.0
anticipatory_dqn_greedy,0,final,2,21,1050.0
anticipatory_dqn_greedy,0,final,2,22,1050.0
anticipatory_dqn_greedy,0,final,2,23,1050.0
anticipatory_dqn_greedy,0,final,2,24,0.0
anticipatory_dqn_greedy,0,final,2,25,0.0
anticipatory_dqn_greedy,0,final,2,26,1850.0
anticipatory_dqn_greedy,0,final,2,27,1850.0
anticipatory_dqn_greedy,0,final,2,28,1850.0
anticipatory_dqn_greedy,0,final,2,29,1050.0
anticipatory_dqn_greedy,0,final,2,30,1050.0
anticipatory_dqn_greedy,0,final,2,31,1850.0
anticipatory_dqn_greedy,0,final,2,32,1050.0
anticipatory_dqn_greedy,0,final,2,33,250.0
anticipatory_dqn_greedy,0,final,2,34,1050.0
anticipatory_dqn_greedy,0,final,2,35,1050.0
anticipatory_dqn_greedy,0,final,2,36,250.0
anticipatory_dqn_greedy,0,final,2,37,1050.0
anticipatory_dqn_greedy,0,final,2,38,1850.0
anticipatory_dqn_greedy,0,final,2,39,1175.0
anticipatory_dqn_greedy,0,final,2,40,850.0
anticipatory_dqn_greedy,0,final,2,41,2050.0
anticipatory_dqn_greedy,0,final,2,42,1050.0
anticipatory_dqn_greedy,0,final,2,43,0.0
anticipatory_dqn_greedy,0,final,2,44,900.0
anticipatory_dqn_greedy,0,final,2,45,0.0
anticipatory_dqn_greedy,0,final,2,46,0.0
anticipatory_dqn_greedy,0,final,2,47,1250.0
anticipatory_dqn_greedy,0,final,2,48,1050.0
anticipatory_dqn_greedy,0,final,2,49,1000.0
myopic_dqn_greedy,0,final,2,0,650.0
myopic_dqn_greedy,0,final,2,1,1600.0
myopic_dqn_greedy,0,final,2,2,1000.0
myopic_dqn_greedy,0,final,2,3,2750.0
myopic_dqn_greedy,0,final,2,4,900.0
myopic_dqn_greedy,0,final,2,5,1725.0
myopic_dqn_greedy,0,final,2,6,925.0
myopic_dqn_greedy,0,final,2,7,2275.0
myopic_dqn_greedy,0,final,2,8,2075.0
myopic_dqn_greedy,0,final,2,9,1300.0
myopic_dqn_greedy,0,final,2,10,2075.0
myopic_dqn_greedy,0,final,2,11,2075.0
myopic_dqn_greedy,0,final,2,12,1300.0
myopic_dqn_greedy,0,final,2,13,0.0
myopic_dqn_greedy,0,final,2,14,850.0
myopic_dqn_greedy,0,final,2,15,2025.0
myopic_dqn_greedy,0,final,2,16,0.0
myopic_dqn_greedy,0,final,2,17,0.0
myopic_dqn_greedy,0,final,2,18,2075.0
myopic_dqn_greedy,0,final,2,19,1300.0
myopic_dqn_greedy,0,final,2,20,1300.0
myopic_dqn_greedy,0,final,2,21,2075.0
myopic_dqn_greedy,0,final,2,22,2075.0
myopic_dqn_greedy,0,final,2,23,2075.0
myopic_dqn_greedy,0,final,2,24,0.0
myopic_dqn_greedy,0,final,2,25,0.0
myopic_dqn_greedy,0,final,2,26,2850.0
myopic_dqn_greedy,0,final,2,27,2850.0
myopic_dqn_greedy,0,final,2,28,2850.0
myopic_dqn_greedy,0,final,2,29,2075.0
myopic_dqn_greedy,0,final,2,30,2075.0
myopic_dqn_greedy,0,final,2,31,2850.0
myopic_dqn_greedy,0,final,2,32,2075.0
myopic_dqn_greedy,0,final,2,33,1300.0
myopic_dqn_greedy,0,final,2,34,2075.0
myopic_dqn_greedy,0,final,2,35,2075.0
myopic_dqn_greedy,0,final,2,36,1300.0
myopic_dqn_greedy,0,final,2,37,2075.0
myopic_dqn_greedy,0,final,2,38,2850.0
myopic_dqn_greedy,0,final,2,39,1175.0
myopic_dqn_greedy,0,final,2,40,850.0
myopic_dqn_greedy,0,final,2,41,3050.0
myopic_dqn_greedy,0,final,2,42,2075.0
myopic_dqn_greedy,0,final,2,43,0.0
myopic_dqn_greedy,0,final,2,44,900.0
myopic_dqn_greedy,0,final,2,45,0.0
myopic_dqn_greedy,0,final,2,46,0.0
myopic_dqn_greedy,0,final,2,47,2275.0
myopic_dqn_greedy,0,final,2,48,2075.0
myopic_dqn_greedy,0,final,2,49,700.0
anticipatory_dqn_greedy,0,final,3,0,700.0
anticipatory_dqn_greedy,0,final,3,1,0.0
anticipatory_dqn_greedy,0,final,3,2,0.0
anticipatory_dqn_greedy,0,final,3,3,1475.0
anticipatory_dqn_greedy,0,final,3,4,1300.0
anticipatory_dqn_greedy,0,final,3,5,800.0
anticipatory_dqn_greedy,0,final,3,6,1875.0
anticipatory_dqn_greedy,0,final,3,7,2075.0
anticipatory_dqn_greedy,0,final,3,8,2075.0
anticipatory_dqn_greedy,0,final,3,9,0.0
anticipatory_dqn_greedy,0,final,3,10,2075.0
anticipatory_dqn_greedy,0,final,3,11,2850.0
anticipatory_dqn_greedy,0,final,3,12,2850.0
anticipatory_dqn_greedy,0,final,3,13,2075.0
anticipatory_dqn_greedy,0,final,3,14,2075.0
anticipatory_dqn_greedy,0,final,3,15,2075.0
anticipatory_dqn_greedy,0,final,3,16,1300.0
anticipatory_dqn_greedy,0,final,3,17,0.0
anticipatory_dqn_greedy,0,final,3,18,1300.0
anticipatory_dqn_greedy,0,final,3,19,0.0
anticipatory_dqn_greedy,0,final,3,20,0.0
anticipatory_dqn_greedy,0,final,3,21,1300.0
anticipatory_dqn_greedy,0,final,3,22,2075.0
anticipatory_dqn_greedy,0,final,3,23,0.0
anticipatory_dqn_greedy,0,final,3,24,0.0
anticipatory_dqn_greedy,0,final,3,25,2075.0
anticipatory_dqn_greedy,0,final,3,26,0.0
anticipatory_dqn_greedy,0,final,3,27,700.0
anticipatory_dqn_greedy,0,final,3,28,0.0
anticipatory_dqn_greedy,0,final,3,29,0.0
anticipatory_dqn_greedy,0,final,3,30,1200.0
anticipatory_dqn_greedy,0,final,3,31,900.0
anticipatory_dqn_greedy,0,final,3,32,900.0
anticipatory_dqn_greedy,0,final,3,33,1725.0
anticipatory_dqn_greedy,0,final,3,34,1050.0
anticipatory_dqn_greedy,0,final,3,35,2150.0
anticipatory_dqn_greedy,0,final,3,36,1050.0
anticipatory_dqn_greedy,0,final,3,37,250.0
anticipatory_dqn_greedy,0,final,3,38,1050.0
anticipatory_dqn_greedy,0,final,3,39,1050.0
anticipatory_dqn_greedy,0,final,3,40,850.0
anticipatory_dqn_greedy,0,final,3,41,0.0
anticipatory_dqn_greedy,0,final,3,42,900.0
anticipatory_dqn_greedy,0,final,3,43,1025.0
anticipatory_dqn_greedy,0,final,3,44,1125.0
anticipatory_dqn_greedy,0,final,3,45,350.0
anticipatory_dqn_greedy,0,final,3,46,1125.0
anticipatory_dqn_greedy,0,final,3,47,1125.0
anticipatory_dqn_greedy,0,final,3,48,350.0
anticipatory_dqn_greedy,0,final,3,49,350.0
myopic_dqn_greedy,0,final,3,0,700.0
myopic_dqn_greedy,0,final,3,1,0.0
myopic_dqn_greedy,0,final,3,2,0.0
myopic_dqn_greedy,0,final,3,3,1475.0
myopic_dqn_greedy,0,final,3,4,1300.0
myopic_dqn_greedy,0,final,3,5,800.0
myopic_dqn_greedy,0,final,3,6,1875.0
myopic_dqn_greedy,0,final,3,7,2075.0
myopic_dqn_greedy,0,final,3,8,2075.0
myopic_dqn_greedy,0,final,3,9,0.0
myopic_dqn_greedy,0,final,3,10,2075.0
myopic_dqn_greedy,0,final,3,11,2850.0
myopic_dqn_greedy,0,final,3,12,2850.0
myopic_dqn_greedy,0,final,3,13,2075.0
myopic_dqn_greedy,0,final,3,14,2075.0
myopic_dqn_greedy,0,final,3,15,2075.0
myopic_dqn_greedy,0,final,3,16,1300.0
myopic_dqn_greedy,0,final,3,17,0.0
myopic_dqn_greedy,0,final,3,18,1300.0
myopic_dqn_greedy,0,final,3,19,0.0
myopic_dqn_greedy,0,final,3,20,0.0
myopic_dqn_greedy,0,final,3,21,1300.0
myopic_dqn_greedy,0,final,3,22,2075.0
myopic_dqn_greedy,0,final,3,23,0.0
myopic_dqn_greedy,0,final,3,24,0.0
myopic_dqn_greedy,0,final,3,25,2075.0
myopic_dqn_greedy,0,final,3,26,0.0
myopic_dqn_greedy,0,final,3,27,700.0
myopic_dqn_greedy,0,final,3,28,0.0
myopic_dqn_greedy,0,final,3,29,0.0
myopic_dqn_greedy,0,final,3,30,1400.0
myopic_dqn_greedy,0,final,3,31,900.0
myopic_dqn_greedy,0,final,3,32,900.0
myopic_dqn_greedy,0,final,3,33,1500.0
myopic_dqn_greedy,0,final,3,34,2075.0
myopic_dqn_greedy,0,final,3,35,2150.0
myopic_dqn_greedy,0,final,3,36,2075.0
myopic_dqn_greedy,0,final,3,37,1300.0
myopic_dqn_greedy,0,final,3,38,2075.0
myopic_dqn_greedy,0,final,3,39,2075.0
myopic_dqn_greedy,0,final,3,40,850.0
myopic_dqn_greedy,0,final,3,41,0.0
myopic_dqn_greedy,0,final,3,42,900.0
myopic_dqn_greedy,0,final,3,43,2175.0
myopic_dqn_greedy,0,final,3,44,2075.0
myopic_dqn_greedy,0,final,3,45,1300.0
myopic_dqn_greedy,0,final,3,46,2075.0
myopic_dqn_greedy,0,final,3,47,2075.0
myopic_dqn_greedy,0,final,3,48,1300.0
myopic_dqn_greedy,0,final,3,49,1300.0
anticipatory_dqn_greedy,0,final,4,0,12700.0
anticipatory_dqn_greedy,0,final,4,1,950.0
anticipatory_dqn_greedy,0,final,4,2,0.0
anticipatory_dqn_greedy,0,final,4,3,700.0
anticipatory_dqn_greedy,0,final,4,4,0.0
anticipatory_dqn_greedy,0,final,4,5,0.0
anticipatory_dqn_greedy,0,final,4,6,1975.0
anticipatory_dqn_greedy,0,final,4,7,0.0
anticipatory_dqn_greedy,0,final,4,8,0.0
anticipatory_dqn_greedy,0,final,4,9,2075.0
anticipatory_dqn_greedy,0,final,4,10,0.0
anticipatory_dqn_greedy,0,final,4,11,100.0
anticipatory_dqn_greedy,0,final,4,12,275.0
anticipatory_dqn_greedy,0,final,4,13,1900.0
anticipatory_dqn_greedy,0,final,4,14,900.0
anticipatory_dqn_greedy,0,final,4,15,0.0
anticipatory_dqn_greedy,0,final,4,16,1375.0
anticipatory_dqn_greedy,0,final,4,17,2650.0
anticipatory_dqn_greedy,0,final,4,18,850.0
anticipatory_dqn_greedy,0,final,4,19,2275.0
anticipatory_dqn_greedy,0,final,4,20,2850.0
anticipatory_dqn_greedy,0,final,4,21,0.0
anticipatory_dqn_greedy,0,final,4,22,2075.0
anticipatory_dqn_greedy,0,final,4,23,1600.0
anticipatory_dqn_greedy,0,final,4,24,1300.0
anticipatory_dqn_greedy,0,final,4,25,2650.0
anticipatory_dqn_greedy,0,final,4,26,1300.0
anticipatory_dqn_greedy,0,final,4,27,900.0
anticipatory_dqn_greedy,0,final,4,28,1050.0
anticipatory_dqn_greedy,0,final,4,29,1725.0
anticipatory_dqn_greedy,0,final,4,30,0.0
anticipatory_dqn_greedy,0,final,4,31,0.0
anticipatory_dqn_greedy,0,final,4,32,1050.0
anticipatory_dqn_greedy,0,final,4,33,0.0
anticipatory_dqn_greedy,0,final,4,34,1050.0
anticipatory_dqn_greedy,0,final,4,35,0.0
anticipatory_dqn_greedy,0,final,4,36,0.0
anticipatory_dqn_greedy,0,final,4,37,1050.0
anticipatory_dqn_greedy,0,final,4,38,0.0
anticipatory_dqn_greedy,0,final,4,39,0.0
anticipatory_dqn_greedy,0,final,4,40,1850.0
anticipatory_dqn_greedy,0,final,4,41,375.0
anticipatory_dqn_greedy,0,final,4,42,925.0
anticipatory_dqn_greedy,0,final,4,43,0.0
anticipatory_dqn_greedy,0,final,4,44,1000.0
anticipatory_dqn_greedy,0,final,4,45,0.0
anticipatory_dqn_greedy,0,final,4,46,0.0
anticipatory_dqn_greedy,0,final,4,47,1025.0
anticipatory_dqn_greedy,0,final,4,48,0.0
anticipatory_dqn_greedy,0,final,4,49,0.0
myopic_dqn_greedy,0,final,4,0,6400.0
myopic_dqn_greedy,0,final,4,1,650.0
myopic_dqn_greedy,0,final,4,2,0.0
myopic_dqn_greedy,0,final,4,3,400.0
myopic_dqn_greedy,0,final,4,4,0.0
myopic_dqn_greedy,0,final,4,5,0.0
myopic_dqn_greedy,0,final,4,6,1975.0
myopic_dqn_greedy,0,final,4,7,0.0
myopic_dqn_greedy,0,final,4,8,0.0
myopic_dqn_greedy,0,final,4,9,2075.0
myopic_dqn_greedy,0,final,4,10,0.0
myopic_dqn_greedy,0,final,4,11,400.0
myopic_dqn_greedy,0,final,4,12,3200.0
myopic_dqn_greedy,0,final,4,13,1975.0
myopic_dqn_greedy,0,final,4,14,900.0
myopic_dqn_greedy,0,final,4,15,0.0
myopic_dqn_greedy,0,final,4,16,700.0
myopic_dqn_greedy,0,final,4,17,2075.0
myopic_dqn_greedy,0,final,4,18,850.0
myopic_dqn_greedy,0,final,4,19,3050.0
myopic_dqn_greedy,0,final,4,20,2850.0
myopic_dqn_greedy,0,final,4,21,0.0
myopic_dqn_greedy,0,final,4,22,2075.0
myopic_dqn_greedy,0,final,4,23,1600.0
myopic_dqn_greedy,0,final,4,24,1300.0
myopic_dqn_greedy,0,final,4,25,2650.0
myopic_dqn_greedy,0,final,4,26,1300.0
myopic_dqn_greedy,0,final,4,27,900.0
myopic_dqn_greedy,0,final,4,28,1050.0
myopic_dqn_greedy,0,final,4,29,1500.0
myopic_dqn_greedy,0,final,4,30,0.0
myopic_dqn_greedy,0,final,4,31,0.0
myopic_dqn_greedy,0,final,4,32,2075.0
myopic_dqn_greedy,0,final,4,33,0.0
myopic_dqn_greedy,0,final,4,34,2075.0
myopic_dqn_greedy,0,final,4,35,0.0
myopic_dqn_greedy,0,final,4,36,0.0
myopic_dqn_greedy,0,final,4,37,2075.0
myopic_dqn_greedy,0,final,4,38,0.0
myopic_dqn_greedy,0,final,4,39,0.0
myopic_dqn_greedy,0,final,4,40,2850.0
myopic_dqn_greedy,0,final,4,41,375.0
myopic_dqn_greedy,0,final,4,42,1950.0
myopic_dqn_greedy,0,final,4,43,0.0
myopic_dqn_greedy,0,final,4,44,400.0
myopic_dqn_greedy,0,final,4,45,0.0
myopic_dqn_greedy,0,final,4,46,0.0
myopic_dqn_greedy,0,final,4,47,1400.0
myopic_dqn_greedy,0,final,4,48,0.0
myopic_dqn_greedy,0,final,4,49,0.0
anticipatory_dqn_greedy,0,final,5,0,0.0
anticipatory_dqn_greedy,0,final,5,1,650.0
anticipatory_dqn_greedy,0,final,5,2,1875.0
anticipatory_dqn_greedy,0,final,5,3,2075.0
anticipatory_dqn_greedy,0,final,5,4,0.0
anticipatory_dqn_greedy,0,final,5,5,2850.0
anticipatory_dqn_greedy,0,final,5,6,700.0
anticipatory_dqn_greedy,0,final,5,7,0.0
anticipatory_dqn_greedy,0,final,5,8,2750.0
anticipatory_dqn_greedy,0,final,5,9,2075.0
anticipatory_dqn_greedy,0,final,5,10,0.0
anticipatory_dqn_greedy,0,final,5,11,2075.0
anticipatory_dqn_greedy,0,final,5,12,100.0
anticipatory_dqn_greedy,0,final,5,13,2750.0
anticipatory_dqn_greedy,0,final,5,14,2075.0
anticipatory_dqn_greedy,0,final,5,15,1300.0
anticipatory_dqn_greedy,0,final,5,16,6450.0
anticipatory_dqn_greedy,0,final,5,17,450.0
anticipatory_dqn_greedy,0,final,5,18,2275.0
anticipatory_dqn_greedy,0,final,5,19,0.0
anticipatory_dqn_greedy,0,final,5,20,0.0
anticipatory_dqn_greedy,0,final,5,21,900.0
anticipatory_dqn_greedy,0,final,5,22,2075.0
anticipatory_dqn_greedy,0,final,5,23,1300.0
anticipatory_dqn_greedy,0,final,5,24,1000.0
anticipatory_dqn_greedy,0,final,5,25,1200.0
anticipatory_dqn_greedy,0,final,5,26,2075.0
anticipatory_dqn_greedy,0,final,5,27,2850.0
anticipatory_dqn_greedy,0,final,5,28,2850.0
anticipatory_dqn_greedy,0,final,5,29,6400.0
anticipatory_dqn_greedy,0,final,5,30,900.0
anticipatory_dqn_greedy,0,final,5,31,3050.0
anticipatory_dqn_greedy,0,final,5,32,900.0
anticipatory_dqn_greedy,0,final,5,33,2275.0
anticipatory_dqn_greedy,0,final,5,34,0.0
anticipatory_dqn_greedy,0,final,5,35,0.0
anticipatory_dqn_greedy,0,final,5,36,2075.0
anticipatory_dqn_greedy,0,final,5,37,2850.0
anticipatory_dqn_greedy,0,final,5,38,2075.0
anticipatory_dqn_greedy,0,final,5,39,1175.0
anticipatory_dqn_greedy,0,final,5,40,1300.0
anticipatory_dqn_greedy,0,final,5,41,1300.0
anticipatory_dqn_greedy,0,final,5,42,2075.0
anticipatory_dqn_greedy,0,final,5,43,2850.0
anticipatory_dqn_greedy,0,final,5,44,2075.0
anticipatory_dqn_greedy,0,final,5,45,900.0
anticipatory_dqn_greedy,0,final,5,46,2275.0
anticipatory_dqn_greedy,0,final,5,47,850.0
anticipatory_dqn_greedy,0,final,5,48,0.0
anticipatory_dqn_greedy,0,final,5,49,0.0
myopic_dqn_greedy,0,final,5,0,0.0
myopic_dqn_greedy,0,final,5,1,650.0
myopic_dqn_greedy,0,final,5,2,1875.0
myopic_dqn_greedy,0,final,5,3,2075.0
myopic_dqn_greedy,0,final,5,4,0.0
myopic_dqn_greedy,0,final,5,5,2850.0
myopic_dqn_greedy,0,final,5,6,700.0
myopic_dqn_greedy,0,final,5,7,0.0
myopic_dqn_greedy,0,final,5,8,2750.0
myopic_dqn_greedy,0,final,5,9,2075.0
myopic_dqn_greedy,0,final,5,10,0.0
myopic_dqn_greedy,0,final,5,11,2075.0
myopic_dqn_greedy,0,final,5,12,100.0
myopic_dqn_greedy,0,final,5,13,2750.0
myopic_dqn_greedy,0,final,5,14,2075.0
myopic_dqn_greedy,0,final,5,15,1300.0
myopic_dqn_greedy,0,final,5,16,1600.0
myopic_dqn_greedy,0,final,5,17,850.0
myopic_dqn_greedy,0,final,5,18,2275.0
myopic_dqn_greedy,0,final,5,19,900.0
myopic_dqn_greedy,0,final,5,20,0.0
myopic_dqn_greedy,0,final,5,21,1300.0
myopic_dqn_greedy,0,final,5,22,2075.0
myopic_dqn_greedy,0,final,5,23,1300.0
myopic_dqn_greedy,0,final,5,24,700.0
myopic_dqn_greedy,0,final,5,25,1400.0
myopic_dqn_greedy,0,final,5,26,2075.0
myopic_dqn_greedy,0,final,5,27,2850.0
myopic_dqn_greedy,0,final,5,28,2850.0
myopic_dqn_greedy,0,final,5,29,0.0
myopic_dqn_greedy,0,final,5,30,900.0
myopic_dqn_greedy,0,final,5,31,3100.0
myopic_dqn_greedy,0,final,5,32,925.0
myopic_dqn_greedy,0,final,5,33,2275.0
myopic_dqn_greedy,0,final,5,34,0.0
myopic_dqn_greedy,0,final,5,35,0.0
myopic_dqn_greedy,0,final,5,36,2075.0
myopic_dqn_greedy,0,final,5,37,2850.0
myopic_dqn_greedy,0,final,5,38,2075.0
myopic_dqn_greedy,0,final,5,39,1100.0
myopic_dqn_greedy,0,final,5,40,1300.0
myopic_dqn_greedy,0,final,5,41,1300.0
myopic_dqn_greedy,0,final,5,42,2075.0
myopic_dqn_greedy,0,final,5,43,2850.0
myopic_dqn_greedy,0,final,5,44,2075.0
myopic_dqn_greedy,0,final,5,45,900.0
myopic_dqn_greedy,0,final,5,46,2275.0
myopic_dqn_greedy,0,final,5,47,850.0
myopic_dqn_greedy,0,final,5,48,0.0
myopic_dqn_greedy,0,final,5,49,0.0
anticipatory_dqn_greedy,0,final,6,0,700.0
anticipatory_dqn_greedy,0,final,6,1,0.0
anticipatory_dqn_greedy,0,final,6,2,300.0
anticipatory_dqn_greedy,0,final,6,3,0.0
anticipatory_dqn_greedy,0,final,6,4,1775.0
anticipatory_dqn_greedy,0,final,6,5,0.0
anticipatory_dqn_greedy,0,final,6,6,1300.0
anticipatory_dqn_greedy,0,final,6,7,0.0
anticipatory_dqn_greedy,0,final,6,8,1300.0
anticipatory_dqn_greedy,0,final,6,9,1300.0
anticipatory_dqn_greedy,0,final,6,10,800.0
anticipatory_dqn_greedy,0,final,6,11,100.0
anticipatory_dqn_greedy,0,final,6,12,2750.0
anticipatory_dqn_greedy,0,final,6,13,1875.0
anticipatory_dqn_greedy,0,final,6,14,0.0
anticipatory_dqn_greedy,0,final,6,15,0.0
anticipatory_dqn_greedy,0,final,6,16,0.0
anticipatory_dqn_greedy,0,final,6,17,1300.0
anticipatory_dqn_greedy,0,final,6,18,400.0
anticipatory_dqn_greedy,0,final,6,19,1975.0
anticipatory_dqn_greedy,0,final,6,20,1300.0
anticipatory_dqn_greedy,0,final,6,21,0.0
anticipatory_dqn_greedy,0,final,6,22,2075.0
anticipatory_dqn_greedy,0,final,6,23,14225.0
anticipatory_dqn_greedy,0,final,6,24,0.0
anticipatory_dqn_greedy,0,final,6,25,0.0
anticipatory_dqn_greedy,0,final,6,26,0.0
anticipatory_dqn_greedy,0,final,6,27,3050.0
anticipatory_dqn_greedy,0,final,6,28,2850.0
anticipatory_dqn_greedy,0,final,6,29,0.0
anticipatory_dqn_greedy,0,final,6,30,2075.0
anticipatory_dqn_greedy,0,final,6,31,1300.0
anticipatory_dqn_greedy,0,final,6,32,0.0
anticipatory_dqn_greedy,0,final,6,33,2075.0
anticipatory_dqn_greedy,0,final,6,34,2850.0
anticipatory_dqn_greedy,0,final,6,35,2075.0
anticipatory_dqn_greedy,0,final,6,36,0.0
anticipatory_dqn_greedy,0,final,6,37,0.0
anticipatory_dqn_greedy,0,final,6,38,0.0
anticipatory_dqn_greedy,0,final,6,39,2075.0
anticipatory_dqn_greedy,0,final,6,40,2075.0
anticipatory_dqn_greedy,0,final,6,41,2075.0
anticipatory_dqn_greedy,0,final,6,42,0.0
anticipatory_dqn_greedy,0,final,6,43,2075.0
anticipatory_dqn_greedy,0,final,6,44,2075.0
anticipatory_dqn_greedy,0,final,6,45,2850.0
anticipatory_dqn_greedy,0,final,6,46,250.0
anticipatory_dqn_greedy,0,final,6,47,1250.0
anticipatory_dqn_greedy,0,final,6,48,0.0
anticipatory_dqn_greedy,0,final,6,49,2075.0
myopic_dqn_greedy,0,final,6,0,700.0
myopic_dqn_greedy,0,final,6,1,0.0
myopic_dqn_greedy,0,final,6,2,300.0
myopic_dqn_greedy,0,final,6,3,0.0
myopic_dqn_greedy,0,final,6,4,1775.0
myopic_dqn_greedy,0,final,6,5,0.0
myopic_dqn_greedy,0,final,6,6,1300.0
myopic_dqn_greedy,0,final,6,7,0.0
myopic_dqn_greedy,0,final,6,8,1300.0
myopic_dqn_greedy,0,final,6,9,1300.0
myopic_dqn_greedy,0,final,6,10,800.0
myopic_dqn_greedy,0,final,6,11,400.0
myopic_dqn_greedy,0,final,6,12,2750.0
myopic_dqn_greedy,0,final,6,13,1875.0
myopic_dqn_greedy,0,final,6,14,0.0
myopic_dqn_greedy,0,final,6,15,0.0
myopic_dqn_greedy,0,final,6,16,0.0
myopic_dqn_greedy,0,final,6,17,1300.0
myopic_dqn_greedy,0,final,6,18,400.0
myopic_dqn_greedy,0,final,6,19,1400.0
myopic_dqn_greedy,0,final,6,20,1300.0
myopic_dqn_greedy,0,final,6,21,0.0
myopic_dqn_greedy,0,final,6,22,2075.0
myopic_dqn_greedy,0,final,6,23,400.0
myopic_dqn_greedy,0,final,6,24,0.0
myopic_dqn_greedy,0,final,6,25,0.0
myopic_dqn_greedy,0,final,6,26,0.0
myopic_dqn_greedy,0,final,6,27,2700.0
myopic_dqn_greedy,0,final,6,28,2850.0
myopic_dqn_greedy,0,final,6,29,0.0
myopic_dqn_greedy,0,final,6,30,2075.0
myopic_dqn_greedy,0,final,6,31,1300.0
myopic_dqn_greedy,0,final,6,32,0.0
myopic_dqn_greedy,0,final,6,33,2075.0
myopic_dqn_greedy,0,final,6,34,2850.0
myopic_dqn_greedy,0,final,6,35,2075.0
myopic_dqn_greedy,0,final,6,36,0.0
myopic_dqn_greedy,0,final,6,37,0.0
myopic_dqn_greedy,0,final,6,38,0.0
myopic_dqn_greedy,0,final,6,39,2075.0
myopic_dqn_greedy,0,final,6,40,2075.0
myopic_dqn_greedy,0,final,6,41,2075.0
myopic_dqn_greedy,0,final,6,42,0.0
myopic_dqn_greedy,0,final,6,43,2075.0
myopic_dqn_greedy,0,final,6,44,2075.0
myopic_dqn_greedy,0,final,6,45,2850.0
myopic_dqn_greedy,0,final,6,46,250.0
myopic_dqn_greedy,0,final,6,47,2100.0
myopic_dqn_greedy,0,final,6,48,0.0
myopic_dqn_greedy,0,final,6,49,2075.0
anticipatory_dqn_greedy,0,final,7,0,1400.0
anticipatory_dqn_greedy,0,final,7,1,1825.0
anticipatory_dqn_greedy,0,final,7,2,1675.0
anticipatory_dqn_greedy,0,final,7,3,850.0
anticipatory_dqn_greedy,0,final,7,4,650.0
anticipatory_dqn_greedy,0,final,7,5,1875.0
anticipatory_dqn_greedy,0,final,7,6,2075.0
anticipatory_dqn_greedy,0,final,7,7,2850.0
anticipatory_dqn_greedy,0,final,7,8,1600.0
anticipatory_dqn_greedy,0,final,7,9,2075.0
anticipatory_dqn_greedy,0,final,7,10,2075.0
anticipatory_dqn_greedy,0,final,7,11,850.0
anticipatory_dqn_greedy,0,final,7,12,0.0
anticipatory_dqn_greedy,0,final,7,13,3050.0
anticipatory_dqn_greedy,0,final,7,14,0.0
anticipatory_dqn_greedy,0,final,7,15,2850.0
anticipatory_dqn_greedy,0,final,7,16,2850.0
anticipatory_dqn_greedy,0,final,7,17,2075.0
anticipatory_dqn_greedy,0,final,7,18,1300.0
anticipatory_dqn_greedy,0,final,7,19,2075.0
anticipatory_dqn_greedy,0,final,7,20,2850.0
anticipatory_dqn_greedy,0,final,7,21,2850.0
anticipatory_dqn_greedy,0,final,7,22,0.0
anticipatory_dqn_greedy,0,final,7,23,1000.0
anticipatory_dqn_greedy,0,final,7,24,2750.0
anticipatory_dqn_greedy,0,final,7,25,2075.0
anticipatory_dqn_greedy,0,final,7,26,1300.0
anticipatory_dqn_greedy,0,final,7,27,2075.0
anticipatory_dqn_greedy,0,final,7,28,2075.0
anticipatory_dqn_greedy,0,final,7,29,1300.0
anticipatory_dqn_greedy,0,final,7,30,1300.0
anticipatory_dqn_greedy,0,final,7,31,2075.0
anticipatory_dqn_greedy,0,final,7,32,2850.0
anticipatory_dqn_greedy,0,final,7,33,2075.0
anticipatory_dqn_greedy,0,final,7,34,0.0
anticipatory_dqn_greedy,0,final,7,35,1300.0
anticipatory_dqn_greedy,0,final,7,36,1300.0
anticipatory_dqn_greedy,0,final,7,37,900.0
anticipatory_dqn_greedy,0,final,7,38,1725.0
anticipatory_dqn_greedy,0,final,7,39,250.0
anticipatory_dqn_greedy,0,final,7,40,250.0
anticipatory_dqn_greedy,0,final,7,41,250.0
anticipatory_dqn_greedy,0,final,7,42,250.0
anticipatory_dqn_greedy,0,final,7,43,1050.0
anticipatory_dqn_greedy,0,final,7,44,1850.0
anticipatory_dqn_greedy,0,final,7,45,1850.0
anticipatory_dqn_greedy,0,final,7,46,0.0
anticipatory_dqn_greedy,0,final,7,47,1175.0
anticipatory_dqn_greedy,0,final,7,48,1850.0
anticipatory_dqn_greedy,0,final,7,49,1050.0
myopic_dqn_greedy,0,final,7,0,1400.0
myopic_dqn_greedy,0,final,7,1,6400.0
myopic_dqn_greedy,0,final,7,2,1675.0
myopic_dqn_greedy,0,final,7,3,850.0
myopic_dqn_greedy,0,final,7,4,1000.0
myopic_dqn_greedy,0,final,7,5,1875.0
myopic_dqn_greedy,0,final,7,6,2075.0
myopic_dqn_greedy,0,final,7,7,2850.0
myopic_dqn_greedy,0,final,7,8,1600.0
myopic_dqn_greedy,0,final,7,9,2075.0
myopic_dqn_greedy,0,final,7,10,2075.0
myopic_dqn_greedy,0,final,7,11,850.0
myopic_dqn_greedy,0,final,7,12,0.0
myopic_dqn_greedy,0,final,7,13,3050.0
myopic_dqn_greedy,0,final,7,14,0.0
myopic_dqn_greedy,0,final,7,15,2850.0
myopic_dqn_greedy,0,final,7,16,2850.0
myopic_dqn_greedy,0,final,7,17,2075.0
myopic_dqn_greedy,0,final,7,18,1300.0
myopic_dqn_greedy,0,final,7,19,2075.0
myopic_dqn_greedy,0,final,7,20,2850.0
myopic_dqn_greedy,0,final,7,21,2850.0
myopic_dqn_greedy,0,final,7,22,0.0
myopic_dqn_greedy,0,final,7,23,1000.0
myopic_dqn_greedy,0,final,7,24,3025.0
myopic_dqn_greedy,0,final,7,25,2075.0
myopic_dqn_greedy,0,final,7,26,1300.0
myopic_dqn_greedy,0,final,7,27,2075.0
myopic_dqn_greedy,0,final,7,28,2075.0
myopic_dqn_greedy,0,final,7,29,1300.0
myopic_dqn_greedy,0,final,7,30,1300.0
myopic_dqn_greedy,0,final,7,31,2075.0
myopic_dqn_greedy,0,final,7,32,2850.0
myopic_dqn_greedy,0,final,7,33,2075.0
myopic_dqn_greedy,0,final,7,34,0.0
myopic_dqn_greedy,0,final,7,35,1300.0
myopic_dqn_greedy,0,final,7,36,1300.0
myopic_dqn_greedy,0,final,7,37,900.0
myopic_dqn_greedy,0,final,7,38,1500.0
myopic_dqn_greedy,0,final,7,39,1300.0
myopic_dqn_greedy,0,final,7,40,1300.0
myopic_dqn_greedy,0,final,7,41,1300.0
myopic_dqn_greedy,0,final,7,42,1300.0
myopic_dqn_greedy,0,final,7,43,2075.0
myopic_dqn_greedy,0,final,7,44,2850.0
myopic_dqn_greedy,0,final,7,45,2850.0
myopic_dqn_greedy,0,final,7,46,0.0
myopic_dqn_greedy,0,final,7,47,1175.0
myopic_dqn_greedy,0,final,7,48,2850.0
myopic_dqn_greedy,0,final,7,49,2075.0
anticipatory_dqn_greedy,0,final,8,0,700.0
anticipatory_dqn_greedy,0,final,8,1,0.0
anticipatory_dqn_greedy,0,final,8,2,0.0
anticipatory_dqn_greedy,0,final,8,3,0.0
anticipatory_dqn_greedy,0,final,8,4,1475.0
anticipatory_dqn_greedy,0,final,8,5,900.0
anticipatory_dqn_greedy,0,final,8,6,1300.0
anticipatory_dqn_greedy,0,final,8,7,800.0
anticipatory_dqn_greedy,0,final,8,8,2650.0
anticipatory_dqn_greedy,0,final,8,9,2850.0
anticipatory_dqn_greedy,0,final,8,10,850.0
anticipatory_dqn_greedy,0,final,8,11,3050.0
anticipatory_dqn_greedy,0,final,8,12,2850.0
anticipatory_dqn_greedy,0,final,8,13,2850.0
anticipatory_dqn_greedy,0,final,8,14,0.0
anticipatory_dqn_greedy,0,final,8,15,2850.0
anticipatory_dqn_greedy,0,final,8,16,2075.0
anticipatory_dqn_greedy,0,final,8,17,1600.0
anticipatory_dqn_greedy,0,final,8,18,2075.0
anticipatory_dqn_greedy,0,final,8,19,2075.0
anticipatory_dqn_greedy,0,final,8,20,850.0
anticipatory_dqn_greedy,0,final,8,21,2275.0
anticipatory_dqn_greedy,0,final,8,22,1000.0
anticipatory_dqn_greedy,0,final,8,23,10025.0
anticipatory_dqn_greedy,0,final,8,24,2775.0
anticipatory_dqn_greedy,0,final,8,25,2850.0
anticipatory_dqn_greedy,0,final,8,26,2075.0
anticipatory_dqn_greedy,0,final,8,27,2075.0
anticipatory_dqn_greedy,0,final,8,28,1675.0
anticipatory_dqn_greedy,0,final,8,29,2850.0
anticipatory_dqn_greedy,0,final,8,30,850.0
anticipatory_dqn_greedy,0,final,8,31,0.0
anticipatory_dqn_greedy,0,final,8,32,2275.0
anticipatory_dqn_greedy,0,final,8,33,2075.0
anticipatory_dqn_greedy,0,final,8,34,2075.0
anticipatory_dqn_greedy,0,final,8,35,2075.0
anticipatory_dqn_greedy,0,final,8,36,2075.0
anticipatory_dqn_greedy,0,final,8,37,0.0
anticipatory_dqn_greedy,0,final,8,38,0.0
anticipatory_dqn_greedy,0,final,8,39,1300.0
anticipatory_dqn_greedy,0,final,8,40,1300.0
anticipatory_dqn_greedy,0,final,8,41,900.0
anticipatory_dqn_greedy,0,final,8,42,2275.0
anticipatory_dqn_greedy,0,final,8,43,2850.0
anticipatory_dqn_greedy,0,final,8,44,2850.0
anticipatory_dqn_greedy,0,final,8,45,0.0
anticipatory_dqn_greedy,0,final,8,46,0.0
anticipatory_dqn_greedy,0,final,8,47,2850.0
anticipatory_dqn_greedy,0,final,8,48,2850.0
anticipatory_dqn_greedy,0,final,8,49,0.0
myopic_dqn_greedy,0,final,8,0,700.0
myopic_dqn_greedy,0,final,8,1,0.0
myopic_dqn_greedy,0,final,8,2,0.0
myopic_dqn_greedy,0,final,8,3,0.0
myopic_dqn_greedy,0,final,8,4,1475.0
myopic_dqn_greedy,0,final,8,5,900.0
myopic_dqn_greedy,0,final,8,6,1300.0
myopic_dqn_greedy,0,final,8,7,800.0
myopic_dqn_greedy,0,final,8,8,2650.0
myopic_dqn_greedy,0,final,8,9,2850.0
myopic_dqn_greedy,0,final,8,10,850.0
myopic_dqn_greedy,0,final,8,11,3050.0
myopic_dqn_greedy,0,final,8,12,2850.0
myopic_dqn_greedy,0,final,8,13,2850.0
myopic_dqn_greedy,0,final,8,14,0.0
myopic_dqn_greedy,0,final,8,15,2850.0
myopic_dqn_greedy,0,final,8,16,2075.0
myopic_dqn_greedy,0,final,8,17,1600.0
myopic_dqn_greedy,0,final,8,18,2075.0
myopic_dqn_greedy,0,final,8,19,2075.0
myopic_dqn_greedy,0,final,8,20,850.0
myopic_dqn_greedy,0,final,8,21,2275.0
myopic_dqn_greedy,0,final,8,22,1000.0
myopic_dqn_greedy,0,final,8,23,575.0
myopic_dqn_greedy,0,final,8,24,3100.0
myopic_dqn_greedy,0,final,8,25,2850.0
myopic_dqn_greedy,0,final,8,26,2075.0
myopic_dqn_greedy,0,final,8,27,2075.0
myopic_dqn_greedy,0,final,8,28,1675.0
myopic_dqn_greedy,0,final,8,29,2650.0
myopic_dqn_greedy,0,final,8,30,850.0
myopic_dqn_greedy,0,final,8,31,0.0
myopic_dqn_greedy,0,final,8,32,2275.0
myopic_dqn_greedy,0,final,8,33,2075.0
myopic_dqn_greedy,0,final,8,34,2075.0
myopic_dqn_greedy,0,final,8,35,2075.0
myopic_dqn_greedy,0,final,8,36,2075.0
myopic_dqn_greedy,0,final,8,37,0.0
myopic_dqn_greedy,0,final,8,38,0.0
myopic_dqn_greedy,0,final,8,39,1300.0
myopic_dqn_greedy,0,final,8,40,1300.0
myopic_dqn_greedy,0,final,8,41,900.0
myopic_dqn_greedy,0,final,8,42,2275.0
myopic_dqn_greedy,0,final,8,43,2850.0
myopic_dqn_greedy,0,final,8,44,2850.0
myopic_dqn_greedy,0,final,8,45,0.0
myopic_dqn_greedy,0,final,8,46,0.0
myopic_dqn_greedy,0,final,8,47,2850.0
myopic_dqn_greedy,0,final,8,48,2850.0
myopic_dqn_greedy,0,final,8,49,0.0
anticipatory_dqn_greedy,0,final,9,0,1400.0
anticipatory_dqn_greedy,0,final,9,1,1675.0
anticipatory_dqn_greedy,0,final,9,2,850.0
anticipatory_dqn_greedy,0,final,9,3,6350.0
anticipatory_dqn_greedy,0,final,9,4,6400.0
anticipatory_dqn_greedy,0,final,9,5,6400.0
anticipatory_dqn_greedy,0,final,9,6,6400.0
anticipatory_dqn_greedy,0,final,9,7,6400.0
anticipatory_dqn_greedy,0,final,9,8,1075.0
anticipatory_dqn_greedy,0,final,9,9,975.0
anticipatory_dqn_greedy,0,final,9,10,2850.0
anticipatory_dqn_greedy,0,final,9,11,2850.0
anticipatory_dqn_greedy,0,final,9,12,2850.0
anticipatory_dqn_greedy,0,final,9,13,2850.0
anticipatory_dqn_greedy,0,final,9,14,400.0
anticipatory_dqn_greedy,0,final,9,15,2750.0
anticipatory_dqn_greedy,0,final,9,16,2850.0
anticipatory_dqn_greedy,0,final,9,17,2850.0
anticipatory_dqn_greedy,0,final,9,18,900.0
anticipatory_dqn_greedy,0,final,9,19,3050.0
anticipatory_dqn_greedy,0,final,9,20,2075.0
anticipatory_dqn_greedy,0,final,9,21,2075.0
anticipatory_dqn_greedy,0,final,9,22,2850.0
anticipatory_dqn_greedy,0,final,9,23,2850.0
anticipatory_dqn_greedy,0,final,9,24,2075.0
anticipatory_dqn_greedy,0,final,9,25,1300.0
anticipatory_dqn_greedy,0,final,9,26,0.0
anticipatory_dqn_greedy,0,final,9,27,0.0
anticipatory_dqn_greedy,0,final,9,28,0.0
anticipatory_dqn_greedy,0,final,9,29,1300.0
anticipatory_dqn_greedy,0,final,9,30,0.0
anticipatory_dqn_greedy,0,final,9,31,1300.0
anticipatory_dqn_greedy,0,final,9,32,2075.0
anticipatory_dqn_greedy,0,final,9,33,2850.0
anticipatory_dqn_greedy,0,final,9,34,2075.0
anticipatory_dqn_greedy,0,final,9,35,100.0
anticipatory_dqn_greedy,0,final,9,36,0.0
anticipatory_dqn_greedy,0,final,9,37,1200.0
anticipatory_dqn_greedy,0,final,9,38,100.0
anticipatory_dqn_greedy,0,final,9,39,1975.0
anticipatory_dqn_greedy,0,final,9,40,2850.0
anticipatory_dqn_greedy,0,final,9,41,0.0
anticipatory_dqn_greedy,0,final,9,42,0.0
anticipatory_dqn_greedy,0,final,9,43,2075.0
anticipatory_dqn_greedy,0,final,9,44,1300.0
anticipatory_dqn_greedy,0,final,9,45,1300.0
anticipatory_dqn_greedy,0,final,9,46,1300.0
anticipatory_dqn_greedy,0,final,9,47,0.0
anticipatory_dqn_greedy,0,final,9,48,100.0
anticipatory_dqn_greedy,0,final,9,49,1975.0
myopic_dqn_greedy,0,final,9,0,1400.0
myopic_dqn_greedy,0,final,9,1,1675.0
myopic_dqn_greedy,0,final,9,2,850.0
myopic_dqn_greedy,0,final,9,3,1500.0
myopic_dqn_greedy,0,final,9,4,800.0
myopic_dqn_greedy,0,final,9,5,1875.0
myopic_dqn_greedy,0,final,9,6,2075.0
myopic_dqn_greedy,0,final,9,7,2075.0
myopic_dqn_greedy,0,final,9,8,1000.0
myopic_dqn_greedy,0,final,9,9,2175.0
myopic_dqn_greedy,0,final,9,10,2850.0
myopic_dqn_greedy,0,final,9,11,2850.0
myopic_dqn_greedy,0,final,9,12,2850.0
myopic_dqn_greedy,0,final,9,13,2850.0
myopic_dqn_greedy,0,final,9,14,400.0
myopic_dqn_greedy,0,final,9,15,3025.0
myopic_dqn_greedy,0,final,9,16,2850.0
myopic_dqn_greedy,0,final,9,17,2850.0
myopic_dqn_greedy,0,final,9,18,900.0
myopic_dqn_greedy,0,final,9,19,3050.0
myopic_dqn_greedy,0,final,9,20,2075.0
myopic_dqn_greedy,0,final,9,21,2075.0
myopic_dqn_greedy,0,final,9,22,2850.0
myopic_dqn_greedy,0,final,9,23,2850.0
myopic_dqn_greedy,0,final,9,24,2075.0
myopic_dqn_greedy,0,final,9,25,1300.0
myopic_dqn_greedy,0,final,9,26,0.0
myopic_dqn_greedy,0,final,9,27,0.0
myopic_dqn_greedy,0,final,9,28,0.0
myopic_dqn_greedy,0,final,9,29,1300.0
myopic_dqn_greedy,0,final,9,30,0.0
myopic_dqn_greedy,0,final,9,31,1300.0
myopic_dqn_greedy,0,final,9,32,2075.0
myopic_dqn_greedy,0,final,9,33,2850.0
myopic_dqn_greedy,0,final,9,34,2075.0
myopic_dqn_greedy,0,final,9,35,100.0
myopic_dqn_greedy,0,final,9,36,0.0
myopic_dqn_greedy,0,final,9,37,1200.0
myopic_dqn_greedy,0,final,9,38,100.0
myopic_dqn_greedy,0,final,9,39,1975.0
myopic_dqn_greedy,0,final,9,40,2850.0
myopic_dqn_greedy,0,final,9,41,0.0
myopic_dqn_greedy,0,final,9,42,0.0
myopic_dqn_greedy,0,final,9,43,2075.0
myopic_dqn_greedy,0,final,9,44,1300.0
myopic_dqn_greedy,0,final,9,45,1300.0
myopic_dqn_greedy,0,final,9,46,1300.0
myopic_dqn_greedy,0,final,9,47,300.0
myopic_dqn_greedy,0,final,9,48,400.0
myopic_dqn_greedy,0,final,9,49,1975.0
anticipatory_dqn_greedy,16,final,0,0,1400.0
anticipatory_dqn_greedy,16,final,0,1,1050.0
anticipatory_dqn_greedy,16,final,0,2,1825.0
anticipatory_dqn_greedy,16,final,0,3,2375.0
anticipatory_dqn_greedy,16,final,0,4,12700.0
anticipatory_dqn_greedy,16,final,0,5,2550.0
anticipatory_dqn_greedy,16,final,0,6,900.0
anticipatory_dqn_greedy,16,final,0,7,2275.0
anticipatory_dqn_greedy,16,final,0,8,2075.0
anticipatory_dqn_greedy,16,final,0,9,2075.0
anticipatory_dqn_greedy,16,final,0,10,1300.0
anticipatory_dqn_greedy,16,final,0,11,2075.0
anticipatory_dqn_greedy,16,final,0,12,2075.0
anticipatory_dqn_greedy,16,final,0,13,3200.0
anticipatory_dqn_greedy,16,final,0,14,900.0
anticipatory_dqn_greedy,16,final,0,15,2275.0
anticipatory_dqn_greedy,16,final,0,16,2075.0
anticipatory_dqn_greedy,16,final,0,17,2075.0
anticipatory_dqn_greedy,16,final,0,18,0.0
anticipatory_dqn_greedy,16,final,0,19,2075.0
anticipatory_dqn_greedy,16,final,0,20,10325.0
anticipatory_dqn_greedy,16,final,0,21,0.0
anticipatory_dqn_greedy,16,final,0,22,2125.0
anticipatory_dqn_greedy,16,final,0,23,0.0
anticipatory_dqn_greedy,16,final,0,24,0.0
anticipatory_dqn_greedy,16,final,0,25,2850.0
anticipatory_dqn_greedy,16,final,0,26,400.0
anticipatory_dqn_greedy,16,final,0,27,3025.0
anticipatory_dqn_greedy,16,final,0,28,2075.0
anticipatory_dqn_greedy,16,final,0,29,0.0
anticipatory_dqn_greedy,16,final,0,30,0.0
anticipatory_dqn_greedy,16,final,0,31,0.0
anticipatory_dqn_greedy,16,final,0,32,1850.0
anticipatory_dqn_greedy,16,final,0,33,1825.0
anticipatory_dqn_greedy,16,final,0,34,0.0
anticipatory_dqn_greedy,16,final,0,35,1050.0
anticipatory_dqn_greedy,16,final,0,36,0.0
anticipatory_dqn_greedy,16,final,0,37,0.0
anticipatory_dqn_greedy,16,final,0,38,650.0
anticipatory_dqn_greedy,16,final,0,39,0.0
anticipatory_dqn_greedy,16,final,0,40,0.0
anticipatory_dqn_greedy,16,final,0,41,0.0
anticipatory_dqn_greedy,16,final,0,42,1400.0
anticipatory_dqn_greedy,16,final,0,43,1500.0
anticipatory_dqn_greedy,16,final,0,44,1050.0
anticipatory_dqn_greedy,16,final,0,45,100.0
anticipatory_dqn_greedy,16,final,0,46,6400.0
anticipatory_dqn_greedy,16,final,0,47,0.0
anticipatory_dqn_greedy,16,final,0,48,0.0
anticipatory_dqn_greedy,16,final,0,49,0.0
myopic_dqn_greedy,16,final,0,0,2650.0
myopic_dqn_greedy,16,final,0,1,6400.0
myopic_dqn_greedy,16,final,0,2,6450.0
myopic_dqn_greedy,16,final,0,3,6525.0
myopic_dqn_greedy,16,final,0,4,12650.0
myopic_dqn_greedy,16,final,0,5,7500.0
myopic_dqn_greedy,16,final,0,6,3250.0
myopic_dqn_greedy,16,final,0,7,6400.0
myopic_dqn_greedy,16,final,0,8,6400.0
myopic_dqn_greedy,16,final,0,9,6400.0
myopic_dqn_greedy,16,final,0,10,6400.0
myopic_dqn_greedy,16,final,0,11,6400.0
myopic_dqn_greedy,16,final,0,12,6400.0
myopic_dqn_greedy,16,final,0,13,1625.0
myopic_dqn_greedy,16,final,0,14,14050.0
myopic_dqn_greedy,16,final,0,15,6350.0
myopic_dqn_greedy,16,final,0,16,12650.0
myopic_dqn_greedy,16,final,0,17,12800.0
myopic_dqn_greedy,16,final,0,18,14400.0
myopic_dqn_greedy,16,final,0,19,12650.0
myopic_dqn_greedy,16,final,0,20,3600.0
myopic_dqn_greedy,16,final,0,21,6575.0
myopic_dqn_greedy,16,final,0,22,1975.0
myopic_dqn_greedy,16,final,0,23,12375.0
myopic_dqn_greedy,16,final,0,24,12800.0
myopic_dqn_greedy,16,final,0,25,6400.0
myopic_dqn_greedy,16,final,0,26,3375.0
myopic_dqn_greedy,16,final,0,27,6475.0
myopic_dqn_greedy,16,final,0,28,3350.0
myopic_dqn_greedy,16,final,0,29,14325.0
myopic_dqn_greedy,16,final,0,30,2950.0
myopic_dqn_greedy,16,final,0,31,14375.0
myopic_dqn_greedy,16,final,0,32,25625.0
myopic_dqn_greedy,16,final,0,33,3350.0
myopic_dqn_greedy,16,final,0,34,14325.0
myopic_dqn_greedy,16,final,0,35,7500.0
myopic_dqn_greedy,16,final,0,36,12800.0
myopic_dqn_greedy,16,final,0,37,12800.0
myopic_dqn_greedy,16,final,0,38,3325.0
myopic_dqn_greedy,16,final,0,39,12800.0
myopic_dqn_greedy,16,final,0,40,12800.0
myopic_dqn_greedy,16,final,0,41,12800.0
myopic_dqn_greedy,16,final,0,42,6500.0
myopic_dqn_greedy,16,final,0,43,6400.0
myopic_dqn_greedy,16,final,0,44,3350.0
myopic_dqn_greedy,16,final,0,45,6350.0
myopic_dqn_greedy,16,final,0,46,3000.0
myopic_dqn_greedy,16,final,0,47,14375.0
myopic_dqn_greedy,16,final,0,48,14400.0
myopic_dqn_greedy,16,final,0,49,6525.0
anticipatory_dqn_greedy,16,final,1,0,1475.0
anticipatory_dqn_greedy,16,final,1,1,800.0
anticipatory_dqn_greedy,16,final,1,2,450.0
anticipatory_dqn_greedy,16,final,1,3,650.0
anticipatory_dqn_greedy,16,final,1,4,0.0
anticipatory_dqn_greedy,16,final,1,5,1525.0
anticipatory_dqn_greedy,16,final,1,6,2075.0
anticipatory_dqn_greedy,16,final,1,7,4775.0
anticipatory_dqn_greedy,16,final,1,8,0.0
anticipatory_dqn_greedy,16,final,1,9,0.0
anticipatory_dqn_greedy,16,final,1,10,100.0
anticipatory_dqn_greedy,16,final,1,11,2075.0
anticipatory_dqn_greedy,16,final,1,12,2850.0
anticipatory_dqn_greedy,16,final,1,13,2075.0
anticipatory_dqn_greedy,16,final,1,14,900.0
anticipatory_dqn_greedy,16,final,1,15,850.0
anticipatory_dqn_greedy,16,final,1,16,0.0
anticipatory_dqn_greedy,16,final,1,17,0.0
anticipatory_dqn_greedy,16,final,1,18,2275.0
anticipatory_dqn_greedy,16,final,1,19,2850.0
anticipatory_dqn_greedy,16,final,1,20,2075.0
anticipatory_dqn_greedy,16,final,1,21,2075.0
anticipatory_dqn_greedy,16,final,1,22,2850.0
anticipatory_dqn_greedy,16,final,1,23,2075.0
anticipatory_dqn_greedy,16,final,1,24,900.0
anticipatory_dqn_greedy,16,final,1,25,0.0
anticipatory_dqn_greedy,16,final,1,26,2275.0
anticipatory_dqn_greedy,16,final,1,27,2075.0
anticipatory_dqn_greedy,16,final,1,28,2075.0
anticipatory_dqn_greedy,16,final,1,29,2850.0
anticipatory_dqn_greedy,16,final,1,30,0.0
anticipatory_dqn_greedy,16,final,1,31,0.0
anticipatory_dqn_greedy,16,final,1,32,2850.0
anticipatory_dqn_greedy,16,final,1,33,2075.0
anticipatory_dqn_greedy,16,final,1,34,1300.0
anticipatory_dqn_greedy,16,final,1,35,2075.0
anticipatory_dqn_greedy,16,final,1,36,0.0
anticipatory_dqn_greedy,16,final,1,37,0.0
anticipatory_dqn_greedy,16,final,1,38,1100.0
anticipatory_dqn_greedy,16,final,1,39,2075.0
anticipatory_dqn_greedy,16,final,1,40,3400.0
anticipatory_dqn_greedy,16,final,1,41,6575.0
anticipatory_dqn_greedy,16,final,1,42,2375.0
anticipatory_dqn_greedy,16,final,1,43,0.0
anticipatory_dqn_greedy,16,final,1,44,850.0
anticipatory_dqn_greedy,16,final,1,45,3050.0
anticipatory_dqn_greedy,16,final,1,46,2850.0
anticipatory_dqn_greedy,16,final,1,47,700.0
anticipatory_dqn_greedy,16,final,1,48,0.0
anticipatory_dqn_greedy,16,final,1,49,1975.0
myopic_dqn_greedy,16,final,1,0,12300.0
myopic_dqn_greedy,16,final,1,1,12800.0
myopic_dqn_greedy,16,final,1,2,25525.0
myopic_dqn_greedy,16,final,1,3,6600.0
myopic_dqn_greedy,16,final,1,4,12700.0
myopic_dqn_greedy,16,final,1,5,3400.0
myopic_dqn_greedy,16,final,1,6,6400.0
myopic_dqn_greedy,16,final,1,7,7500.0
myopic_dqn_greedy,16,final,1,8,6500.0
myopic_dqn_greedy,16,final,1,9,6400.0
myopic_dqn_greedy,16,final,1,10,3600.0
myopic_dqn_greedy,16,final,1,11,6400.0
myopic_dqn_greedy,16,final,1,12,6400.0
myopic_dqn_greedy,16,final,1,13,3200.0
myopic_dqn_greedy,16,final,1,14,6400.0
myopic_dqn_greedy,16,final,1,15,6400.0
myopic_dqn_greedy,16,final,1,16,6400.0
myopic_dqn_greedy,16,final,1,17,6400.0
myopic_dqn_greedy,16,final,1,18,6400.0
myopic_dqn_greedy,16,final,1,19,6400.0
myopic_dqn_greedy,16,final,1,20,3200.0
myopic_dqn_greedy,16,final,1,21,6400.0
myopic_dqn_greedy,16,final,1,22,6400.0
myopic_dqn_greedy,16,final,1,23,3200.0
myopic_dqn_greedy,16,final,1,24,6400.0
myopic_dqn_greedy,16,final,1,25,6400.0
myopic_dqn_greedy,16,final,1,26,6400.0
myopic_dqn_greedy,16,final,1,27,3200.0
myopic_dqn_greedy,16,final,1,28,6400.0
myopic_dqn_greedy,16,final,1,29,6400.0
myopic_dqn_greedy,16,final,1,30,6400.0
myopic_dqn_greedy,16,final,1,31,6400.0
myopic_dqn_greedy,16,final,1,32,6400.0
myopic_dqn_greedy,16,final,1,33,3200.0
myopic_dqn_greedy,16,final,1,34,3200.0
myopic_dqn_greedy,16,final,1,35,6400.0
myopic_dqn_greedy,16,final,1,36,6400.0
myopic_dqn_greedy,16,final,1,37,6400.0
myopic_dqn_greedy,16,final,1,38,6400.0
myopic_dqn_greedy,16,final,1,39,3200.0
myopic_dqn_greedy,16,final,1,40,6525.0
myopic_dqn_greedy,16,final,1,41,6400.0
myopic_dqn_greedy,16,final,1,42,12800.0
myopic_dqn_greedy,16,final,1,43,14400.0
myopic_dqn_greedy,16,final,1,44,14375.0
myopic_dqn_greedy,16,final,1,45,6525.0
myopic_dqn_greedy,16,final,1,46,6400.0
myopic_dqn_greedy,16,final,1,47,9500.0
myopic_dqn_greedy,16,final,1,48,9650.0
myopic_dqn_greedy,16,final,1,49,1600.0
anticipatory_dqn_greedy,16,final,2,0,650.0
anticipatory_dqn_greedy,16,final,2,1,1850.0
anticipatory_dqn_greedy,16,final,2,2,1300.0
anticipatory_dqn_greedy,16,final,2,3,6400.0
anticipatory_dqn_greedy,16,final,2,4,1000.0
anticipatory_dqn_greedy,16,final,2,5,1525.0
anticipatory_dqn_greedy,16,final,2,6,900.0
anticipatory_dqn_greedy,16,final,2,7,2275.0
anticipatory_dqn_greedy,16,final,2,8,2075.0
anticipatory_dqn_greedy,16,final,2,9,1300.0
anticipatory_dqn_greedy,16,final,2,10,2075.0
anticipatory_dqn_greedy,16,final,2,11,2075.0
anticipatory_dqn_greedy,16,final,2,12,1300.0
anticipatory_dqn_greedy,16,final,2,13,0.0
anticipatory_dqn_greedy,16,final,2,14,1750.0
anticipatory_dqn_greedy,16,final,2,15,2275.0
anticipatory_dqn_greedy,16,final,2,16,0.0
anticipatory_dqn_greedy,16,final,2,17,0.0
anticipatory_dqn_greedy,16,final,2,18,2075.0
anticipatory_dqn_greedy,16,final,2,19,1300.0
anticipatory_dqn_greedy,16,final,2,20,1300.0
anticipatory_dqn_greedy,16,final,2,21,2075.0
anticipatory_dqn_greedy,16,final,2,22,2075.0
anticipatory_dqn_greedy,16,final,2,23,2075.0
anticipatory_dqn_greedy,16,final,2,24,0.0
anticipatory_dqn_greedy,16,final,2,25,0.0
anticipatory_dqn_greedy,16,final,2,26,2850.0
anticipatory_dqn_greedy,16,final,2,27,2850.0
anticipatory_dqn_greedy,16,final,2,28,2850.0
anticipatory_dqn_greedy,16,final,2,29,2075.0
anticipatory_dqn_greedy,16,final,2,30,2075.0
anticipatory_dqn_greedy,16,final,2,31,2850.0
anticipatory_dqn_greedy,16,final,2,32,2075.0
anticipatory_dqn_greedy,16,final,2,33,1300.0
anticipatory_dqn_greedy,16,final,2,34,2075.0
anticipatory_dqn_greedy,16,final,2,35,2075.0
anticipatory_dqn_greedy,16,final,2,36,1300.0
anticipatory_dqn_greedy,16,final,2,37,2075.0
anticipatory_dqn_greedy,16,final,2,38,2850.0
anticipatory_dqn_greedy,16,final,2,39,950.0
anticipatory_dqn_greedy,16,final,2,40,850.0
anticipatory_dqn_greedy,16,final,2,41,3050.0
anticipatory_dqn_greedy,16,final,2,42,2075.0
anticipatory_dqn_greedy,16,final,2,43,0.0
anticipatory_dqn_greedy,16,final,2,44,900.0
anticipatory_dqn_greedy,16,final,2,45,0.0
anticipatory_dqn_greedy,16,final,2,46,0.0
anticipatory_dqn_greedy,16,final,2,47,2275.0
anticipatory_dqn_greedy,16,final,2,48,2075.0
anticipatory_dqn_greedy,16,final,2,49,400.0
myopic_dqn_greedy,16,final,2,0,6850.0
myopic_dqn_greedy,16,final,2,1,1600.0
myopic_dqn_greedy,16,final,2,2,6400.0
myopic_dqn_greedy,16,final,2,3,6400.0
myopic_dqn_greedy,16,final,2,4,3350.0
myopic_dqn_greedy,16,final,2,5,12675.0
myopic_dqn_greedy,16,final,2,6,6350.0
myopic_dqn_greedy,16,final,2,7,12550.0
myopic_dqn_greedy,16,final,2,8,12800.0
myopic_dqn_greedy,16,final,2,9,12800.0
myopic_dqn_greedy,16,final,2,10,12800.0
myopic_dqn_greedy,16,final,2,11,12800.0
myopic_dqn_greedy,16,final,2,12,12800.0
myopic_dqn_greedy,16,final,2,13,6350.0
myopic_dqn_greedy,16,final,2,14,6400.0
myopic_dqn_greedy,16,final,2,15,12550.0
myopic_dqn_greedy,16,final,2,16,6350.0
myopic_dqn_greedy,16,final,2,17,14275.0
myopic_dqn_greedy,16,final,2,18,12650.0
myopic_dqn_greedy,16,final,2,19,12800.0
myopic_dqn_greedy,16,final,2,20,12800.0
myopic_dqn_greedy,16,final,2,21,12800.0
myopic_dqn_greedy,16,final,2,22,12800.0
myopic_dqn_greedy,16,final,2,23,12800.0
myopic_dqn_greedy,16,final,2,24,6350.0
myopic_dqn_greedy,16,final,2,25,14275.0
myopic_dqn_greedy,16,final,2,26,6500.0
myopic_dqn_greedy,16,final,2,27,6400.0
myopic_dqn_greedy,16,final,2,28,6400.0
myopic_dqn_greedy,16,final,2,29,12650.0
myopic_dqn_greedy,16,final,2,30,6500.0
myopic_dqn_greedy,16,final,2,31,6400.0
myopic_dqn_greedy,16,final,2,32,12800.0
myopic_dqn_greedy,16,final,2,33,12800.0
myopic_dqn_greedy,16,final,2,34,6400.0
myopic_dqn_greedy,16,final,2,35,12800.0
myopic_dqn_greedy,16,final,2,36,12800.0
myopic_dqn_greedy,16,final,2,37,6400.0
myopic_dqn_greedy,16,final,2,38,6400.0
myopic_dqn_greedy,16,final,2,39,14100.0
myopic_dqn_greedy,16,final,2,40,12725.0
myopic_dqn_greedy,16,final,2,41,6425.0
myopic_dqn_greedy,16,final,2,42,12625.0
myopic_dqn_greedy,16,final,2,43,12800.0
myopic_dqn_greedy,16,final,2,44,12800.0
myopic_dqn_greedy,16,final,2,45,12800.0
myopic_dqn_greedy,16,final,2,46,12800.0
myopic_dqn_greedy,16,final,2,47,6425.0
myopic_dqn_greedy,16,final,2,48,12625.0
myopic_dqn_greedy,16,final,2,49,6500.0
anticipatory_dqn_greedy,16,final,3,0,700.0
anticipatory_dqn_greedy,16,final,3,1,0.0
anticipatory_dqn_greedy,16,final,3,2,0.0
anticipatory_dqn_greedy,16,final,3,3,1475.0
anticipatory_dqn_greedy,16,final,3,4,1300.0
anticipatory_dqn_greedy,16,final,3,5,800.0
anticipatory_dqn_greedy,16,final,3,6,1875.0
anticipatory_dqn_greedy,16,final,3,7,2075.0
anticipatory_dqn_greedy,16,final,3,8,2075.0
anticipatory_dqn_greedy,16,final,3,9,0.0
anticipatory_dqn_greedy,16,final,3,10,2075.0
anticipatory_dqn_greedy,16,final,3,11,2850.0
anticipatory_dqn_greedy,16,final,3,12,2850.0
anticipatory_dqn_greedy,16,final,3,13,2075.0
anticipatory_dqn_greedy,16,final,3,14,2075.0
anticipatory_dqn_greedy,16,final,3,15,2075.0
anticipatory_dqn_greedy,16,final,3,16,1300.0
anticipatory_dqn_greedy,16,final,3,17,0.0
anticipatory_dqn_greedy,16,final,3,18,1300.0
anticipatory_dqn_greedy,16,final,3,19,0.0
anticipatory_dqn_greedy,16,final,3,20,0.0
anticipatory_dqn_greedy,16,final,3,21,1300.0
anticipatory_dqn_greedy,16,final,3,22,2075.0
anticipatory_dqn_greedy,16,final,3,23,0.0
anticipatory_dqn_greedy,16,final,3,24,0.0
anticipatory_dqn_greedy,16,final,3,25,2075.0
anticipatory_dqn_greedy,16,final,3,26,0.0
anticipatory_dqn_greedy,16,final,3,27,700.0
anticipatory_dqn_greedy,16,final,3,28,0.0
anticipatory_dqn_greedy,16,final,3,29,0.0
anticipatory_dqn_greedy,16,final,3,30,1200.0
anticipatory_dqn_greedy,16,final,3,31,900.0
anticipatory_dqn_greedy,16,final,3,32,900.0
anticipatory_dqn_greedy,16,final,3,33,1725.0
anticipatory_dqn_greedy,16,final,3,34,1050.0
anticipatory_dqn_greedy,16,final,3,35,2150.0
anticipatory_dqn_greedy,16,final,3,36,1050.0
anticipatory_dqn_greedy,16,final,3,37,250.0
anticipatory_dqn_greedy,16,final,3,38,1050.0
anticipatory_dqn_greedy,16,final,3,39,1050.0
anticipatory_dqn_greedy,16,final,3,40,850.0
anticipatory_dqn_greedy,16,final,3,41,0.0
anticipatory_dqn_greedy,16,final,3,42,1150.0
anticipatory_dqn_greedy,16,final,3,43,950.0
anticipatory_dqn_greedy,16,final,3,44,1050.0
anticipatory_dqn_greedy,16,final,3,45,600.0
anticipatory_dqn_greedy,16,final,3,46,1050.0
anticipatory_dqn_greedy,16,final,3,47,1050.0
anticipatory_dqn_greedy,16,final,3,48,600.0
anticipatory_dqn_greedy,16,final,3,49,600.0
myopic_dqn_greedy,16,final,3,0,700.0
myopic_dqn_greedy,16,final,3,1,0.0
myopic_dqn_greedy,16,final,3,2,0.0
myopic_dqn_greedy,16,final,3,3,6850.0
myopic_dqn_greedy,16,final,3,4,6400.0
myopic_dqn_greedy,16,final,3,5,12450.0
myopic_dqn_greedy,16,final,3,6,12800.0
myopic_dqn_greedy,16,final,3,7,12800.0
myopic_dqn_greedy,16,final,3,8,12800.0
myopic_dqn_greedy,16,final,3,9,11200.0
myopic_dqn_greedy,16,final,3,10,12800.0
myopic_dqn_greedy,16,final,3,11,12800.0
myopic_dqn_greedy,16,final,3,12,12800.0
myopic_dqn_greedy,16,final,3,13,12800.0
myopic_dqn_greedy,16,final,3,14,12800.0
myopic_dqn_greedy,16,final,3,15,12800.0
myopic_dqn_greedy,16,final,3,16,12800.0
myopic_dqn_greedy,16,final,3,17,11200.0
myopic_dqn_greedy,16,final,3,18,12800.0
myopic_dqn_greedy,16,final,3,19,11200.0
myopic_dqn_greedy,16,final,3,20,1850.0
myopic_dqn_greedy,16,final,3,21,12625.0
myopic_dqn_greedy,16,final,3,22,7500.0
myopic_dqn_greedy,16,final,3,23,6500.0
myopic_dqn_greedy,16,final,3,24,6400.0
myopic_dqn_greedy,16,final,3,25,12450.0
myopic_dqn_greedy,16,final,3,26,3850.0
myopic_dqn_greedy,16,final,3,27,3200.0
myopic_dqn_greedy,16,final,3,28,3200.0
myopic_dqn_greedy,16,final,3,29,14225.0
myopic_dqn_greedy,16,final,3,30,3325.0
myopic_dqn_greedy,16,final,3,31,3200.0
myopic_dqn_greedy,16,final,3,32,14400.0
myopic_dqn_greedy,16,final,3,33,3200.0
myopic_dqn_greedy,16,final,3,34,3200.0
myopic_dqn_greedy,16,final,3,35,3200.0
myopic_dqn_greedy,16,final,3,36,3200.0
myopic_dqn_greedy,16,final,3,37,3200.0
myopic_dqn_greedy,16,final,3,38,3200.0
myopic_dqn_greedy,16,final,3,39,3200.0
myopic_dqn_greedy,16,final,3,40,3200.0
myopic_dqn_greedy,16,final,3,41,3200.0
myopic_dqn_greedy,16,final,3,42,3200.0
myopic_dqn_greedy,16,final,3,43,3200.0
myopic_dqn_greedy,16,final,3,44,3200.0
myopic_dqn_greedy,16,final,3,45,3200.0
myopic_dqn_greedy,16,final,3,46,3200.0
myopic_dqn_greedy,16,final,3,47,3200.0
myopic_dqn_greedy,16,final,3,48,3200.0
myopic_dqn_greedy,16,final,3,49,3200.0
anticipatory_dqn_greedy,16,final,4,0,1600.0
anticipatory_dqn_greedy,16,final,4,1,650.0
anticipatory_dqn_greedy,16,final,4,2,0.0
anticipatory_dqn_greedy,16,final,4,3,400.0
anticipatory_dqn_greedy,16,final,4,4,0.0
anticipatory_dqn_greedy,16,final,4,5,0.0
anticipatory_dqn_greedy,16,final,4,6,1975.0
anticipatory_dqn_greedy,16,final,4,7,0.0
anticipatory_dqn_greedy,16,final,4,8,0.0
anticipatory_dqn_greedy,16,final,4,9,2075.0
anticipatory_dqn_greedy,16,final,4,10,0.0
anticipatory_dqn_greedy,16,final,4,11,100.0
anticipatory_dqn_greedy,16,final,4,12,3450.0
anticipatory_dqn_greedy,16,final,4,13,2275.0
anticipatory_dqn_greedy,16,final,4,14,0.0
anticipatory_dqn_greedy,16,final,4,15,0.0
anticipatory_dqn_greedy,16,final,4,16,6500.0
anticipatory_dqn_greedy,16,final,4,17,2700.0
anticipatory_dqn_greedy,16,final,4,18,6400.0
anticipatory_dqn_greedy,16,final,4,19,2075.0
anticipatory_dqn_greedy,16,final,4,20,2850.0
anticipatory_dqn_greedy,16,final,4,21,900.0
anticipatory_dqn_greedy,16,final,4,22,2525.0
anticipatory_dqn_greedy,16,final,4,23,600.0
anticipatory_dqn_greedy,16,final,4,24,250.0
anticipatory_dqn_greedy,16,final,4,25,2250.0
anticipatory_dqn_greedy,16,final,4,26,250.0
anticipatory_dqn_greedy,16,final,4,27,900.0
anticipatory_dqn_greedy,16,final,4,28,1050.0
anticipatory_dqn_greedy,16,final,4,29,450.0
anticipatory_dqn_greedy,16,final,4,30,0.0
anticipatory_dqn_greedy,16,final,4,31,0.0
anticipatory_dqn_greedy,16,final,4,32,1050.0
anticipatory_dqn_greedy,16,final,4,33,0.0
anticipatory_dqn_greedy,16,final,4,34,1050.0
anticipatory_dqn_greedy,16,final,4,35,0.0
anticipatory_dqn_greedy,16,final,4,36,0.0
anticipatory_dqn_greedy,16,final,4,37,1050.0
anticipatory_dqn_greedy,16,final,4,38,0.0
anticipatory_dqn_greedy,16,final,4,39,0.0
anticipatory_dqn_greedy,16,final,4,40,1850.0
anticipatory_dqn_greedy,16,final,4,41,12700.0
anticipatory_dqn_greedy,16,final,4,42,800.0
anticipatory_dqn_greedy,16,final,4,43,0.0
anticipatory_dqn_greedy,16,final,4,44,1250.0
anticipatory_dqn_greedy,16,final,4,45,0.0
anticipatory_dqn_greedy,16,final,4,46,0.0
anticipatory_dqn_greedy,16,final,4,47,500.0
anticipatory_dqn_greedy,16,final,4,48,0.0
anticipatory_dqn_greedy,16,final,4,49,0.0
myopic_dqn_greedy,16,final,4,0,3425.0
myopic_dqn_greedy,16,final,4,1,12800.0
myopic_dqn_greedy,16,final,4,2,0.0
myopic_dqn_greedy,16,final,4,3,12800.0
myopic_dqn_greedy,16,final,4,4,0.0
myopic_dqn_greedy,16,final,4,5,12800.0
myopic_dqn_greedy,16,final,4,6,12800.0
myopic_dqn_greedy,16,final,4,7,0.0
myopic_dqn_greedy,16,final,4,8,0.0
myopic_dqn_greedy,16,final,4,9,12800.0
myopic_dqn_greedy,16,final,4,10,0.0
myopic_dqn_greedy,16,final,4,11,12800.0
myopic_dqn_greedy,16,final,4,12,3250.0
myopic_dqn_greedy,16,final,4,13,12325.0
myopic_dqn_greedy,16,final,4,14,6400.0
myopic_dqn_greedy,16,final,4,15,6400.0
myopic_dqn_greedy,16,final,4,16,12825.0
myopic_dqn_greedy,16,final,4,17,12775.0
myopic_dqn_greedy,16,final,4,18,6400.0
myopic_dqn_greedy,16,final,4,19,12800.0
myopic_dqn_greedy,16,final,4,20,12800.0
myopic_dqn_greedy,16,final,4,21,6400.0
myopic_dqn_greedy,16,final,4,22,12800.0
myopic_dqn_greedy,16,final,4,23,12825.0
myopic_dqn_greedy,16,final,4,24,12625.0
myopic_dqn_greedy,16,final,4,25,12650.0
myopic_dqn_greedy,16,final,4,26,12625.0
myopic_dqn_greedy,16,final,4,27,14225.0
myopic_dqn_greedy,16,final,4,28,14375.0
myopic_dqn_greedy,16,final,4,29,12825.0
myopic_dqn_greedy,16,final,4,30,14150.0
myopic_dqn_greedy,16,final,4,31,14400.0
myopic_dqn_greedy,16,final,4,32,6400.0
myopic_dqn_greedy,16,final,4,33,4800.0
myopic_dqn_greedy,16,final,4,34,12650.0
myopic_dqn_greedy,16,final,4,35,10025.0
myopic_dqn_greedy,16,final,4,36,10200.0
myopic_dqn_greedy,16,final,4,37,6400.0
myopic_dqn_greedy,16,final,4,38,14400.0
myopic_dqn_greedy,16,final,4,39,14400.0
myopic_dqn_greedy,16,final,4,40,6400.0
myopic_dqn_greedy,16,final,4,41,6400.0
myopic_dqn_greedy,16,final,4,42,12650.0
myopic_dqn_greedy,16,final,4,43,10025.0
myopic_dqn_greedy,16,final,4,44,9450.0
myopic_dqn_greedy,16,final,4,45,4775.0
myopic_dqn_greedy,16,final,4,46,1625.0
myopic_dqn_greedy,16,final,4,47,12675.0
myopic_dqn_greedy,16,final,4,48,1800.0
myopic_dqn_greedy,16,final,4,49,5050.0
anticipatory_dqn_greedy,16,final,5,0,0.0
anticipatory_dqn_greedy,16,final,5,1,650.0
anticipatory_dqn_greedy,16,final,5,2,1875.0
anticipatory_dqn_greedy,16,final,5,3,2075.0
anticipatory_dqn_greedy,16,final,5,4,0.0
anticipatory_dqn_greedy,16,final,5,5,2850.0
anticipatory_dqn_greedy,16,final,5,6,700.0
anticipatory_dqn_greedy,16,final,5,7,0.0
anticipatory_dqn_greedy,16,final,5,8,2750.0
anticipatory_dqn_greedy,16,final,5,9,2075.0
anticipatory_dqn_greedy,16,final,5,10,0.0
anticipatory_dqn_greedy,16,final,5,11,2075.0
anticipatory_dqn_greedy,16,final,5,12,100.0
anticipatory_dqn_greedy,16,final,5,13,2750.0
anticipatory_dqn_greedy,16,final,5,14,2075.0
anticipatory_dqn_greedy,16,final,5,15,1300.0
anticipatory_dqn_greedy,16,final,5,16,14375.0
anticipatory_dqn_greedy,16,final,5,17,925.0
anticipatory_dqn_greedy,16,final,5,18,2275.0
anticipatory_dqn_greedy,16,final,5,19,0.0
anticipatory_dqn_greedy,16,final,5,20,0.0
anticipatory_dqn_greedy,16,final,5,21,950.0
anticipatory_dqn_greedy,16,final,5,22,2075.0
anticipatory_dqn_greedy,16,final,5,23,2175.0
anticipatory_dqn_greedy,16,final,5,24,1300.0
anticipatory_dqn_greedy,16,final,5,25,1550.0
anticipatory_dqn_greedy,16,final,5,26,1050.0
anticipatory_dqn_greedy,16,final,5,27,6400.0
anticipatory_dqn_greedy,16,final,5,28,6400.0
anticipatory_dqn_greedy,16,final,5,29,0.0
anticipatory_dqn_greedy,16,final,5,30,900.0
anticipatory_dqn_greedy,16,final,5,31,2100.0
anticipatory_dqn_greedy,16,final,5,32,1200.0
anticipatory_dqn_greedy,16,final,5,33,700.0
anticipatory_dqn_greedy,16,final,5,34,0.0
anticipatory_dqn_greedy,16,final,5,35,0.0
anticipatory_dqn_greedy,16,final,5,36,1050.0
anticipatory_dqn_greedy,16,final,5,37,1850.0
anticipatory_dqn_greedy,16,final,5,38,1050.0
anticipatory_dqn_greedy,16,final,5,39,1175.0
anticipatory_dqn_greedy,16,final,5,40,250.0
anticipatory_dqn_greedy,16,final,5,41,250.0
anticipatory_dqn_greedy,16,final,5,42,1050.0
anticipatory_dqn_greedy,16,final,5,43,1850.0
anticipatory_dqn_greedy,16,final,5,44,1050.0
anticipatory_dqn_greedy,16,final,5,45,900.0
anticipatory_dqn_greedy,16,final,5,46,1250.0
anticipatory_dqn_greedy,16,final,5,47,850.0
anticipatory_dqn_greedy,16,final,5,48,0.0
anticipatory_dqn_greedy,16,final,5,49,0.0
myopic_dqn_greedy,16,final,5,0,0.0
myopic_dqn_greedy,16,final,5,1,6850.0
myopic_dqn_greedy,16,final,5,2,12650.0
myopic_dqn_greedy,16,final,5,3,12800.0
myopic_dqn_greedy,16,final,5,4,14400.0
myopic_dqn_greedy,16,final,5,5,6500.0
myopic_dqn_greedy,16,final,5,6,12600.0
myopic_dqn_greedy,16,final,5,7,12625.0
myopic_dqn_greedy,16,final,5,8,6400.0
myopic_dqn_greedy,16,final,5,9,3350.0
myopic_dqn_greedy,16,final,5,10,12825.0
myopic_dqn_greedy,16,final,5,11,7500.0
myopic_dqn_greedy,16,final,5,12,3325.0
myopic_dqn_greedy,16,final,5,13,6500.0
myopic_dqn_greedy,16,final,5,14,3350.0
myopic_dqn_greedy,16,final,5,15,3200.0
myopic_dqn_greedy,16,final,5,16,8975.0
myopic_dqn_greedy,16,final,5,17,14400.0
myopic_dqn_greedy,16,final,5,18,7500.0
myopic_dqn_greedy,16,final,5,19,12800.0
myopic_dqn_greedy,16,final,5,20,12800.0
myopic_dqn_greedy,16,final,5,21,9175.0
myopic_dqn_greedy,16,final,5,22,3200.0
myopic_dqn_greedy,16,final,5,23,3200.0
myopic_dqn_greedy,16,final,5,24,6350.0
myopic_dqn_greedy,16,final,5,25,3250.0
myopic_dqn_greedy,16,final,5,26,6475.0
myopic_dqn_greedy,16,final,5,27,6400.0
myopic_dqn_greedy,16,final,5,28,6400.0
myopic_dqn_greedy,16,final,5,29,12800.0
myopic_dqn_greedy,16,final,5,30,12800.0
myopic_dqn_greedy,16,final,5,31,6400.0
myopic_dqn_greedy,16,final,5,32,12800.0
myopic_dqn_greedy,16,final,5,33,3400.0
myopic_dqn_greedy,16,final,5,34,12800.0
myopic_dqn_greedy,16,final,5,35,14400.0
myopic_dqn_greedy,16,final,5,36,7500.0
myopic_dqn_greedy,16,final,5,37,6400.0
myopic_dqn_greedy,16,final,5,38,3400.0
myopic_dqn_greedy,16,final,5,39,9125.0
myopic_dqn_greedy,16,final,5,40,3325.0
myopic_dqn_greedy,16,final,5,41,3200.0
myopic_dqn_greedy,16,final,5,42,7500.0
myopic_dqn_greedy,16,final,5,43,6400.0
myopic_dqn_greedy,16,final,5,44,3400.0
myopic_dqn_greedy,16,final,5,45,12800.0
myopic_dqn_greedy,16,final,5,46,7500.0
myopic_dqn_greedy,16,final,5,47,12800.0
myopic_dqn_greedy,16,final,5,48,12800.0
myopic_dqn_greedy,16,final,5,49,12800.0
anticipatory_dqn_greedy,16,final,6,0,700.0
anticipatory_dqn_greedy,16,final,6,1,0.0
anticipatory_dqn_greedy,16,final,6,2,300.0
anticipatory_dqn_greedy,16,final,6,3,0.0
anticipatory_dqn_greedy,16,final,6,4,1775.0
anticipatory_dqn_greedy,16,final,6,5,0.0
anticipatory_dqn_greedy,16,final,6,6,1300.0
anticipatory_dqn_greedy,16,final,6,7,0.0
anticipatory_dqn_greedy,16,final,6,8,1300.0
anticipatory_dqn_greedy,16,final,6,9,1300.0
anticipatory_dqn_greedy,16,final,6,10,800.0
anticipatory_dqn_greedy,16,final,6,11,400.0
anticipatory_dqn_greedy,16,final,6,12,2750.0
anticipatory_dqn_greedy,16,final,6,13,2075.0
anticipatory_dqn_greedy,16,final,6,14,0.0
anticipatory_dqn_greedy,16,final,6,15,0.0
anticipatory_dqn_greedy,16,final,6,16,0.0
anticipatory_dqn_greedy,16,final,6,17,1300.0
anticipatory_dqn_greedy,16,final,6,18,100.0
anticipatory_dqn_greedy,16,final,6,19,1200.0
anticipatory_dqn_greedy,16,final,6,20,1300.0
anticipatory_dqn_greedy,16,final,6,21,0.0
anticipatory_dqn_greedy,16,final,6,22,2075.0
anticipatory_dqn_greedy,16,final,6,23,14225.0
anticipatory_dqn_greedy,16,final,6,24,0.0
anticipatory_dqn_greedy,16,final,6,25,0.0
anticipatory_dqn_greedy,16,final,6,26,0.0
anticipatory_dqn_greedy,16,final,6,27,3050.0
anticipatory_dqn_greedy,16,final,6,28,2850.0
anticipatory_dqn_greedy,16,final,6,29,0.0
anticipatory_dqn_greedy,16,final,6,30,2075.0
anticipatory_dqn_greedy,16,final,6,31,1300.0
anticipatory_dqn_greedy,16,final,6,32,0.0
anticipatory_dqn_greedy,16,final,6,33,2075.0
anticipatory_dqn_greedy,16,final,6,34,2850.0
anticipatory_dqn_greedy,16,final,6,35,2075.0
anticipatory_dqn_greedy,16,final,6,36,0.0
anticipatory_dqn_greedy,16,final,6,37,0.0
anticipatory_dqn_greedy,16,final,6,38,0.0
anticipatory_dqn_greedy,16,final,6,39,2075.0
anticipatory_dqn_greedy,16,final,6,40,2075.0
anticipatory_dqn_greedy,16,final,6,41,2075.0
anticipatory_dqn_greedy,16,final,6,42,0.0
anticipatory_dqn_greedy,16,final,6,43,2075.0
anticipatory_dqn_greedy,16,final,6,44,2075.0
anticipatory_dqn_greedy,16,final,6,45,2850.0
anticipatory_dqn_greedy,16,final,6,46,0.0
anticipatory_dqn_greedy,16,final,6,47,2075.0
anticipatory_dqn_greedy,16,final,6,48,0.0
anticipatory_dqn_greedy,16,final,6,49,2075.0
myopic_dqn_greedy,16,final,6,0,700.0
myopic_dqn_greedy,16,final,6,1,0.0
myopic_dqn_greedy,16,final,6,2,4325.0
myopic_dqn_greedy,16,final,6,3,11200.0
myopic_dqn_greedy,16,final,6,4,12800.0
myopic_dqn_greedy,16,final,6,5,6350.0
myopic_dqn_greedy,16,final,6,6,12725.0
myopic_dqn_greedy,16,final,6,7,11225.0
myopic_dqn_greedy,16,final,6,8,12625.0
myopic_dqn_greedy,16,final,6,9,12800.0
myopic_dqn_greedy,16,final,6,10,12800.0
myopic_dqn_greedy,16,final,6,11,3200.0
myopic_dqn_greedy,16,final,6,12,12800.0
myopic_dqn_greedy,16,final,6,13,12800.0
myopic_dqn_greedy,16,final,6,14,6350.0
myopic_dqn_greedy,16,final,6,15,6400.0
myopic_dqn_greedy,16,final,6,16,6400.0
myopic_dqn_greedy,16,final,6,17,12725.0
myopic_dqn_greedy,16,final,6,18,3350.0
myopic_dqn_greedy,16,final,6,19,12825.0
myopic_dqn_greedy,16,final,6,20,12800.0
myopic_dqn_greedy,16,final,6,21,6350.0
myopic_dqn_greedy,16,final,6,22,12725.0
myopic_dqn_greedy,16,final,6,23,4375.0
myopic_dqn_greedy,16,final,6,24,14000.0
myopic_dqn_greedy,16,final,6,25,14400.0
myopic_dqn_greedy,16,final,6,26,6400.0
myopic_dqn_greedy,16,final,6,27,6400.0
myopic_dqn_greedy,16,final,6,28,6400.0
myopic_dqn_greedy,16,final,6,29,6400.0
myopic_dqn_greedy,16,final,6,30,12550.0
myopic_dqn_greedy,16,final,6,31,12800.0
myopic_dqn_greedy,16,final,6,32,14275.0
myopic_dqn_greedy,16,final,6,33,6400.0
myopic_dqn_greedy,16,final,6,34,6400.0
myopic_dqn_greedy,16,final,6,35,12800.0
myopic_dqn_greedy,16,final,6,36,14400.0
myopic_dqn_greedy,16,final,6,37,14400.0
myopic_dqn_greedy,16,final,6,38,14400.0
myopic_dqn_greedy,16,final,6,39,6400.0
myopic_dqn_greedy,16,final,6,40,12800.0
myopic_dqn_greedy,16,final,6,41,6400.0
myopic_dqn_greedy,16,final,6,42,14400.0
myopic_dqn_greedy,16,final,6,43,12800.0
myopic_dqn_greedy,16,final,6,44,6400.0
myopic_dqn_greedy,16,final,6,45,6400.0
myopic_dqn_greedy,16,final,6,46,3200.0
myopic_dqn_greedy,16,final,6,47,12800.0
myopic_dqn_greedy,16,final,6,48,14400.0
myopic_dqn_greedy,16,final,6,49,6400.0
anticipatory_dqn_greedy,16,final,7,0,1400.0
anticipatory_dqn_greedy,16,final,7,1,1750.0
anticipatory_dqn_greedy,16,final,7,2,1675.0
anticipatory_dqn_greedy,16,final,7,3,850.0
anticipatory_dqn_greedy,16,final,7,4,650.0
anticipatory_dqn_greedy,16,final,7,5,1300.0
anticipatory_dqn_greedy,16,final,7,6,2075.0
anticipatory_dqn_greedy,16,final,7,7,2850.0
anticipatory_dqn_greedy,16,final,7,8,1600.0
anticipatory_dqn_greedy,16,final,7,9,2075.0
anticipatory_dqn_greedy,16,final,7,10,2075.0
anticipatory_dqn_greedy,16,final,7,11,850.0
anticipatory_dqn_greedy,16,final,7,12,0.0
anticipatory_dqn_greedy,16,final,7,13,3050.0
anticipatory_dqn_greedy,16,final,7,14,0.0
anticipatory_dqn_greedy,16,final,7,15,2850.0
anticipatory_dqn_greedy,16,final,7,16,2850.0
anticipatory_dqn_greedy,16,final,7,17,2075.0
anticipatory_dqn_greedy,16,final,7,18,1300.0
anticipatory_dqn_greedy,16,final,7,19,2075.0
anticipatory_dqn_greedy,16,final,7,20,2850.0
anticipatory_dqn_greedy,16,final,7,21,2850.0
anticipatory_dqn_greedy,16,final,7,22,0.0
anticipatory_dqn_greedy,16,final,7,23,1000.0
anticipatory_dqn_greedy,16,final,7,24,2750.0
anticipatory_dqn_greedy,16,final,7,25,2075.0
anticipatory_dqn_greedy,16,final,7,26,1300.0
anticipatory_dqn_greedy,16,final,7,27,2075.0
anticipatory_dqn_greedy,16,final,7,28,2075.0
anticipatory_dqn_greedy,16,final,7,29,1300.0
anticipatory_dqn_greedy,16,final,7,30,1300.0
anticipatory_dqn_greedy,16,final,7,31,2075.0
anticipatory_dqn_greedy,16,final,7,32,2850.0
anticipatory_dqn_greedy,16,final,7,33,2075.0
anticipatory_dqn_greedy,16,final,7,34,0.0
anticipatory_dqn_greedy,16,final,7,35,1300.0
anticipatory_dqn_greedy,16,final,7,36,1300.0
anticipatory_dqn_greedy,16,final,7,37,900.0
anticipatory_dqn_greedy,16,final,7,38,1725.0
anticipatory_dqn_greedy,16,final,7,39,250.0
anticipatory_dqn_greedy,16,final,7,40,250.0
anticipatory_dqn_greedy,16,final,7,41,250.0
anticipatory_dqn_greedy,16,final,7,42,250.0
anticipatory_dqn_greedy,16,final,7,43,1050.0
anticipatory_dqn_greedy,16,final,7,44,1850.0
anticipatory_dqn_greedy,16,final,7,45,1850.0
anticipatory_dqn_greedy,16,final,7,46,0.0
anticipatory_dqn_greedy,16,final,7,47,1175.0
anticipatory_dqn_greedy,16,final,7,48,1850.0
anticipatory_dqn_greedy,16,final,7,49,1050.0
myopic_dqn_greedy,16,final,7,0,2650.0
myopic_dqn_greedy,16,final,7,1,6400.0
myopic_dqn_greedy,16,final,7,2,12650.0
myopic_dqn_greedy,16,final,7,3,6400.0
myopic_dqn_greedy,16,final,7,4,12800.0
myopic_dqn_greedy,16,final,7,5,12800.0
myopic_dqn_greedy,16,final,7,6,12800.0
myopic_dqn_greedy,16,final,7,7,12800.0
myopic_dqn_greedy,16,final,7,8,12825.0
myopic_dqn_greedy,16,final,7,9,12625.0
myopic_dqn_greedy,16,final,7,10,12800.0
myopic_dqn_greedy,16,final,7,11,6350.0
myopic_dqn_greedy,16,final,7,12,6400.0
myopic_dqn_greedy,16,final,7,13,12550.0
myopic_dqn_greedy,16,final,7,14,6350.0
myopic_dqn_greedy,16,final,7,15,12550.0
myopic_dqn_greedy,16,final,7,16,12800.0
myopic_dqn_greedy,16,final,7,17,12800.0
myopic_dqn_greedy,16,final,7,18,12800.0
myopic_dqn_greedy,16,final,7,19,12800.0
myopic_dqn_greedy,16,final,7,20,12800.0
myopic_dqn_greedy,16,final,7,21,12800.0
myopic_dqn_greedy,16,final,7,22,6350.0
myopic_dqn_greedy,16,final,7,23,3650.0
myopic_dqn_greedy,16,final,7,24,6500.0
myopic_dqn_greedy,16,final,7,25,14400.0
myopic_dqn_greedy,16,final,7,26,14400.0
myopic_dqn_greedy,16,final,7,27,6400.0
myopic_dqn_greedy,16,final,7,28,14400.0
myopic_dqn_greedy,16,final,7,29,14400.0
myopic_dqn_greedy,16,final,7,30,14400.0
myopic_dqn_greedy,16,final,7,31,6400.0
myopic_dqn_greedy,16,final,7,32,6400.0
myopic_dqn_greedy,16,final,7,33,14400.0
myopic_dqn_greedy,16,final,7,34,9150.0
myopic_dqn_greedy,16,final,7,35,14400.0
myopic_dqn_greedy,16,final,7,36,14400.0
myopic_dqn_greedy,16,final,7,37,6400.0
myopic_dqn_greedy,16,final,7,38,14400.0
myopic_dqn_greedy,16,final,7,39,14400.0
myopic_dqn_greedy,16,final,7,40,14400.0
myopic_dqn_greedy,16,final,7,41,14400.0
myopic_dqn_greedy,16,final,7,42,14400.0
myopic_dqn_greedy,16,final,7,43,7500.0
myopic_dqn_greedy,16,final,7,44,6400.0
myopic_dqn_greedy,16,final,7,45,6400.0
myopic_dqn_greedy,16,final,7,46,12800.0
myopic_dqn_greedy,16,final,7,47,6400.0
myopic_dqn_greedy,16,final,7,48,6400.0
myopic_dqn_greedy,16,final,7,49,14250.0
anticipatory_dqn_greedy,16,final,8,0,700.0
anticipatory_dqn_greedy,16,final,8,1,0.0
anticipatory_dqn_greedy,16,final,8,2,0.0
anticipatory_dqn_greedy,16,final,8,3,0.0
anticipatory_dqn_greedy,16,final,8,4,1475.0
anticipatory_dqn_greedy,16,final,8,5,900.0
anticipatory_dqn_greedy,16,final,8,6,1300.0
anticipatory_dqn_greedy,16,final,8,7,800.0
anticipatory_dqn_greedy,16,final,8,8,2650.0
anticipatory_dqn_greedy,16,final,8,9,2850.0
anticipatory_dqn_greedy,16,final,8,10,850.0
anticipatory_dqn_greedy,16,final,8,11,3050.0
anticipatory_dqn_greedy,16,final,8,12,2850.0
anticipatory_dqn_greedy,16,final,8,13,2850.0
anticipatory_dqn_greedy,16,final,8,14,0.0
anticipatory_dqn_greedy,16,final,8,15,2850.0
anticipatory_dqn_greedy,16,final,8,16,2075.0
anticipatory_dqn_greedy,16,final,8,17,1600.0
anticipatory_dqn_greedy,16,final,8,18,2075.0
anticipatory_dqn_greedy,16,final,8,19,2075.0
anticipatory_dqn_greedy,16,final,8,20,850.0
anticipatory_dqn_greedy,16,final,8,21,2275.0
anticipatory_dqn_greedy,16,final,8,22,1000.0
anticipatory_dqn_greedy,16,final,8,23,6450.0
anticipatory_dqn_greedy,16,final,8,24,2600.0
anticipatory_dqn_greedy,16,final,8,25,2850.0
anticipatory_dqn_greedy,16,final,8,26,2075.0
anticipatory_dqn_greedy,16,final,8,27,2075.0
anticipatory_dqn_greedy,16,final,8,28,1675.0
anticipatory_dqn_greedy,16,final,8,29,3250.0
anticipatory_dqn_greedy,16,final,8,30,6400.0
anticipatory_dqn_greedy,16,final,8,31,6400.0
anticipatory_dqn_greedy,16,final,8,32,6400.0
anticipatory_dqn_greedy,16,final,8,33,2775.0
anticipatory_dqn_greedy,16,final,8,34,2075.0
anticipatory_dqn_greedy,16,final,8,35,2075.0
anticipatory_dqn_greedy,16,final,8,36,2075.0
anticipatory_dqn_greedy,16,final,8,37,850.0
anticipatory_dqn_greedy,16,final,8,38,0.0
anticipatory_dqn_greedy,16,final,8,39,1725.0
anticipatory_dqn_greedy,16,final,8,40,250.0
anticipatory_dqn_greedy,16,final,8,41,900.0
anticipatory_dqn_greedy,16,final,8,42,1250.0
anticipatory_dqn_greedy,16,final,8,43,1850.0
anticipatory_dqn_greedy,16,final,8,44,1850.0
anticipatory_dqn_greedy,16,final,8,45,0.0
anticipatory_dqn_greedy,16,final,8,46,0.0
anticipatory_dqn_greedy,16,final,8,47,1850.0
anticipatory_dqn_greedy,16,final,8,48,1850.0
anticipatory_dqn_greedy,16,final,8,49,0.0
myopic_dqn_greedy,16,final,8,0,700.0
myopic_dqn_greedy,16,final,8,1,0.0
myopic_dqn_greedy,16,final,8,2,0.0
myopic_dqn_greedy,16,final,8,3,0.0
myopic_dqn_greedy,16,final,8,4,6850.0
myopic_dqn_greedy,16,final,8,5,8475.0
myopic_dqn_greedy,16,final,8,6,6400.0
myopic_dqn_greedy,16,final,8,7,3175.0
myopic_dqn_greedy,16,final,8,8,3200.0
myopic_dqn_greedy,16,final,8,9,3200.0
myopic_dqn_greedy,16,final,8,10,6525.0
myopic_dqn_greedy,16,final,8,11,2350.0
myopic_dqn_greedy,16,final,8,12,1600.0
myopic_dqn_greedy,16,final,8,13,1600.0
myopic_dqn_greedy,16,final,8,14,14375.0
myopic_dqn_greedy,16,final,8,15,6250.0
myopic_dqn_greedy,16,final,8,16,3350.0
myopic_dqn_greedy,16,final,8,17,3200.0
myopic_dqn_greedy,16,final,8,18,6525.0
myopic_dqn_greedy,16,final,8,19,14400.0
myopic_dqn_greedy,16,final,8,20,14275.0
myopic_dqn_greedy,16,final,8,21,1775.0
myopic_dqn_greedy,16,final,8,22,3350.0
myopic_dqn_greedy,16,final,8,23,4975.0
myopic_dqn_greedy,16,final,8,24,6250.0
myopic_dqn_greedy,16,final,8,25,6400.0
myopic_dqn_greedy,16,final,8,26,14400.0
myopic_dqn_greedy,16,final,8,27,6250.0
myopic_dqn_greedy,16,final,8,28,14400.0
myopic_dqn_greedy,16,final,8,29,14400.0
myopic_dqn_greedy,16,final,8,30,6525.0
myopic_dqn_greedy,16,final,8,31,6400.0
myopic_dqn_greedy,16,final,8,32,14275.0
myopic_dqn_greedy,16,final,8,33,6250.0
myopic_dqn_greedy,16,final,8,34,14400.0
myopic_dqn_greedy,16,final,8,35,6250.0
myopic_dqn_greedy,16,final,8,36,14400.0
myopic_dqn_greedy,16,final,8,37,14275.0
myopic_dqn_greedy,16,final,8,38,14400.0
myopic_dqn_greedy,16,final,8,39,9650.0
myopic_dqn_greedy,16,final,8,40,9500.0
myopic_dqn_greedy,16,final,8,41,14375.0
myopic_dqn_greedy,16,final,8,42,6250.0
myopic_dqn_greedy,16,final,8,43,6400.0
myopic_dqn_greedy,16,final,8,44,6400.0
myopic_dqn_greedy,16,final,8,45,6525.0
myopic_dqn_greedy,16,final,8,46,14275.0
myopic_dqn_greedy,16,final,8,47,6250.0
myopic_dqn_greedy,16,final,8,48,6400.0
myopic_dqn_greedy,16,final,8,49,13975.0
anticipatory_dqn_greedy,16,final,9,0,1400.0
anticipatory_dqn_greedy,16,final,9,1,1675.0
anticipatory_dqn_greedy,16,final,9,2,850.0
anticipatory_dqn_greedy,16,final,9,3,1725.0
anticipatory_dqn_greedy,16,final,9,4,850.0
anticipatory_dqn_greedy,16,final,9,5,850.0
anticipatory_dqn_greedy,16,final,9,6,1050.0
anticipatory_dqn_greedy,16,final,9,7,1050.0
anticipatory_dqn_greedy,16,final,9,8,1550.0
anticipatory_dqn_greedy,16,final,9,9,950.0
anticipatory_dqn_greedy,16,final,9,10,1500.0
anticipatory_dqn_greedy,16,final,9,11,1500.0
anticipatory_dqn_greedy,16,final,9,12,1500.0
anticipatory_dqn_greedy,16,final,9,13,1500.0
anticipatory_dqn_greedy,16,final,9,14,100.0
anticipatory_dqn_greedy,16,final,9,15,1400.0
anticipatory_dqn_greedy,16,final,9,16,1500.0
anticipatory_dqn_greedy,16,final,9,17,1500.0
anticipatory_dqn_greedy,16,final,9,18,900.0
anticipatory_dqn_greedy,16,final,9,19,1700.0
anticipatory_dqn_greedy,16,final,9,20,1050.0
anticipatory_dqn_greedy,16,final,9,21,1050.0
anticipatory_dqn_greedy,16,final,9,22,1500.0
anticipatory_dqn_greedy,16,final,9,23,1500.0
anticipatory_dqn_greedy,16,final,9,24,1050.0
anticipatory_dqn_greedy,16,final,9,25,600.0
anticipatory_dqn_greedy,16,final,9,26,0.0
anticipatory_dqn_greedy,16,final,9,27,0.0
anticipatory_dqn_greedy,16,final,9,28,0.0
anticipatory_dqn_greedy,16,final,9,29,600.0
anticipatory_dqn_greedy,16,final,9,30,0.0
anticipatory_dqn_greedy,16,final,9,31,600.0
anticipatory_dqn_greedy,16,final,9,32,1050.0
anticipatory_dqn_greedy,16,final,9,33,1500.0
anticipatory_dqn_greedy,16,final,9,34,1050.0
anticipatory_dqn_greedy,16,final,9,35,100.0
anticipatory_dqn_greedy,16,final,9,36,0.0
anticipatory_dqn_greedy,16,final,9,37,500.0
anticipatory_dqn_greedy,16,final,9,38,100.0
anticipatory_dqn_greedy,16,final,9,39,950.0
anticipatory_dqn_greedy,16,final,9,40,1500.0
anticipatory_dqn_greedy,16,final,9,41,0.0
anticipatory_dqn_greedy,16,final,9,42,0.0
anticipatory_dqn_greedy,16,final,9,43,1050.0
anticipatory_dqn_greedy,16,final,9,44,600.0
anticipatory_dqn_greedy,16,final,9,45,600.0
anticipatory_dqn_greedy,16,final,9,46,600.0
anticipatory_dqn_greedy,16,final,9,47,0.0
anticipatory_dqn_greedy,16,final,9,48,100.0
anticipatory_dqn_greedy,16,final,9,49,950.0
myopic_dqn_greedy,16,final,9,0,2650.0
myopic_dqn_greedy,16,final,9,1,12650.0
myopic_dqn_greedy,16,final,9,2,6400.0
myopic_dqn_greedy,16,final,9,3,12800.0
myopic_dqn_greedy,16,final,9,4,12800.0
myopic_dqn_greedy,16,final,9,5,12800.0
myopic_dqn_greedy,16,final,9,6,12800.0
myopic_dqn_greedy,16,final,9,7,12800.0
myopic_dqn_greedy,16,final,9,8,3750.0
myopic_dqn_greedy,16,final,9,9,1975.0
myopic_dqn_greedy,16,final,9,10,1600.0
myopic_dqn_greedy,16,final,9,11,1600.0
myopic_dqn_greedy,16,final,9,12,1600.0
myopic_dqn_greedy,16,final,9,13,1600.0
myopic_dqn_greedy,16,final,9,14,9650.0
myopic_dqn_greedy,16,final,9,15,6500.0
myopic_dqn_greedy,16,final,9,16,6400.0
myopic_dqn_greedy,16,final,9,17,6400.0
myopic_dqn_greedy,16,final,9,18,1625.0
myopic_dqn_greedy,16,final,9,19,6400.0
myopic_dqn_greedy,16,final,9,20,12500.0
myopic_dqn_greedy,16,final,9,21,6400.0
myopic_dqn_greedy,16,final,9,22,6400.0
myopic_dqn_greedy,16,final,9,23,6400.0
myopic_dqn_greedy,16,final,9,24,12800.0
myopic_dqn_greedy,16,final,9,25,12800.0
myopic_dqn_greedy,16,final,9,26,4800.0
myopic_dqn_greedy,16,final,9,27,4800.0
myopic_dqn_greedy,16,final,9,28,4800.0
myopic_dqn_greedy,16,final,9,29,12800.0
myopic_dqn_greedy,16,final,9,30,4800.0
myopic_dqn_greedy,16,final,9,31,12800.0
myopic_dqn_greedy,16,final,9,32,6400.0
myopic_dqn_greedy,16,final,9,33,6400.0
myopic_dqn_greedy,16,final,9,34,12800.0
myopic_dqn_greedy,16,final,9,35,6400.0
myopic_dqn_greedy,16,final,9,36,1625.0
myopic_dqn_greedy,16,final,9,37,12675.0
myopic_dqn_greedy,16,final,9,38,6400.0
myopic_dqn_greedy,16,final,9,39,7500.0
myopic_dqn_greedy,16,final,9,40,6400.0
myopic_dqn_greedy,16,final,9,41,5075.0
myopic_dqn_greedy,16,final,9,42,1600.0
myopic_dqn_greedy,16,final,9,43,12675.0
myopic_dqn_greedy,16,final,9,44,12800.0
myopic_dqn_greedy,16,final,9,45,12800.0
myopic_dqn_greedy,16,final,9,46,12800.0
myopic_dqn_greedy,16,final,9,47,25600.0
myopic_dqn_greedy,16,final,9,48,6400.0
myopic_dqn_greedy,16,final,9,49,7500.0
anticipatory_dqn_greedy,4,final,0,0,1400.0
anticipatory_dqn_greedy,4,final,0,1,850.0
anticipatory_dqn_greedy,4,final,0,2,375.0
anticipatory_dqn_greedy,4,final,0,3,2475.0
anticipatory_dqn_greedy,4,final,0,4,0.0
anticipatory_dqn_greedy,4,final,0,5,2850.0
anticipatory_dqn_greedy,4,final,0,6,900.0
anticipatory_dqn_greedy,4,final,0,7,2275.0
anticipatory_dqn_greedy,4,final,0,8,2075.0
anticipatory_dqn_greedy,4,final,0,9,2075.0
anticipatory_dqn_greedy,4,final,0,10,1300.0
anticipatory_dqn_greedy,4,final,0,11,2075.0
anticipatory_dqn_greedy,4,final,0,12,2075.0
anticipatory_dqn_greedy,4,final,0,13,2150.0
anticipatory_dqn_greedy,4,final,0,14,850.0
anticipatory_dqn_greedy,4,final,0,15,2275.0
anticipatory_dqn_greedy,4,final,0,16,2075.0
anticipatory_dqn_greedy,4,final,0,17,2075.0
anticipatory_dqn_greedy,4,final,0,18,9525.0
anticipatory_dqn_greedy,4,final,0,19,2600.0
anticipatory_dqn_greedy,4,final,0,20,700.0
anticipatory_dqn_greedy,4,final,0,21,0.0
anticipatory_dqn_greedy,4,final,0,22,1975.0
anticipatory_dqn_greedy,4,final,0,23,950.0
anticipatory_dqn_greedy,4,final,0,24,0.0
anticipatory_dqn_greedy,4,final,0,25,3050.0
anticipatory_dqn_greedy,4,final,0,26,100.0
anticipatory_dqn_greedy,4,final,0,27,2750.0
anticipatory_dqn_greedy,4,final,0,28,2075.0
anticipatory_dqn_greedy,4,final,0,29,0.0
anticipatory_dqn_greedy,4,final,0,30,0.0
anticipatory_dqn_greedy,4,final,0,31,0.0
anticipatory_dqn_greedy,4,final,0,32,11200.0
anticipatory_dqn_greedy,4,final,0,33,1300.0
anticipatory_dqn_greedy,4,final,0,34,0.0
anticipatory_dqn_greedy,4,final,0,35,2075.0
anticipatory_dqn_greedy,4,final,0,36,0.0
anticipatory_dqn_greedy,4,final,0,37,0.0
anticipatory_dqn_greedy,4,final,0,38,100.0
anticipatory_dqn_greedy,4,final,0,39,0.0
anticipatory_dqn_greedy,4,final,0,40,0.0
anticipatory_dqn_greedy,4,final,0,41,0.0
anticipatory_dqn_greedy,4,final,0,42,2750.0
anticipatory_dqn_greedy,4,final,0,43,2850.0
anticipatory_dqn_greedy,4,final,0,44,2075.0
anticipatory_dqn_greedy,4,final,0,45,100.0
anticipatory_dqn_greedy,4,final,0,46,7250.0
anticipatory_dqn_greedy,4,final,0,47,0.0
anticipatory_dqn_greedy,4,final,0,48,0.0
anticipatory_dqn_greedy,4,final,0,49,0.0
myopic_dqn_greedy,4,final,0,0,1400.0
myopic_dqn_greedy,4,final,0,1,850.0
myopic_dqn_greedy,4,final,0,2,375.0
myopic_dqn_greedy,4,final,0,3,2475.0
myopic_dqn_greedy,4,final,0,4,0.0
myopic_dqn_greedy,4,final,0,5,2850.0
myopic_dqn_greedy,4,final,0,6,900.0
myopic_dqn_greedy,4,final,0,7,2275.0
myopic_dqn_greedy,4,final,0,8,2075.0
myopic_dqn_greedy,4,final,0,9,2075.0
myopic_dqn_greedy,4,final,0,10,1300.0
myopic_dqn_greedy,4,final,0,11,2075.0
myopic_dqn_greedy,4,final,0,12,2075.0
myopic_dqn_greedy,4,final,0,13,2150.0
myopic_dqn_greedy,4,final,0,14,850.0
myopic_dqn_greedy,4,final,0,15,2275.0
myopic_dqn_greedy,4,final,0,16,2075.0
myopic_dqn_greedy,4,final,0,17,2075.0
myopic_dqn_greedy,4,final,0,18,900.0
myopic_dqn_greedy,4,final,0,19,2275.0
myopic_dqn_greedy,4,final,0,20,700.0
myopic_dqn_greedy,4,final,0,21,0.0
myopic_dqn_greedy,4,final,0,22,2175.0
myopic_dqn_greedy,4,final,0,23,0.0
myopic_dqn_greedy,4,final,0,24,0.0
myopic_dqn_greedy,4,final,0,25,2850.0
myopic_dqn_greedy,4,final,0,26,400.0
myopic_dqn_greedy,4,final,0,27,2750.0
myopic_dqn_greedy,4,final,0,28,2075.0
myopic_dqn_greedy,4,final,0,29,0.0
myopic_dqn_greedy,4,final,0,30,0.0
myopic_dqn_greedy,4,final,0,31,0.0
myopic_dqn_greedy,4,final,0,32,3200.0
myopic_dqn_greedy,4,final,0,33,1300.0
myopic_dqn_greedy,4,final,0,34,0.0
myopic_dqn_greedy,4,final,0,35,2075.0
myopic_dqn_greedy,4,final,0,36,0.0
myopic_dqn_greedy,4,final,0,37,0.0
myopic_dqn_greedy,4,final,0,38,100.0
myopic_dqn_greedy,4,final,0,39,0.0
myopic_dqn_greedy,4,final,0,40,0.0
myopic_dqn_greedy,4,final,0,41,0.0
myopic_dqn_greedy,4,final,0,42,2750.0
myopic_dqn_greedy,4,final,0,43,2850.0
myopic_dqn_greedy,4,final,0,44,2075.0
myopic_dqn_greedy,4,final,0,45,100.0
myopic_dqn_greedy,4,final,0,46,825.0
myopic_dqn_greedy,4,final,0,47,0.0
myopic_dqn_greedy,4,final,0,48,0.0
myopic_dqn_greedy,4,final,0,49,0.0
anticipatory_dqn_greedy,4,final,1,0,1475.0
anticipatory_dqn_greedy,4,final,1,1,800.0
anticipatory_dqn_greedy,4,final,1,2,450.0
anticipatory_dqn_greedy,4,final,1,3,650.0
anticipatory_dqn_greedy,4,final,1,4,0.0
anticipatory_dqn_greedy,4,final,1,5,1525.0
anticipatory_dqn_greedy,4,final,1,6,2075.0
anticipatory_dqn_greedy,4,final,1,7,250.0
anticipatory_dqn_greedy,4,final,1,8,0.0
anticipatory_dqn_greedy,4,final,1,9,0.0
anticipatory_dqn_greedy,4,final,1,10,2100.0
anticipatory_dqn_greedy,4,final,1,11,2075.0
anticipatory_dqn_greedy,4,final,1,12,2850.0
anticipatory_dqn_greedy,4,final,1,13,2075.0
anticipatory_dqn_greedy,4,final,1,14,900.0
anticipatory_dqn_greedy,4,final,1,15,850.0
anticipatory_dqn_greedy,4,final,1,16,0.0
anticipatory_dqn_greedy,4,final,1,17,0.0
anticipatory_dqn_greedy,4,final,1,18,2275.0
anticipatory_dqn_greedy,4,final,1,19,2850.0
anticipatory_dqn_greedy,4,final,1,20,2075.0
anticipatory_dqn_greedy,4,final,1,21,2075.0
anticipatory_dqn_greedy,4,final,1,22,2850.0
anticipatory_dqn_greedy,4,final,1,23,2075.0
anticipatory_dqn_greedy,4,final,1,24,900.0
anticipatory_dqn_greedy,4,final,1,25,0.0
anticipatory_dqn_greedy,4,final,1,26,2275.0
anticipatory_dqn_greedy,4,final,1,27,2075.0
anticipatory_dqn_greedy,4,final,1,28,2075.0
anticipatory_dqn_greedy,4,final,1,29,2850.0
anticipatory_dqn_greedy,4,final,1,30,0.0
anticipatory_dqn_greedy,4,final,1,31,0.0
anticipatory_dqn_greedy,4,final,1,32,2850.0
anticipatory_dqn_greedy,4,final,1,33,2075.0
anticipatory_dqn_greedy,4,final,1,34,1300.0
anticipatory_dqn_greedy,4,final,1,35,2075.0
anticipatory_dqn_greedy,4,final,1,36,0.0
anticipatory_dqn_greedy,4,final,1,37,0.0
anticipatory_dqn_greedy,4,final,1,38,1100.0
anticipatory_dqn_greedy,4,final,1,39,2075.0
anticipatory_dqn_greedy,4,final,1,40,375.0
anticipatory_dqn_greedy,4,final,1,41,1025.0
anticipatory_dqn_greedy,4,final,1,42,2275.0
anticipatory_dqn_greedy,4,final,1,43,9525.0
anticipatory_dqn_greedy,4,final,1,44,0.0
anticipatory_dqn_greedy,4,final,1,45,3625.0
anticipatory_dqn_greedy,4,final,1,46,2850.0
anticipatory_dqn_greedy,4,final,1,47,700.0
anticipatory_dqn_greedy,4,final,1,48,0.0
anticipatory_dqn_greedy,4,final,1,49,1975.0
myopic_dqn_greedy,4,final,1,0,1475.0
myopic_dqn_greedy,4,final,1,1,800.0
myopic_dqn_greedy,4,final,1,2,450.0
myopic_dqn_greedy,4,final,1,3,450.0
myopic_dqn_greedy,4,final,1,4,0.0
myopic_dqn_greedy,4,final,1,5,1725.0
myopic_dqn_greedy,4,final,1,6,2075.0
myopic_dqn_greedy,4,final,1,7,250.0
myopic_dqn_greedy,4,final,1,8,0.0
myopic_dqn_greedy,4,final,1,9,0.0
myopic_dqn_greedy,4,final,1,10,2100.0
myopic_dqn_greedy,4,final,1,11,2075.0
myopic_dqn_greedy,4,final,1,12,2850.0
myopic_dqn_greedy,4,final,1,13,2075.0
myopic_dqn_greedy,4,final,1,14,900.0
myopic_dqn_greedy,4,final,1,15,850.0
myopic_dqn_greedy,4,final,1,16,0.0
myopic_dqn_greedy,4,final,1,17,0.0
myopic_dqn_greedy,4,final,1,18,2275.0
myopic_dqn_greedy,4,final,1,19,2850.0
myopic_dqn_greedy,4,final,1,20,2075.0
myopic_dqn_greedy,4,final,1,21,2075.0
myopic_dqn_greedy,4,final,1,22,2850.0
myopic_dqn_greedy,4,final,1,23,2075.0
myopic_dqn_greedy,4,final,1,24,900.0
myopic_dqn_greedy,4,final,1,25,0.0
myopic_dqn_greedy,4,final,1,26,2275.0
myopic_dqn_greedy,4,final,1,27,2075.0
myopic_dqn_greedy,4,final,1,28,2075.0
myopic_dqn_greedy,4,final,1,29,2850.0
myopic_dqn_greedy,4,final,1,30,0.0
myopic_dqn_greedy,4,final,1,31,0.0
myopic_dqn_greedy,4,final,1,32,2850.0
myopic_dqn_greedy,4,final,1,33,2075.0
myopic_dqn_greedy,4,final,1,34,1300.0
myopic_dqn_greedy,4,final,1,35,2075.0
myopic_dqn_greedy,4,final,1,36,0.0
myopic_dqn_greedy,4,final,1,37,0.0
myopic_dqn_greedy,4,final,1,38,1100.0
myopic_dqn_greedy,4,final,1,39,2075.0
myopic_dqn_greedy,4,final,1,40,375.0
myopic_dqn_greedy,4,final,1,41,1025.0
myopic_dqn_greedy,4,final,1,42,2275.0
myopic_dqn_greedy,4,final,1,43,900.0
myopic_dqn_greedy,4,final,1,44,0.0
myopic_dqn_greedy,4,final,1,45,3050.0
myopic_dqn_greedy,4,final,1,46,2850.0
myopic_dqn_greedy,4,final,1,47,700.0
myopic_dqn_greedy,4,final,1,48,0.0
myopic_dqn_greedy,4,final,1,49,1975.0
anticipatory_dqn_greedy,4,final,2,0,650.0
anticipatory_dqn_greedy,4,final,2,1,1800.0
anticipatory_dqn_greedy,4,final,2,2,1300.0
anticipatory_dqn_greedy,4,final,2,3,2800.0
anticipatory_dqn_greedy,4,final,2,4,900.0
anticipatory_dqn_greedy,4,final,2,5,6325.0
anticipatory_dqn_greedy,4,final,2,6,825.0
anticipatory_dqn_greedy,4,final,2,7,1750.0
anticipatory_dqn_greedy,4,final,2,8,1050.0
anticipatory_dqn_greedy,4,final,2,9,600.0
anticipatory_dqn_greedy,4,final,2,10,1050.0
anticipatory_dqn_greedy,4,final,2,11,1050.0
anticipatory_dqn_greedy,4,final,2,12,600.0
anticipatory_dqn_greedy,4,final,2,13,0.0
anticipatory_dqn_greedy,4,final,2,14,12300.0
anticipatory_dqn_greedy,4,final,2,15,1125.0
anticipatory_dqn_greedy,4,final,2,16,0.0
anticipatory_dqn_greedy,4,final,2,17,0.0
anticipatory_dqn_greedy,4,final,2,18,1050.0
anticipatory_dqn_greedy,4,final,2,19,600.0
anticipatory_dqn_greedy,4,final,2,20,600.0
anticipatory_dqn_greedy,4,final,2,21,1050.0
anticipatory_dqn_greedy,4,final,2,22,1050.0
anticipatory_dqn_greedy,4,final,2,23,1050.0
anticipatory_dqn_greedy,4,final,2,24,0.0
anticipatory_dqn_greedy,4,final,2,25,0.0
anticipatory_dqn_greedy,4,final,2,26,1500.0
anticipatory_dqn_greedy,4,final,2,27,1500.0
anticipatory_dqn_greedy,4,final,2,28,1500.0
anticipatory_dqn_greedy,4,final,2,29,1050.0
anticipatory_dqn_greedy,4,final,2,30,1050.0
anticipatory_dqn_greedy,4,final,2,31,1500.0
anticipatory_dqn_greedy,4,final,2,32,1050.0
anticipatory_dqn_greedy,4,final,2,33,600.0
anticipatory_dqn_greedy,4,final,2,34,1050.0
anticipatory_dqn_greedy,4,final,2,35,1050.0
anticipatory_dqn_greedy,4,final,2,36,600.0
anticipatory_dqn_greedy,4,final,2,37,1050.0
anticipatory_dqn_greedy,4,final,2,38,1500.0
anticipatory_dqn_greedy,4,final,2,39,1100.0
anticipatory_dqn_greedy,4,final,2,40,850.0
anticipatory_dqn_greedy,4,final,2,41,1700.0
anticipatory_dqn_greedy,4,final,2,42,1050.0
anticipatory_dqn_greedy,4,final,2,43,0.0
anticipatory_dqn_greedy,4,final,2,44,900.0
anticipatory_dqn_greedy,4,final,2,45,0.0
anticipatory_dqn_greedy,4,final,2,46,0.0
anticipatory_dqn_greedy,4,final,2,47,1250.0
anticipatory_dqn_greedy,4,final,2,48,1050.0
anticipatory_dqn_greedy,4,final,2,49,1000.0
myopic_dqn_greedy,4,final,2,0,650.0
myopic_dqn_greedy,4,final,2,1,1600.0
myopic_dqn_greedy,4,final,2,2,1000.0
myopic_dqn_greedy,4,final,2,3,2950.0
myopic_dqn_greedy,4,final,2,4,900.0
myopic_dqn_greedy,4,final,2,5,2275.0
myopic_dqn_greedy,4,final,2,6,450.0
myopic_dqn_greedy,4,final,2,7,2275.0
myopic_dqn_greedy,4,final,2,8,2075.0
myopic_dqn_greedy,4,final,2,9,1300.0
myopic_dqn_greedy,4,final,2,10,2075.0
myopic_dqn_greedy,4,final,2,11,2075.0
myopic_dqn_greedy,4,final,2,12,1300.0
myopic_dqn_greedy,4,final,2,13,0.0
myopic_dqn_greedy,4,final,2,14,700.0
myopic_dqn_greedy,4,final,2,15,2125.0
myopic_dqn_greedy,4,final,2,16,0.0
myopic_dqn_greedy,4,final,2,17,0.0
myopic_dqn_greedy,4,final,2,18,2075.0
myopic_dqn_greedy,4,final,2,19,1300.0
myopic_dqn_greedy,4,final,2,20,1300.0
myopic_dqn_greedy,4,final,2,21,2075.0
myopic_dqn_greedy,4,final,2,22,2075.0
myopic_dqn_greedy,4,final,2,23,2075.0
myopic_dqn_greedy,4,final,2,24,0.0
myopic_dqn_greedy,4,final,2,25,0.0
myopic_dqn_greedy,4,final,2,26,2850.0
myopic_dqn_greedy,4,final,2,27,2850.0
myopic_dqn_greedy,4,final,2,28,2850.0
myopic_dqn_greedy,4,final,2,29,2075.0
myopic_dqn_greedy,4,final,2,30,2075.0
myopic_dqn_greedy,4,final,2,31,2850.0
myopic_dqn_greedy,4,final,2,32,2075.0
myopic_dqn_greedy,4,final,2,33,1300.0
myopic_dqn_greedy,4,final,2,34,2075.0
myopic_dqn_greedy,4,final,2,35,2075.0
myopic_dqn_greedy,4,final,2,36,1300.0
myopic_dqn_greedy,4,final,2,37,2075.0
myopic_dqn_greedy,4,final,2,38,2850.0
myopic_dqn_greedy,4,final,2,39,1175.0
myopic_dqn_greedy,4,final,2,40,850.0
myopic_dqn_greedy,4,final,2,41,3050.0
myopic_dqn_greedy,4,final,2,42,2075.0
myopic_dqn_greedy,4,final,2,43,0.0
myopic_dqn_greedy,4,final,2,44,900.0
myopic_dqn_greedy,4,final,2,45,0.0
myopic_dqn_greedy,4,final,2,46,0.0
myopic_dqn_greedy,4,final,2,47,2275.0
myopic_dqn_greedy,4,final,2,48,2075.0
myopic_dqn_greedy,4,final,2,49,400.0
anticipatory_dqn_greedy,4,final,3,0,700.0
anticipatory_dqn_greedy,4,final,3,1,0.0
anticipatory_dqn_greedy,4,final,3,2,0.0
anticipatory_dqn_greedy,4,final,3,3,1475.0
anticipatory_dqn_greedy,4,final,3,4,1300.0
anticipatory_dqn_greedy,4,final,3,5,800.0
anticipatory_dqn_greedy,4,final,3,6,1875.0
anticipatory_dqn_greedy,4,final,3,7,2075.0
anticipatory_dqn_greedy,4,final,3,8,2075.0
anticipatory_dqn_greedy,4,final,3,9,0.0
anticipatory_dqn_greedy,4,final,3,10,2075.0
anticipatory_dqn_greedy,4,final,3,11,2850.0
anticipatory_dqn_greedy,4,final,3,12,2850.0
anticipatory_dqn_greedy,4,final,3,13,2075.0
anticipatory_dqn_greedy,4,final,3,14,2075.0
anticipatory_dqn_greedy,4,final,3,15,2075.0
anticipatory_dqn_greedy,4,final,3,16,1300.0
anticipatory_dqn_greedy,4,final,3,17,0.0
anticipatory_dqn_greedy,4,final,3,18,1300.0
anticipatory_dqn_greedy,4,final,3,19,0.0
anticipatory_dqn_greedy,4,final,3,20,0.0
anticipatory_dqn_greedy,4,final,3,21,1300.0
anticipatory_dqn_greedy,4,final,3,22,2075.0
anticipatory_dqn_greedy,4,final,3,23,0.0
anticipatory_dqn_greedy,4,final,3,24,0.0
anticipatory_dqn_greedy,4,final,3,25,2075.0
anticipatory_dqn_greedy,4,final,3,26,0.0
anticipatory_dqn_greedy,4,final,3,27,700.0
anticipatory_dqn_greedy,4,final,3,28,0.0
anticipatory_dqn_greedy,4,final,3,29,0.0
anticipatory_dqn_greedy,4,final,3,30,1200.0
anticipatory_dqn_greedy,4,final,3,31,900.0
anticipatory_dqn_greedy,4,final,3,32,900.0
anticipatory_dqn_greedy,4,final,3,33,1500.0
anticipatory_dqn_greedy,4,final,3,34,2075.0
anticipatory_dqn_greedy,4,final,3,35,2150.0
anticipatory_dqn_greedy,4,final,3,36,2075.0
anticipatory_dqn_greedy,4,final,3,37,1300.0
anticipatory_dqn_greedy,4,final,3,38,2075.0
anticipatory_dqn_greedy,4,final,3,39,2075.0
anticipatory_dqn_greedy,4,final,3,40,850.0
anticipatory_dqn_greedy,4,final,3,41,0.0
anticipatory_dqn_greedy,4,final,3,42,900.0
anticipatory_dqn_greedy,4,final,3,43,1975.0
anticipatory_dqn_greedy,4,final,3,44,2075.0
anticipatory_dqn_greedy,4,final,3,45,1300.0
anticipatory_dqn_greedy,4,final,3,46,2075.0
anticipatory_dqn_greedy,4,final,3,47,2075.0
anticipatory_dqn_greedy,4,final,3,48,1300.0
anticipatory_dqn_greedy,4,final,3,49,1300.0
myopic_dqn_greedy,4,final,3,0,700.0
myopic_dqn_greedy,4,final,3,1,0.0
myopic_dqn_greedy,4,final,3,2,0.0
myopic_dqn_greedy,4,final,3,3,1475.0
myopic_dqn_greedy,4,final,3,4,1300.0
myopic_dqn_greedy,4,final,3,5,800.0
myopic_dqn_greedy,4,final,3,6,1875.0
myopic_dqn_greedy,4,final,3,7,2075.0
myopic_dqn_greedy,4,final,3,8,2075.0
myopic_dqn_greedy,4,final,3,9,0.0
myopic_dqn_greedy,4,final,3,10,2075.0
myopic_dqn_greedy,4,final,3,11,2850.0
myopic_dqn_greedy,4,final,3,12,2850.0
myopic_dqn_greedy,4,final,3,13,2075.0
myopic_dqn_greedy,4,final,3,14,2075.0
myopic_dqn_greedy,4,final,3,15,2075.0
myopic_dqn_greedy,4,final,3,16,1300.0
myopic_dqn_greedy,4,final,3,17,0.0
myopic_dqn_greedy,4,final,3,18,1300.0
myopic_dqn_greedy,4,final,3,19,0.0
myopic_dqn_greedy,4,final,3,20,0.0
myopic_dqn_greedy,4,final,3,21,1300.0
myopic_dqn_greedy,4,final,3,22,2075.0
myopic_dqn_greedy,4,final,3,23,0.0
myopic_dqn_greedy,4,final,3,24,0.0
myopic_dqn_greedy,4,final,3,25,2075.0
myopic_dqn_greedy,4,final,3,26,0.0
myopic_dqn_greedy,4,final,3,27,700.0
myopic_dqn_greedy,4,final,3,28,0.0
myopic_dqn_greedy,4,final,3,29,0.0
myopic_dqn_greedy,4,final,3,30,1400.0
myopic_dqn_greedy,4,final,3,31,900.0
myopic_dqn_greedy,4,final,3,32,900.0
myopic_dqn_greedy,4,final,3,33,1500.0
myopic_dqn_greedy,4,final,3,34,2075.0
myopic_dqn_greedy,4,final,3,35,2150.0
myopic_dqn_greedy,4,final,3,36,2075.0
myopic_dqn_greedy,4,final,3,37,1300.0
myopic_dqn_greedy,4,final,3,38,2075.0
myopic_dqn_greedy,4,final,3,39,2075.0
myopic_dqn_greedy,4,final,3,40,850.0
myopic_dqn_greedy,4,final,3,41,0.0
myopic_dqn_greedy,4,final,3,42,600.0
myopic_dqn_greedy,4,final,3,43,2175.0
myopic_dqn_greedy,4,final,3,44,2075.0
myopic_dqn_greedy,4,final,3,45,1300.0
myopic_dqn_greedy,4,final,3,46,2075.0
myopic_dqn_greedy,4,final,3,47,2075.0
myopic_dqn_greedy,4,final,3,48,1300.0
myopic_dqn_greedy,4,final,3,49,1300.0
anticipatory_dqn_greedy,4,final,4,0,6400.0
anticipatory_dqn_greedy,4,final,4,1,650.0
anticipatory_dqn_greedy,4,final,4,2,0.0
anticipatory_dqn_greedy,4,final,4,3,400.0
anticipatory_dqn_greedy,4,final,4,4,0.0
anticipatory_dqn_greedy,4,final,4,5,0.0
anticipatory_dqn_greedy,4,final,4,6,1975.0
anticipatory_dqn_greedy,4,final,4,7,0.0
anticipatory_dqn_greedy,4,final,4,8,0.0
anticipatory_dqn_greedy,4,final,4,9,2075.0
anticipatory_dqn_greedy,4,final,4,10,0.0
anticipatory_dqn_greedy,4,final,4,11,100.0
anticipatory_dqn_greedy,4,final,4,12,275.0
anticipatory_dqn_greedy,4,final,4,13,1900.0
anticipatory_dqn_greedy,4,final,4,14,1100.0
anticipatory_dqn_greedy,4,final,4,15,0.0
anticipatory_dqn_greedy,4,final,4,16,700.0
anticipatory_dqn_greedy,4,final,4,17,2450.0
anticipatory_dqn_greedy,4,final,4,18,850.0
anticipatory_dqn_greedy,4,final,4,19,2275.0
anticipatory_dqn_greedy,4,final,4,20,2850.0
anticipatory_dqn_greedy,4,final,4,21,0.0
anticipatory_dqn_greedy,4,final,4,22,2075.0
anticipatory_dqn_greedy,4,final,4,23,1600.0
anticipatory_dqn_greedy,4,final,4,24,1300.0
anticipatory_dqn_greedy,4,final,4,25,2650.0
anticipatory_dqn_greedy,4,final,4,26,1300.0
anticipatory_dqn_greedy,4,final,4,27,900.0
anticipatory_dqn_greedy,4,final,4,28,1050.0
anticipatory_dqn_greedy,4,final,4,29,1725.0
anticipatory_dqn_greedy,4,final,4,30,0.0
anticipatory_dqn_greedy,4,final,4,31,0.0
anticipatory_dqn_greedy,4,final,4,32,1050.0
anticipatory_dqn_greedy,4,final,4,33,0.0
anticipatory_dqn_greedy,4,final,4,34,1050.0
anticipatory_dqn_greedy,4,final,4,35,0.0
anticipatory_dqn_greedy,4,final,4,36,0.0
anticipatory_dqn_greedy,4,final,4,37,1050.0
anticipatory_dqn_greedy,4,final,4,38,0.0
anticipatory_dqn_greedy,4,final,4,39,0.0
anticipatory_dqn_greedy,4,final,4,40,1850.0
anticipatory_dqn_greedy,4,final,4,41,6475.0
anticipatory_dqn_greedy,4,final,4,42,900.0
anticipatory_dqn_greedy,4,final,4,43,0.0
anticipatory_dqn_greedy,4,final,4,44,1250.0
anticipatory_dqn_greedy,4,final,4,45,0.0
anticipatory_dqn_greedy,4,final,4,46,0.0
anticipatory_dqn_greedy,4,final,4,47,950.0
anticipatory_dqn_greedy,4,final,4,48,0.0
anticipatory_dqn_greedy,4,final,4,49,0.0
myopic_dqn_greedy,4,final,4,0,1875.0
myopic_dqn_greedy,4,final,4,1,525.0
myopic_dqn_greedy,4,final,4,2,0.0
myopic_dqn_greedy,4,final,4,3,400.0
myopic_dqn_greedy,4,final,4,4,0.0
myopic_dqn_greedy,4,final,4,5,0.0
myopic_dqn_greedy,4,final,4,6,1775.0
myopic_dqn_greedy,4,final,4,7,0.0
myopic_dqn_greedy,4,final,4,8,0.0
myopic_dqn_greedy,4,final,4,9,2075.0
myopic_dqn_greedy,4,final,4,10,0.0
myopic_dqn_greedy,4,final,4,11,400.0
myopic_dqn_greedy,4,final,4,12,6575.0
myopic_dqn_greedy,4,final,4,13,2000.0
myopic_dqn_greedy,4,final,4,14,900.0
myopic_dqn_greedy,4,final,4,15,0.0
myopic_dqn_greedy,4,final,4,16,700.0
myopic_dqn_greedy,4,final,4,17,2075.0
myopic_dqn_greedy,4,final,4,18,850.0
myopic_dqn_greedy,4,final,4,19,3050.0
myopic_dqn_greedy,4,final,4,20,2850.0
myopic_dqn_greedy,4,final,4,21,0.0
myopic_dqn_greedy,4,final,4,22,2075.0
myopic_dqn_greedy,4,final,4,23,1600.0
myopic_dqn_greedy,4,final,4,24,1300.0
myopic_dqn_greedy,4,final,4,25,2750.0
myopic_dqn_greedy,4,final,4,26,1300.0
myopic_dqn_greedy,4,final,4,27,900.0
myopic_dqn_greedy,4,final,4,28,1050.0
myopic_dqn_greedy,4,final,4,29,1500.0
myopic_dqn_greedy,4,final,4,30,0.0
myopic_dqn_greedy,4,final,4,31,0.0
myopic_dqn_greedy,4,final,4,32,2075.0
myopic_dqn_greedy,4,final,4,33,3400.0
myopic_dqn_greedy,4,final,4,34,2350.0
myopic_dqn_greedy,4,final,4,35,0.0
myopic_dqn_greedy,4,final,4,36,0.0
myopic_dqn_greedy,4,final,4,37,2075.0
myopic_dqn_greedy,4,final,4,38,0.0
myopic_dqn_greedy,4,final,4,39,0.0
myopic_dqn_greedy,4,final,4,40,2850.0
myopic_dqn_greedy,4,final,4,41,6475.0
myopic_dqn_greedy,4,final,4,42,2350.0
myopic_dqn_greedy,4,final,4,43,0.0
myopic_dqn_greedy,4,final,4,44,400.0
myopic_dqn_greedy,4,final,4,45,0.0
myopic_dqn_greedy,4,final,4,46,0.0
myopic_dqn_greedy,4,final,4,47,1400.0
myopic_dqn_greedy,4,final,4,48,0.0
myopic_dqn_greedy,4,final,4,49,0.0
anticipatory_dqn_greedy,4,final,5,0,0.0
anticipatory_dqn_greedy,4,final,5,1,650.0
anticipatory_dqn_greedy,4,final,5,2,1875.0
anticipatory_dqn_greedy,4,final,5,3,2075.0
anticipatory_dqn_greedy,4,final,5,4,0.0
anticipatory_dqn_greedy,4,final,5,5,2850.0
anticipatory_dqn_greedy,4,final,5,6,700.0
anticipatory_dqn_greedy,4,final,5,7,0.0
anticipatory_dqn_greedy,4,final,5,8,2750.0
anticipatory_dqn_greedy,4,final,5,9,2075.0
anticipatory_dqn_greedy,4,final,5,10,0.0
anticipatory_dqn_greedy,4,final,5,11,2075.0
anticipatory_dqn_greedy,4,final,5,12,100.0
anticipatory_dqn_greedy,4,final,5,13,2750.0
anticipatory_dqn_greedy,4,final,5,14,2075.0
anticipatory_dqn_greedy,4,final,5,15,1300.0
anticipatory_dqn_greedy,4,final,5,16,1600.0
anticipatory_dqn_greedy,4,final,5,17,850.0
anticipatory_dqn_greedy,4,final,5,18,2275.0
anticipatory_dqn_greedy,4,final,5,19,900.0
anticipatory_dqn_greedy,4,final,5,20,0.0
anticipatory_dqn_greedy,4,final,5,21,1300.0
anticipatory_dqn_greedy,4,final,5,22,2075.0
anticipatory_dqn_greedy,4,final,5,23,1300.0
anticipatory_dqn_greedy,4,final,5,24,1300.0
anticipatory_dqn_greedy,4,final,5,25,1200.0
anticipatory_dqn_greedy,4,final,5,26,2075.0
anticipatory_dqn_greedy,4,final,5,27,3050.0
anticipatory_dqn_greedy,4,final,5,28,2850.0
anticipatory_dqn_greedy,4,final,5,29,6350.0
anticipatory_dqn_greedy,4,final,5,30,3200.0
anticipatory_dqn_greedy,4,final,5,31,6400.0
anticipatory_dqn_greedy,4,final,5,32,575.0
anticipatory_dqn_greedy,4,final,5,33,2275.0
anticipatory_dqn_greedy,4,final,5,34,900.0
anticipatory_dqn_greedy,4,final,5,35,0.0
anticipatory_dqn_greedy,4,final,5,36,2275.0
anticipatory_dqn_greedy,4,final,5,37,2850.0
anticipatory_dqn_greedy,4,final,5,38,2075.0
anticipatory_dqn_greedy,4,final,5,39,975.0
anticipatory_dqn_greedy,4,final,5,40,1300.0
anticipatory_dqn_greedy,4,final,5,41,1300.0
anticipatory_dqn_greedy,4,final,5,42,2075.0
anticipatory_dqn_greedy,4,final,5,43,2850.0
anticipatory_dqn_greedy,4,final,5,44,2075.0
anticipatory_dqn_greedy,4,final,5,45,6600.0
anticipatory_dqn_greedy,4,final,5,46,2275.0
anticipatory_dqn_greedy,4,final,5,47,450.0
anticipatory_dqn_greedy,4,final,5,48,700.0
anticipatory_dqn_greedy,4,final,5,49,0.0
myopic_dqn_greedy,4,final,5,0,0.0
myopic_dqn_greedy,4,final,5,1,650.0
myopic_dqn_greedy,4,final,5,2,1875.0
myopic_dqn_greedy,4,final,5,3,2075.0
myopic_dqn_greedy,4,final,5,4,0.0
myopic_dqn_greedy,4,final,5,5,2850.0
myopic_dqn_greedy,4,final,5,6,700.0
myopic_dqn_greedy,4,final,5,7,0.0
myopic_dqn_greedy,4,final,5,8,3025.0
myopic_dqn_greedy,4,final,5,9,2075.0
myopic_dqn_greedy,4,final,5,10,0.0
myopic_dqn_greedy,4,final,5,11,2075.0
myopic_dqn_greedy,4,final,5,12,100.0
myopic_dqn_greedy,4,final,5,13,2750.0
myopic_dqn_greedy,4,final,5,14,2075.0
myopic_dqn_greedy,4,final,5,15,1300.0
myopic_dqn_greedy,4,final,5,16,1600.0
myopic_dqn_greedy,4,final,5,17,850.0
myopic_dqn_greedy,4,final,5,18,2275.0
myopic_dqn_greedy,4,final,5,19,900.0
myopic_dqn_greedy,4,final,5,20,0.0
myopic_dqn_greedy,4,final,5,21,1300.0
myopic_dqn_greedy,4,final,5,22,2075.0
myopic_dqn_greedy,4,final,5,23,1300.0
myopic_dqn_greedy,4,final,5,24,700.0
myopic_dqn_greedy,4,final,5,25,1400.0
myopic_dqn_greedy,4,final,5,26,2075.0
myopic_dqn_greedy,4,final,5,27,2850.0
myopic_dqn_greedy,4,final,5,28,2850.0
myopic_dqn_greedy,4,final,5,29,3250.0
myopic_dqn_greedy,4,final,5,30,1025.0
myopic_dqn_greedy,4,final,5,31,3125.0
myopic_dqn_greedy,4,final,5,32,850.0
myopic_dqn_greedy,4,final,5,33,2275.0
myopic_dqn_greedy,4,final,5,34,0.0
myopic_dqn_greedy,4,final,5,35,0.0
myopic_dqn_greedy,4,final,5,36,2075.0
myopic_dqn_greedy,4,final,5,37,2850.0
myopic_dqn_greedy,4,final,5,38,2075.0
myopic_dqn_greedy,4,final,5,39,1175.0
myopic_dqn_greedy,4,final,5,40,1300.0
myopic_dqn_greedy,4,final,5,41,1300.0
myopic_dqn_greedy,4,final,5,42,2075.0
myopic_dqn_greedy,4,final,5,43,2850.0
myopic_dqn_greedy,4,final,5,44,2075.0
myopic_dqn_greedy,4,final,5,45,900.0
myopic_dqn_greedy,4,final,5,46,2275.0
myopic_dqn_greedy,4,final,5,47,850.0
myopic_dqn_greedy,4,final,5,48,0.0
myopic_dqn_greedy,4,final,5,49,0.0
anticipatory_dqn_greedy,4,final,6,0,700.0
anticipatory_dqn_greedy,4,final,6,1,0.0
anticipatory_dqn_greedy,4,final,6,2,300.0
anticipatory_dqn_greedy,4,final,6,3,0.0
anticipatory_dqn_greedy,4,final,6,4,1775.0
anticipatory_dqn_greedy,4,final,6,5,0.0
anticipatory_dqn_greedy,4,final,6,6,1300.0
anticipatory_dqn_greedy,4,final,6,7,0.0
anticipatory_dqn_greedy,4,final,6,8,1300.0
anticipatory_dqn_greedy,4,final,6,9,1300.0
anticipatory_dqn_greedy,4,final,6,10,800.0
anticipatory_dqn_greedy,4,final,6,11,400.0
anticipatory_dqn_greedy,4,final,6,12,4725.0
anticipatory_dqn_greedy,4,final,6,13,150.0
anticipatory_dqn_greedy,4,final,6,14,0.0
anticipatory_dqn_greedy,4,final,6,15,0.0
anticipatory_dqn_greedy,4,final,6,16,0.0
anticipatory_dqn_greedy,4,final,6,17,1875.0
anticipatory_dqn_greedy,4,final,6,18,400.0
anticipatory_dqn_greedy,4,final,6,19,1200.0
anticipatory_dqn_greedy,4,final,6,20,1300.0
anticipatory_dqn_greedy,4,final,6,21,0.0
anticipatory_dqn_greedy,4,final,6,22,2075.0
anticipatory_dqn_greedy,4,final,6,23,12550.0
anticipatory_dqn_greedy,4,final,6,24,0.0
anticipatory_dqn_greedy,4,final,6,25,0.0
anticipatory_dqn_greedy,4,final,6,26,0.0
anticipatory_dqn_greedy,4,final,6,27,1925.0
anticipatory_dqn_greedy,4,final,6,28,2850.0
anticipatory_dqn_greedy,4,final,6,29,0.0
anticipatory_dqn_greedy,4,final,6,30,2075.0
anticipatory_dqn_greedy,4,final,6,31,1300.0
anticipatory_dqn_greedy,4,final,6,32,0.0
anticipatory_dqn_greedy,4,final,6,33,2075.0
anticipatory_dqn_greedy,4,final,6,34,2850.0
anticipatory_dqn_greedy,4,final,6,35,2075.0
anticipatory_dqn_greedy,4,final,6,36,0.0
anticipatory_dqn_greedy,4,final,6,37,0.0
anticipatory_dqn_greedy,4,final,6,38,0.0
anticipatory_dqn_greedy,4,final,6,39,2075.0
anticipatory_dqn_greedy,4,final,6,40,2075.0
anticipatory_dqn_greedy,4,final,6,41,2075.0
anticipatory_dqn_greedy,4,final,6,42,0.0
anticipatory_dqn_greedy,4,final,6,43,2075.0
anticipatory_dqn_greedy,4,final,6,44,2075.0
anticipatory_dqn_greedy,4,final,6,45,2850.0
anticipatory_dqn_greedy,4,final,6,46,250.0
anticipatory_dqn_greedy,4,final,6,47,6400.0
anticipatory_dqn_greedy,4,final,6,48,0.0
anticipatory_dqn_greedy,4,final,6,49,2875.0
myopic_dqn_greedy,4,final,6,0,700.0
myopic_dqn_greedy,4,final,6,1,0.0
myopic_dqn_greedy,4,final,6,2,300.0
myopic_dqn_greedy,4,final,6,3,0.0
myopic_dqn_greedy,4,final,6,4,1775.0
myopic_dqn_greedy,4,final,6,5,0.0
myopic_dqn_greedy,4,final,6,6,1300.0
myopic_dqn_greedy,4,final,6,7,0.0
myopic_dqn_greedy,4,final,6,8,1300.0
myopic_dqn_greedy,4,final,6,9,1300.0
myopic_dqn_greedy,4,final,6,10,800.0
myopic_dqn_greedy,4,final,6,11,100.0
myopic_dqn_greedy,4,final,6,12,2750.0
myopic_dqn_greedy,4,final,6,13,1875.0
myopic_dqn_greedy,4,final,6,14,0.0
myopic_dqn_greedy,4,final,6,15,0.0
myopic_dqn_greedy,4,final,6,16,0.0
myopic_dqn_greedy,4,final,6,17,1300.0
myopic_dqn_greedy,4,final,6,18,400.0
myopic_dqn_greedy,4,final,6,19,1200.0
myopic_dqn_greedy,4,final,6,20,1300.0
myopic_dqn_greedy,4,final,6,21,0.0
myopic_dqn_greedy,4,final,6,22,2075.0
myopic_dqn_greedy,4,final,6,23,400.0
myopic_dqn_greedy,4,final,6,24,0.0
myopic_dqn_greedy,4,final,6,25,0.0
myopic_dqn_greedy,4,final,6,26,0.0
myopic_dqn_greedy,4,final,6,27,2700.0
myopic_dqn_greedy,4,final,6,28,2850.0
myopic_dqn_greedy,4,final,6,29,0.0
myopic_dqn_greedy,4,final,6,30,2075.0
myopic_dqn_greedy,4,final,6,31,1300.0
myopic_dqn_greedy,4,final,6,32,0.0
myopic_dqn_greedy,4,final,6,33,2075.0
myopic_dqn_greedy,4,final,6,34,2850.0
myopic_dqn_greedy,4,final,6,35,2075.0
myopic_dqn_greedy,4,final,6,36,0.0
myopic_dqn_greedy,4,final,6,37,0.0
myopic_dqn_greedy,4,final,6,38,0.0
myopic_dqn_greedy,4,final,6,39,2075.0
myopic_dqn_greedy,4,final,6,40,2075.0
myopic_dqn_greedy,4,final,6,41,2075.0
myopic_dqn_greedy,4,final,6,42,0.0
myopic_dqn_greedy,4,final,6,43,2075.0
myopic_dqn_greedy,4,final,6,44,2075.0
myopic_dqn_greedy,4,final,6,45,2850.0
myopic_dqn_greedy,4,final,6,46,0.0
myopic_dqn_greedy,4,final,6,47,2075.0
myopic_dqn_greedy,4,final,6,48,0.0
myopic_dqn_greedy,4,final,6,49,2075.0
anticipatory_dqn_greedy,4,final,7,0,1400.0
anticipatory_dqn_greedy,4,final,7,1,375.0
anticipatory_dqn_greedy,4,final,7,2,6400.0
anticipatory_dqn_greedy,4,final,7,3,675.0
anticipatory_dqn_greedy,4,final,7,4,650.0
anticipatory_dqn_greedy,4,final,7,5,1875.0
anticipatory_dqn_greedy,4,final,7,6,2075.0
anticipatory_dqn_greedy,4,final,7,7,2850.0
anticipatory_dqn_greedy,4,final,7,8,1600.0
anticipatory_dqn_greedy,4,final,7,9,2075.0
anticipatory_dqn_greedy,4,final,7,10,2075.0
anticipatory_dqn_greedy,4,final,7,11,850.0
anticipatory_dqn_greedy,4,final,7,12,0.0
anticipatory_dqn_greedy,4,final,7,13,3050.0
anticipatory_dqn_greedy,4,final,7,14,0.0
anticipatory_dqn_greedy,4,final,7,15,2850.0
anticipatory_dqn_greedy,4,final,7,16,2850.0
anticipatory_dqn_greedy,4,final,7,17,2075.0
anticipatory_dqn_greedy,4,final,7,18,1300.0
anticipatory_dqn_greedy,4,final,7,19,2075.0
anticipatory_dqn_greedy,4,final,7,20,2850.0
anticipatory_dqn_greedy,4,final,7,21,2850.0
anticipatory_dqn_greedy,4,final,7,22,0.0
anticipatory_dqn_greedy,4,final,7,23,1000.0
anticipatory_dqn_greedy,4,final,7,24,2750.0
anticipatory_dqn_greedy,4,final,7,25,2075.0
anticipatory_dqn_greedy,4,final,7,26,1300.0
anticipatory_dqn_greedy,4,final,7,27,2075.0
anticipatory_dqn_greedy,4,final,7,28,2075.0
anticipatory_dqn_greedy,4,final,7,29,1300.0
anticipatory_dqn_greedy,4,final,7,30,1300.0
anticipatory_dqn_greedy,4,final,7,31,2075.0
anticipatory_dqn_greedy,4,final,7,32,2850.0
anticipatory_dqn_greedy,4,final,7,33,2075.0
anticipatory_dqn_greedy,4,final,7,34,0.0
anticipatory_dqn_greedy,4,final,7,35,1300.0
anticipatory_dqn_greedy,4,final,7,36,1300.0
anticipatory_dqn_greedy,4,final,7,37,950.0
anticipatory_dqn_greedy,4,final,7,38,1500.0
anticipatory_dqn_greedy,4,final,7,39,1300.0
anticipatory_dqn_greedy,4,final,7,40,1300.0
anticipatory_dqn_greedy,4,final,7,41,1300.0
anticipatory_dqn_greedy,4,final,7,42,1300.0
anticipatory_dqn_greedy,4,final,7,43,2075.0
anticipatory_dqn_greedy,4,final,7,44,2850.0
anticipatory_dqn_greedy,4,final,7,45,2850.0
anticipatory_dqn_greedy,4,final,7,46,0.0
anticipatory_dqn_greedy,4,final,7,47,1175.0
anticipatory_dqn_greedy,4,final,7,48,2850.0
anticipatory_dqn_greedy,4,final,7,49,2075.0
myopic_dqn_greedy,4,final,7,0,1400.0
myopic_dqn_greedy,4,final,7,1,1975.0
myopic_dqn_greedy,4,final,7,2,1500.0
myopic_dqn_greedy,4,final,7,3,850.0
myopic_dqn_greedy,4,final,7,4,700.0
myopic_dqn_greedy,4,final,7,5,1300.0
myopic_dqn_greedy,4,final,7,6,2075.0
myopic_dqn_greedy,4,final,7,7,2850.0
myopic_dqn_greedy,4,final,7,8,1600.0
myopic_dqn_greedy,4,final,7,9,2075.0
myopic_dqn_greedy,4,final,7,10,2075.0
myopic_dqn_greedy,4,final,7,11,850.0
myopic_dqn_greedy,4,final,7,12,0.0
myopic_dqn_greedy,4,final,7,13,3050.0
myopic_dqn_greedy,4,final,7,14,0.0
myopic_dqn_greedy,4,final,7,15,2850.0
myopic_dqn_greedy,4,final,7,16,2850.0
myopic_dqn_greedy,4,final,7,17,2075.0
myopic_dqn_greedy,4,final,7,18,1300.0
myopic_dqn_greedy,4,final,7,19,2075.0
myopic_dqn_greedy,4,final,7,20,2850.0
myopic_dqn_greedy,4,final,7,21,2850.0
myopic_dqn_greedy,4,final,7,22,0.0
myopic_dqn_greedy,4,final,7,23,1000.0
myopic_dqn_greedy,4,final,7,24,3025.0
myopic_dqn_greedy,4,final,7,25,2075.0
myopic_dqn_greedy,4,final,7,26,1300.0
myopic_dqn_greedy,4,final,7,27,2075.0
myopic_dqn_greedy,4,final,7,28,2075.0
myopic_dqn_greedy,4,final,7,29,1300.0
myopic_dqn_greedy,4,final,7,30,1300.0
myopic_dqn_greedy,4,final,7,31,2075.0
myopic_dqn_greedy,4,final,7,32,2850.0
myopic_dqn_greedy,4,final,7,33,2075.0
myopic_dqn_greedy,4,final,7,34,0.0
myopic_dqn_greedy,4,final,7,35,1300.0
myopic_dqn_greedy,4,final,7,36,1300.0
myopic_dqn_greedy,4,final,7,37,900.0
myopic_dqn_greedy,4,final,7,38,1500.0
myopic_dqn_greedy,4,final,7,39,1300.0
myopic_dqn_greedy,4,final,7,40,1300.0
myopic_dqn_greedy,4,final,7,41,1300.0
myopic_dqn_greedy,4,final,7,42,1300.0
myopic_dqn_greedy,4,final,7,43,2075.0
myopic_dqn_greedy,4,final,7,44,2850.0
myopic_dqn_greedy,4,final,7,45,2850.0
myopic_dqn_greedy,4,final,7,46,0.0
myopic_dqn_greedy,4,final,7,47,1175.0
myopic_dqn_greedy,4,final,7,48,2850.0
myopic_dqn_greedy,4,final,7,49,2075.0
anticipatory_dqn_greedy,4,final,8,0,700.0
anticipatory_dqn_greedy,4,final,8,1,0.0
anticipatory_dqn_greedy,4,final,8,2,0.0
anticipatory_dqn_greedy,4,final,8,3,0.0
anticipatory_dqn_greedy,4,final,8,4,1475.0
anticipatory_dqn_greedy,4,final,8,5,1150.0
anticipatory_dqn_greedy,4,final,8,6,1300.0
anticipatory_dqn_greedy,4,final,8,7,800.0
anticipatory_dqn_greedy,4,final,8,8,2450.0
anticipatory_dqn_greedy,4,final,8,9,2850.0
anticipatory_dqn_greedy,4,final,8,10,850.0
anticipatory_dqn_greedy,4,final,8,11,3050.0
anticipatory_dqn_greedy,4,final,8,12,2850.0
anticipatory_dqn_greedy,4,final,8,13,2850.0
anticipatory_dqn_greedy,4,final,8,14,0.0
anticipatory_dqn_greedy,4,final,8,15,2850.0
anticipatory_dqn_greedy,4,final,8,16,2075.0
anticipatory_dqn_greedy,4,final,8,17,1600.0
anticipatory_dqn_greedy,4,final,8,18,2075.0
anticipatory_dqn_greedy,4,final,8,19,2075.0
anticipatory_dqn_greedy,4,final,8,20,850.0
anticipatory_dqn_greedy,4,final,8,21,2275.0
anticipatory_dqn_greedy,4,final,8,22,1000.0
anticipatory_dqn_greedy,4,final,8,23,3200.0
anticipatory_dqn_greedy,4,final,8,24,2750.0
anticipatory_dqn_greedy,4,final,8,25,2850.0
anticipatory_dqn_greedy,4,final,8,26,2075.0
anticipatory_dqn_greedy,4,final,8,27,2075.0
anticipatory_dqn_greedy,4,final,8,28,1675.0
anticipatory_dqn_greedy,4,final,8,29,2650.0
anticipatory_dqn_greedy,4,final,8,30,850.0
anticipatory_dqn_greedy,4,final,8,31,0.0
anticipatory_dqn_greedy,4,final,8,32,2275.0
anticipatory_dqn_greedy,4,final,8,33,2075.0
anticipatory_dqn_greedy,4,final,8,34,2075.0
anticipatory_dqn_greedy,4,final,8,35,2075.0
anticipatory_dqn_greedy,4,final,8,36,2075.0
anticipatory_dqn_greedy,4,final,8,37,0.0
anticipatory_dqn_greedy,4,final,8,38,0.0
anticipatory_dqn_greedy,4,final,8,39,1300.0
anticipatory_dqn_greedy,4,final,8,40,1300.0
anticipatory_dqn_greedy,4,final,8,41,900.0
anticipatory_dqn_greedy,4,final,8,42,2275.0
anticipatory_dqn_greedy,4,final,8,43,2850.0
anticipatory_dqn_greedy,4,final,8,44,2850.0
anticipatory_dqn_greedy,4,final,8,45,0.0
anticipatory_dqn_greedy,4,final,8,46,0.0
anticipatory_dqn_greedy,4,final,8,47,2850.0
anticipatory_dqn_greedy,4,final,8,48,2850.0
anticipatory_dqn_greedy,4,final,8,49,0.0
myopic_dqn_greedy,4,final,8,0,700.0
myopic_dqn_greedy,4,final,8,1,0.0
myopic_dqn_greedy,4,final,8,2,0.0
myopic_dqn_greedy,4,final,8,3,0.0
myopic_dqn_greedy,4,final,8,4,1475.0
myopic_dqn_greedy,4,final,8,5,900.0
myopic_dqn_greedy,4,final,8,6,1300.0
myopic_dqn_greedy,4,final,8,7,800.0
myopic_dqn_greedy,4,final,8,8,2650.0
myopic_dqn_greedy,4,final,8,9,2850.0
myopic_dqn_greedy,4,final,8,10,850.0
myopic_dqn_greedy,4,final,8,11,3050.0
myopic_dqn_greedy,4,final,8,12,2850.0
myopic_dqn_greedy,4,final,8,13,2850.0
myopic_dqn_greedy,4,final,8,14,0.0
myopic_dqn_greedy,4,final,8,15,2850.0
myopic_dqn_greedy,4,final,8,16,2075.0
myopic_dqn_greedy,4,final,8,17,1600.0
myopic_dqn_greedy,4,final,8,18,2075.0
myopic_dqn_greedy,4,final,8,19,2075.0
myopic_dqn_greedy,4,final,8,20,850.0
myopic_dqn_greedy,4,final,8,21,2275.0
myopic_dqn_greedy,4,final,8,22,1000.0
myopic_dqn_greedy,4,final,8,23,3250.0
myopic_dqn_greedy,4,final,8,24,2875.0
myopic_dqn_greedy,4,final,8,25,2850.0
myopic_dqn_greedy,4,final,8,26,2075.0
myopic_dqn_greedy,4,final,8,27,2075.0
myopic_dqn_greedy,4,final,8,28,1675.0
myopic_dqn_greedy,4,final,8,29,2650.0
myopic_dqn_greedy,4,final,8,30,850.0
myopic_dqn_greedy,4,final,8,31,0.0
myopic_dqn_greedy,4,final,8,32,2275.0
myopic_dqn_greedy,4,final,8,33,2075.0
myopic_dqn_greedy,4,final,8,34,2075.0
myopic_dqn_greedy,4,final,8,35,2075.0
myopic_dqn_greedy,4,final,8,36,2075.0
myopic_dqn_greedy,4,final,8,37,0.0
myopic_dqn_greedy,4,final,8,38,0.0
myopic_dqn_greedy,4,final,8,39,1300.0
myopic_dqn_greedy,4,final,8,40,1300.0
myopic_dqn_greedy,4,final,8,41,900.0
myopic_dqn_greedy,4,final,8,42,2275.0
myopic_dqn_greedy,4,final,8,43,2850.0
myopic_dqn_greedy,4,final,8,44,2850.0
myopic_dqn_greedy,4,final,8,45,0.0
myopic_dqn_greedy,4,final,8,46,0.0
myopic_dqn_greedy,4,final,8,47,2850.0
myopic_dqn_greedy,4,final,8,48,2850.0
myopic_dqn_greedy,4,final,8,49,0.0
anticipatory_dqn_greedy,4,final,9,0,1400.0
anticipatory_dqn_greedy,4,final,9,1,1675.0
anticipatory_dqn_greedy,4,final,9,2,850.0
anticipatory_dqn_greedy,4,final,9,3,1725.0
anticipatory_dqn_greedy,4,final,9,4,1050.0
anticipatory_dqn_greedy,4,final,9,5,250.0
anticipatory_dqn_greedy,4,final,9,6,1050.0
anticipatory_dqn_greedy,4,final,9,7,1050.0
anticipatory_dqn_greedy,4,final,9,8,1850.0
anticipatory_dqn_greedy,4,final,9,9,950.0
anticipatory_dqn_greedy,4,final,9,10,1500.0
anticipatory_dqn_greedy,4,final,9,11,1500.0
anticipatory_dqn_greedy,4,final,9,12,1500.0
anticipatory_dqn_greedy,4,final,9,13,1500.0
anticipatory_dqn_greedy,4,final,9,14,100.0
anticipatory_dqn_greedy,4,final,9,15,1400.0
anticipatory_dqn_greedy,4,final,9,16,1500.0
anticipatory_dqn_greedy,4,final,9,17,1500.0
anticipatory_dqn_greedy,4,final,9,18,900.0
anticipatory_dqn_greedy,4,final,9,19,1700.0
anticipatory_dqn_greedy,4,final,9,20,1050.0
anticipatory_dqn_greedy,4,final,9,21,1050.0
anticipatory_dqn_greedy,4,final,9,22,1500.0
anticipatory_dqn_greedy,4,final,9,23,1500.0
anticipatory_dqn_greedy,4,final,9,24,1050.0
anticipatory_dqn_greedy,4,final,9,25,600.0
anticipatory_dqn_greedy,4,final,9,26,0.0
anticipatory_dqn_greedy,4,final,9,27,0.0
anticipatory_dqn_greedy,4,final,9,28,0.0
anticipatory_dqn_greedy,4,final,9,29,600.0
anticipatory_dqn_greedy,4,final,9,30,0.0
anticipatory_dqn_greedy,4,final,9,31,600.0
anticipatory_dqn_greedy,4,final,9,32,1050.0
anticipatory_dqn_greedy,4,final,9,33,1500.0
anticipatory_dqn_greedy,4,final,9,34,1050.0
anticipatory_dqn_greedy,4,final,9,35,100.0
anticipatory_dqn_greedy,4,final,9,36,0.0
anticipatory_dqn_greedy,4,final,9,37,500.0
anticipatory_dqn_greedy,4,final,9,38,100.0
anticipatory_dqn_greedy,4,final,9,39,950.0
anticipatory_dqn_greedy,4,final,9,40,1500.0
anticipatory_dqn_greedy,4,final,9,41,0.0
anticipatory_dqn_greedy,4,final,9,42,0.0
anticipatory_dqn_greedy,4,final,9,43,1050.0
anticipatory_dqn_greedy,4,final,9,44,600.0
anticipatory_dqn_greedy,4,final,9,45,600.0
anticipatory_dqn_greedy,4,final,9,46,600.0
anticipatory_dqn_greedy,4,final,9,47,0.0
anticipatory_dqn_greedy,4,final,9,48,100.0
anticipatory_dqn_greedy,4,final,9,49,950.0
myopic_dqn_greedy,4,final,9,0,1400.0
myopic_dqn_greedy,4,final,9,1,1675.0
myopic_dqn_greedy,4,final,9,2,850.0
myopic_dqn_greedy,4,final,9,3,1500.0
myopic_dqn_greedy,4,final,9,4,800.0
myopic_dqn_greedy,4,final,9,5,1875.0
myopic_dqn_greedy,4,final,9,6,2075.0
myopic_dqn_greedy,4,final,9,7,2075.0
myopic_dqn_greedy,4,final,9,8,1000.0
myopic_dqn_greedy,4,final,9,9,2175.0
myopic_dqn_greedy,4,final,9,10,2850.0
myopic_dqn_greedy,4,final,9,11,2850.0
myopic_dqn_greedy,4,final,9,12,2850.0
myopic_dqn_greedy,4,final,9,13,2850.0
myopic_dqn_greedy,4,final,9,14,100.0
myopic_dqn_greedy,4,final,9,15,2750.0
myopic_dqn_greedy,4,final,9,16,2850.0
myopic_dqn_greedy,4,final,9,17,2850.0
myopic_dqn_greedy,4,final,9,18,900.0
myopic_dqn_greedy,4,final,9,19,3050.0
myopic_dqn_greedy,4,final,9,20,2075.0
myopic_dqn_greedy,4,final,9,21,2075.0
myopic_dqn_greedy,4,final,9,22,2850.0
myopic_dqn_greedy,4,final,9,23,2850.0
myopic_dqn_greedy,4,final,9,24,2075.0
myopic_dqn_greedy,4,final,9,25,1300.0
myopic_dqn_greedy,4,final,9,26,0.0
myopic_dqn_greedy,4,final,9,27,0.0
myopic_dqn_greedy,4,final,9,28,0.0
myopic_dqn_greedy,4,final,9,29,1300.0
myopic_dqn_greedy,4,final,9,30,0.0
myopic_dqn_greedy,4,final,9,31,1300.0
myopic_dqn_greedy,4,final,9,32,2075.0
myopic_dqn_greedy,4,final,9,33,2850.0
myopic_dqn_greedy,4,final,9,34,2075.0
myopic_dqn_greedy,4,final,9,35,100.0
myopic_dqn_greedy,4,final,9,36,0.0
myopic_dqn_greedy,4,final,9,37,1200.0
myopic_dqn_greedy,4,final,9,38,100.0
myopic_dqn_greedy,4,final,9,39,1975.0
myopic_dqn_greedy,4,final,9,40,2850.0
myopic_dqn_greedy,4,final,9,41,0.0
myopic_dqn_greedy,4,final,9,42,0.0
myopic_dqn_greedy,4,final,9,43,2075.0
myopic_dqn_greedy,4,final,9,44,1300.0
myopic_dqn_greedy,4,final,9,45,1300.0
myopic_dqn_greedy,4,final,9,46,1300.0
myopic_dqn_greedy,4,final,9,47,0.0
myopic_dqn_greedy,4,final,9,48,100.0
myopic_dqn_greedy,4,final,9,49,1975.0
anticipatory_dqn_greedy,8,final,0,0,1400.0
anticipatory_dqn_greedy,8,final,0,1,1050.0
anticipatory_dqn_greedy,8,final,0,2,1825.0
anticipatory_dqn_greedy,8,final,0,3,2375.0
anticipatory_dqn_greedy,8,final,0,4,0.0
anticipatory_dqn_greedy,8,final,0,5,2850.0
anticipatory_dqn_greedy,8,final,0,6,900.0
anticipatory_dqn_greedy,8,final,0,7,2275.0
anticipatory_dqn_greedy,8,final,0,8,2075.0
anticipatory_dqn_greedy,8,final,0,9,2075.0
anticipatory_dqn_greedy,8,final,0,10,1300.0
anticipatory_dqn_greedy,8,final,0,11,2075.0
anticipatory_dqn_greedy,8,final,0,12,2075.0
anticipatory_dqn_greedy,8,final,0,13,6400.0
anticipatory_dqn_greedy,8,final,0,14,850.0
anticipatory_dqn_greedy,8,final,0,15,2275.0
anticipatory_dqn_greedy,8,final,0,16,2075.0
anticipatory_dqn_greedy,8,final,0,17,2075.0
anticipatory_dqn_greedy,8,final,0,18,0.0
anticipatory_dqn_greedy,8,final,0,19,2075.0
anticipatory_dqn_greedy,8,final,0,20,700.0
anticipatory_dqn_greedy,8,final,0,21,0.0
anticipatory_dqn_greedy,8,final,0,22,1975.0
anticipatory_dqn_greedy,8,final,0,23,0.0
anticipatory_dqn_greedy,8,final,0,24,0.0
anticipatory_dqn_greedy,8,final,0,25,2850.0
anticipatory_dqn_greedy,8,final,0,26,100.0
anticipatory_dqn_greedy,8,final,0,27,2750.0
anticipatory_dqn_greedy,8,final,0,28,2075.0
anticipatory_dqn_greedy,8,final,0,29,0.0
anticipatory_dqn_greedy,8,final,0,30,0.0
anticipatory_dqn_greedy,8,final,0,31,0.0
anticipatory_dqn_greedy,8,final,0,32,6400.0
anticipatory_dqn_greedy,8,final,0,33,1300.0
anticipatory_dqn_greedy,8,final,0,34,0.0
anticipatory_dqn_greedy,8,final,0,35,2075.0
anticipatory_dqn_greedy,8,final,0,36,0.0
anticipatory_dqn_greedy,8,final,0,37,0.0
anticipatory_dqn_greedy,8,final,0,38,100.0
anticipatory_dqn_greedy,8,final,0,39,0.0
anticipatory_dqn_greedy,8,final,0,40,0.0
anticipatory_dqn_greedy,8,final,0,41,0.0
anticipatory_dqn_greedy,8,final,0,42,2750.0
anticipatory_dqn_greedy,8,final,0,43,2850.0
anticipatory_dqn_greedy,8,final,0,44,2075.0
anticipatory_dqn_greedy,8,final,0,45,100.0
anticipatory_dqn_greedy,8,final,0,46,7350.0
anticipatory_dqn_greedy,8,final,0,47,0.0
anticipatory_dqn_greedy,8,final,0,48,0.0
anticipatory_dqn_greedy,8,final,0,49,0.0
myopic_dqn_greedy,8,final,0,0,6400.0
myopic_dqn_greedy,8,final,0,1,650.0
myopic_dqn_greedy,8,final,0,2,375.0
myopic_dqn_greedy,8,final,0,3,2475.0
myopic_dqn_greedy,8,final,0,4,0.0
myopic_dqn_greedy,8,final,0,5,2850.0
myopic_dqn_greedy,8,final,0,6,0.0
myopic_dqn_greedy,8,final,0,7,2075.0
myopic_dqn_greedy,8,final,0,8,2075.0
myopic_dqn_greedy,8,final,0,9,2075.0
myopic_dqn_greedy,8,final,0,10,1300.0
myopic_dqn_greedy,8,final,0,11,2075.0
myopic_dqn_greedy,8,final,0,12,2075.0
myopic_dqn_greedy,8,final,0,13,1600.0
myopic_dqn_greedy,8,final,0,14,850.0
myopic_dqn_greedy,8,final,0,15,2275.0
myopic_dqn_greedy,8,final,0,16,2075.0
myopic_dqn_greedy,8,final,0,17,2075.0
myopic_dqn_greedy,8,final,0,18,900.0
myopic_dqn_greedy,8,final,0,19,2275.0
myopic_dqn_greedy,8,final,0,20,700.0
myopic_dqn_greedy,8,final,0,21,0.0
myopic_dqn_greedy,8,final,0,22,2175.0
myopic_dqn_greedy,8,final,0,23,0.0
myopic_dqn_greedy,8,final,0,24,0.0
myopic_dqn_greedy,8,final,0,25,2850.0
myopic_dqn_greedy,8,final,0,26,400.0
myopic_dqn_greedy,8,final,0,27,2750.0
myopic_dqn_greedy,8,final,0,28,2075.0
myopic_dqn_greedy,8,final,0,29,0.0
myopic_dqn_greedy,8,final,0,30,0.0
myopic_dqn_greedy,8,final,0,31,0.0
myopic_dqn_greedy,8,final,0,32,1750.0
myopic_dqn_greedy,8,final,0,33,1500.0
myopic_dqn_greedy,8,final,0,34,0.0
myopic_dqn_greedy,8,final,0,35,2075.0
myopic_dqn_greedy,8,final,0,36,0.0
myopic_dqn_greedy,8,final,0,37,0.0
myopic_dqn_greedy,8,final,0,38,100.0
myopic_dqn_greedy,8,final,0,39,0.0
myopic_dqn_greedy,8,final,0,40,0.0
myopic_dqn_greedy,8,final,0,41,0.0
myopic_dqn_greedy,8,final,0,42,2750.0
myopic_dqn_greedy,8,final,0,43,2850.0
myopic_dqn_greedy,8,final,0,44,2075.0
myopic_dqn_greedy,8,final,0,45,100.0
myopic_dqn_greedy,8,final,0,46,1925.0
myopic_dqn_greedy,8,final,0,47,0.0
myopic_dqn_greedy,8,final,0,48,0.0
myopic_dqn_greedy,8,final,0,49,0.0
anticipatory_dqn_greedy,8,final,1,0,1475.0
anticipatory_dqn_greedy,8,final,1,1,800.0
anticipatory_dqn_greedy,8,final,1,2,450.0
anticipatory_dqn_greedy,8,final,1,3,650.0
anticipatory_dqn_greedy,8,final,1,4,0.0
anticipatory_dqn_greedy,8,final,1,5,1525.0
anticipatory_dqn_greedy,8,final,1,6,2075.0
anticipatory_dqn_greedy,8,final,1,7,250.0
anticipatory_dqn_greedy,8,final,1,8,0.0
anticipatory_dqn_greedy,8,final,1,9,0.0
anticipatory_dqn_greedy,8,final,1,10,2125.0
anticipatory_dqn_greedy,8,final,1,11,2075.0
anticipatory_dqn_greedy,8,final,1,12,2850.0
anticipatory_dqn_greedy,8,final,1,13,2075.0
anticipatory_dqn_greedy,8,final,1,14,900.0
anticipatory_dqn_greedy,8,final,1,15,850.0
anticipatory_dqn_greedy,8,final,1,16,0.0
anticipatory_dqn_greedy,8,final,1,17,0.0
anticipatory_dqn_greedy,8,final,1,18,2275.0
anticipatory_dqn_greedy,8,final,1,19,2850.0
anticipatory_dqn_greedy,8,final,1,20,2075.0
anticipatory_dqn_greedy,8,final,1,21,2075.0
anticipatory_dqn_greedy,8,final,1,22,2850.0
anticipatory_dqn_greedy,8,final,1,23,2075.0
anticipatory_dqn_greedy,8,final,1,24,900.0
anticipatory_dqn_greedy,8,final,1,25,0.0
anticipatory_dqn_greedy,8,final,1,26,2275.0
anticipatory_dqn_greedy,8,final,1,27,2075.0
anticipatory_dqn_greedy,8,final,1,28,2075.0
anticipatory_dqn_greedy,8,final,1,29,2850.0
anticipatory_dqn_greedy,8,final,1,30,0.0
anticipatory_dqn_greedy,8,final,1,31,0.0
anticipatory_dqn_greedy,8,final,1,32,2850.0
anticipatory_dqn_greedy,8,final,1,33,2075.0
anticipatory_dqn_greedy,8,final,1,34,1300.0
anticipatory_dqn_greedy,8,final,1,35,2075.0
anticipatory_dqn_greedy,8,final,1,36,0.0
anticipatory_dqn_greedy,8,final,1,37,0.0
anticipatory_dqn_greedy,8,final,1,38,1100.0
anticipatory_dqn_greedy,8,final,1,39,2075.0
anticipatory_dqn_greedy,8,final,1,40,3525.0
anticipatory_dqn_greedy,8,final,1,41,1150.0
anticipatory_dqn_greedy,8,final,1,42,2275.0
anticipatory_dqn_greedy,8,final,1,43,900.0
anticipatory_dqn_greedy,8,final,1,44,0.0
anticipatory_dqn_greedy,8,final,1,45,3050.0
anticipatory_dqn_greedy,8,final,1,46,2850.0
anticipatory_dqn_greedy,8,final,1,47,100.0
anticipatory_dqn_greedy,8,final,1,48,0.0
anticipatory_dqn_greedy,8,final,1,49,1975.0
myopic_dqn_greedy,8,final,1,0,1475.0
myopic_dqn_greedy,8,final,1,1,800.0
myopic_dqn_greedy,8,final,1,2,450.0
myopic_dqn_greedy,8,final,1,3,450.0
myopic_dqn_greedy,8,final,1,4,0.0
myopic_dqn_greedy,8,final,1,5,1725.0
myopic_dqn_greedy,8,final,1,6,2075.0
myopic_dqn_greedy,8,final,1,7,250.0
myopic_dqn_greedy,8,final,1,8,0.0
myopic_dqn_greedy,8,final,1,9,0.0
myopic_dqn_greedy,8,final,1,10,2125.0
myopic_dqn_greedy,8,final,1,11,2075.0
myopic_dqn_greedy,8,final,1,12,2850.0
myopic_dqn_greedy,8,final,1,13,2075.0
myopic_dqn_greedy,8,final,1,14,900.0
myopic_dqn_greedy,8,final,1,15,850.0
myopic_dqn_greedy,8,final,1,16,0.0
myopic_dqn_greedy,8,final,1,17,0.0
myopic_dqn_greedy,8,final,1,18,2275.0
myopic_dqn_greedy,8,final,1,19,2850.0
myopic_dqn_greedy,8,final,1,20,2075.0
myopic_dqn_greedy,8,final,1,21,2075.0
myopic_dqn_greedy,8,final,1,22,2850.0
myopic_dqn_greedy,8,final,1,23,2075.0
myopic_dqn_greedy,8,final,1,24,900.0
myopic_dqn_greedy,8,final,1,25,0.0
myopic_dqn_greedy,8,final,1,26,2275.0
myopic_dqn_greedy,8,final,1,27,2075.0
myopic_dqn_greedy,8,final,1,28,2075.0
myopic_dqn_greedy,8,final,1,29,2850.0
myopic_dqn_greedy,8,final,1,30,0.0
myopic_dqn_greedy,8,final,1,31,0.0
myopic_dqn_greedy,8,final,1,32,2850.0
myopic_dqn_greedy,8,final,1,33,2075.0
myopic_dqn_greedy,8,final,1,34,1300.0
myopic_dqn_greedy,8,final,1,35,2075.0
myopic_dqn_greedy,8,final,1,36,0.0
myopic_dqn_greedy,8,final,1,37,0.0
myopic_dqn_greedy,8,final,1,38,1100.0
myopic_dqn_greedy,8,final,1,39,2075.0
myopic_dqn_greedy,8,final,1,40,6400.0
myopic_dqn_greedy,8,final,1,41,850.0
myopic_dqn_greedy,8,final,1,42,2275.0
myopic_dqn_greedy,8,final,1,43,900.0
myopic_dqn_greedy,8,final,1,44,0.0
myopic_dqn_greedy,8,final,1,45,3050.0
myopic_dqn_greedy,8,final,1,46,2850.0
myopic_dqn_greedy,8,final,1,47,700.0
myopic_dqn_greedy,8,final,1,48,0.0
myopic_dqn_greedy,8,final,1,49,1975.0
anticipatory_dqn_greedy,8,final,2,0,650.0
anticipatory_dqn_greedy,8,final,2,1,1600.0
anticipatory_dqn_greedy,8,final,2,2,1650.0
anticipatory_dqn_greedy,8,final,2,3,3150.0
anticipatory_dqn_greedy,8,final,2,4,1150.0
anticipatory_dqn_greedy,8,final,2,5,1525.0
anticipatory_dqn_greedy,8,final,2,6,0.0
anticipatory_dqn_greedy,8,final,2,7,2075.0
anticipatory_dqn_greedy,8,final,2,8,2075.0
anticipatory_dqn_greedy,8,final,2,9,1300.0
anticipatory_dqn_greedy,8,final,2,10,2075.0
anticipatory_dqn_greedy,8,final,2,11,2075.0
anticipatory_dqn_greedy,8,final,2,12,1300.0
anticipatory_dqn_greedy,8,final,2,13,0.0
anticipatory_dqn_greedy,8,final,2,14,6400.0
anticipatory_dqn_greedy,8,final,2,15,2075.0
anticipatory_dqn_greedy,8,final,2,16,0.0
anticipatory_dqn_greedy,8,final,2,17,0.0
anticipatory_dqn_greedy,8,final,2,18,2075.0
anticipatory_dqn_greedy,8,final,2,19,1300.0
anticipatory_dqn_greedy,8,final,2,20,1300.0
anticipatory_dqn_greedy,8,final,2,21,2075.0
anticipatory_dqn_greedy,8,final,2,22,2075.0
anticipatory_dqn_greedy,8,final,2,23,2075.0
anticipatory_dqn_greedy,8,final,2,24,0.0
anticipatory_dqn_greedy,8,final,2,25,0.0
anticipatory_dqn_greedy,8,final,2,26,2850.0
anticipatory_dqn_greedy,8,final,2,27,2850.0
anticipatory_dqn_greedy,8,final,2,28,2850.0
anticipatory_dqn_greedy,8,final,2,29,2075.0
anticipatory_dqn_greedy,8,final,2,30,2075.0
anticipatory_dqn_greedy,8,final,2,31,2850.0
anticipatory_dqn_greedy,8,final,2,32,2075.0
anticipatory_dqn_greedy,8,final,2,33,1300.0
anticipatory_dqn_greedy,8,final,2,34,2075.0
anticipatory_dqn_greedy,8,final,2,35,2075.0
anticipatory_dqn_greedy,8,final,2,36,1300.0
anticipatory_dqn_greedy,8,final,2,37,2075.0
anticipatory_dqn_greedy,8,final,2,38,2850.0
anticipatory_dqn_greedy,8,final,2,39,900.0
anticipatory_dqn_greedy,8,final,2,40,850.0
anticipatory_dqn_greedy,8,final,2,41,3050.0
anticipatory_dqn_greedy,8,final,2,42,2075.0
anticipatory_dqn_greedy,8,final,2,43,0.0
anticipatory_dqn_greedy,8,final,2,44,900.0
anticipatory_dqn_greedy,8,final,2,45,0.0
anticipatory_dqn_greedy,8,final,2,46,0.0
anticipatory_dqn_greedy,8,final,2,47,2275.0
anticipatory_dqn_greedy,8,final,2,48,2075.0
anticipatory_dqn_greedy,8,final,2,49,700.0
myopic_dqn_greedy,8,final,2,0,650.0
myopic_dqn_greedy,8,final,2,1,1600.0
myopic_dqn_greedy,8,final,2,2,1375.0
myopic_dqn_greedy,8,final,2,3,2750.0
myopic_dqn_greedy,8,final,2,4,900.0
myopic_dqn_greedy,8,final,2,5,2275.0
myopic_dqn_greedy,8,final,2,6,925.0
myopic_dqn_greedy,8,final,2,7,2275.0
myopic_dqn_greedy,8,final,2,8,2075.0
myopic_dqn_greedy,8,final,2,9,1300.0
myopic_dqn_greedy,8,final,2,10,2075.0
myopic_dqn_greedy,8,final,2,11,2075.0
myopic_dqn_greedy,8,final,2,12,1300.0
myopic_dqn_greedy,8,final,2,13,0.0
myopic_dqn_greedy,8,final,2,14,3575.0
myopic_dqn_greedy,8,final,2,15,2225.0
myopic_dqn_greedy,8,final,2,16,0.0
myopic_dqn_greedy,8,final,2,17,0.0
myopic_dqn_greedy,8,final,2,18,2075.0
myopic_dqn_greedy,8,final,2,19,1300.0
myopic_dqn_greedy,8,final,2,20,1300.0
myopic_dqn_greedy,8,final,2,21,2075.0
myopic_dqn_greedy,8,final,2,22,2075.0
myopic_dqn_greedy,8,final,2,23,2075.0
myopic_dqn_greedy,8,final,2,24,0.0
myopic_dqn_greedy,8,final,2,25,0.0
myopic_dqn_greedy,8,final,2,26,2850.0
myopic_dqn_greedy,8,final,2,27,2850.0
myopic_dqn_greedy,8,final,2,28,2850.0
myopic_dqn_greedy,8,final,2,29,2075.0
myopic_dqn_greedy,8,final,2,30,2075.0
myopic_dqn_greedy,8,final,2,31,2850.0
myopic_dqn_greedy,8,final,2,32,2075.0
myopic_dqn_greedy,8,final,2,33,1300.0
myopic_dqn_greedy,8,final,2,34,2075.0
myopic_dqn_greedy,8,final,2,35,2075.0
myopic_dqn_greedy,8,final,2,36,1300.0
myopic_dqn_greedy,8,final,2,37,2075.0
myopic_dqn_greedy,8,final,2,38,2850.0
myopic_dqn_greedy,8,final,2,39,1175.0
myopic_dqn_greedy,8,final,2,40,850.0
myopic_dqn_greedy,8,final,2,41,3050.0
myopic_dqn_greedy,8,final,2,42,2075.0
myopic_dqn_greedy,8,final,2,43,0.0
myopic_dqn_greedy,8,final,2,44,900.0
myopic_dqn_greedy,8,final,2,45,0.0
myopic_dqn_greedy,8,final,2,46,0.0
myopic_dqn_greedy,8,final,2,47,2275.0
myopic_dqn_greedy,8,final,2,48,2075.0
myopic_dqn_greedy,8,final,2,49,700.0
anticipatory_dqn_greedy,8,final,3,0,700.0
anticipatory_dqn_greedy,8,final,3,1,0.0
anticipatory_dqn_greedy,8,final,3,2,0.0
anticipatory_dqn_greedy,8,final,3,3,1475.0
anticipatory_dqn_greedy,8,final,3,4,1300.0
anticipatory_dqn_greedy,8,final,3,5,800.0
anticipatory_dqn_greedy,8,final,3,6,1875.0
anticipatory_dqn_greedy,8,final,3,7,2075.0
anticipatory_dqn_greedy,8,final,3,8,2075.0
anticipatory_dqn_greedy,8,final,3,9,0.0
anticipatory_dqn_greedy,8,final,3,10,2075.0
anticipatory_dqn_greedy,8,final,3,11,2850.0
anticipatory_dqn_greedy,8,final,3,12,2850.0
anticipatory_dqn_greedy,8,final,3,13,2075.0
anticipatory_dqn_greedy,8,final,3,14,2075.0
anticipatory_dqn_greedy,8,final,3,15,2075.0
anticipatory_dqn_greedy,8,final,3,16,1300.0
anticipatory_dqn_greedy,8,final,3,17,0.0
anticipatory_dqn_greedy,8,final,3,18,1300.0
anticipatory_dqn_greedy,8,final,3,19,0.0
anticipatory_dqn_greedy,8,final,3,20,0.0
anticipatory_dqn_greedy,8,final,3,21,1300.0
anticipatory_dqn_greedy,8,final,3,22,2075.0
anticipatory_dqn_greedy,8,final,3,23,0.0
anticipatory_dqn_greedy,8,final,3,24,0.0
anticipatory_dqn_greedy,8,final,3,25,2075.0
anticipatory_dqn_greedy,8,final,3,26,0.0
anticipatory_dqn_greedy,8,final,3,27,700.0
anticipatory_dqn_greedy,8,final,3,28,0.0
anticipatory_dqn_greedy,8,final,3,29,0.0
anticipatory_dqn_greedy,8,final,3,30,1200.0
anticipatory_dqn_greedy,8,final,3,31,6400.0
anticipatory_dqn_greedy,8,final,3,32,0.0
anticipatory_dqn_greedy,8,final,3,33,1300.0
anticipatory_dqn_greedy,8,final,3,34,2075.0
anticipatory_dqn_greedy,8,final,3,35,900.0
anticipatory_dqn_greedy,8,final,3,36,2075.0
anticipatory_dqn_greedy,8,final,3,37,1300.0
anticipatory_dqn_greedy,8,final,3,38,2075.0
anticipatory_dqn_greedy,8,final,3,39,2075.0
anticipatory_dqn_greedy,8,final,3,40,850.0
anticipatory_dqn_greedy,8,final,3,41,0.0
anticipatory_dqn_greedy,8,final,3,42,600.0
anticipatory_dqn_greedy,8,final,3,43,1975.0
anticipatory_dqn_greedy,8,final,3,44,2075.0
anticipatory_dqn_greedy,8,final,3,45,1300.0
anticipatory_dqn_greedy,8,final,3,46,2075.0
anticipatory_dqn_greedy,8,final,3,47,2075.0
anticipatory_dqn_greedy,8,final,3,48,1300.0
anticipatory_dqn_greedy,8,final,3,49,1300.0
myopic_dqn_greedy,8,final,3,0,700.0
myopic_dqn_greedy,8,final,3,1,0.0
myopic_dqn_greedy,8,final,3,2,0.0
myopic_dqn_greedy,8,final,3,3,1475.0
myopic_dqn_greedy,8,final,3,4,1300.0
myopic_dqn_greedy,8,final,3,5,800.0
myopic_dqn_greedy,8,final,3,6,1875.0
myopic_dqn_greedy,8,final,3,7,2075.0
myopic_dqn_greedy,8,final,3,8,2075.0
myopic_dqn_greedy,8,final,3,9,0.0
myopic_dqn_greedy,8,final,3,10,2075.0
myopic_dqn_greedy,8,final,3,11,2850.0
myopic_dqn_greedy,8,final,3,12,2850.0
myopic_dqn_greedy,8,final,3,13,2075.0
myopic_dqn_greedy,8,final,3,14,2075.0
myopic_dqn_greedy,8,final,3,15,2075.0
myopic_dqn_greedy,8,final,3,16,1300.0
myopic_dqn_greedy,8,final,3,17,0.0
myopic_dqn_greedy,8,final,3,18,1300.0
myopic_dqn_greedy,8,final,3,19,0.0
myopic_dqn_greedy,8,final,3,20,0.0
myopic_dqn_greedy,8,final,3,21,1300.0
myopic_dqn_greedy,8,final,3,22,2075.0
myopic_dqn_greedy,8,final,3,23,0.0
myopic_dqn_greedy,8,final,3,24,0.0
myopic_dqn_greedy,8,final,3,25,2075.0
myopic_dqn_greedy,8,final,3,26,0.0
myopic_dqn_greedy,8,final,3,27,700.0
myopic_dqn_greedy,8,final,3,28,0.0
myopic_dqn_greedy,8,final,3,29,0.0
myopic_dqn_greedy,8,final,3,30,1400.0
myopic_dqn_greedy,8,final,3,31,900.0
myopic_dqn_greedy,8,final,3,32,900.0
myopic_dqn_greedy,8,final,3,33,1500.0
myopic_dqn_greedy,8,final,3,34,2075.0
myopic_dqn_greedy,8,final,3,35,2200.0
myopic_dqn_greedy,8,final,3,36,2075.0
myopic_dqn_greedy,8,final,3,37,1300.0
myopic_dqn_greedy,8,final,3,38,2075.0
myopic_dqn_greedy,8,final,3,39,2075.0
myopic_dqn_greedy,8,final,3,40,850.0
myopic_dqn_greedy,8,final,3,41,0.0
myopic_dqn_greedy,8,final,3,42,900.0
myopic_dqn_greedy,8,final,3,43,2175.0
myopic_dqn_greedy,8,final,3,44,2075.0
myopic_dqn_greedy,8,final,3,45,1300.0
myopic_dqn_greedy,8,final,3,46,2075.0
myopic_dqn_greedy,8,final,3,47,2075.0
myopic_dqn_greedy,8,final,3,48,1300.0
myopic_dqn_greedy,8,final,3,49,1300.0
anticipatory_dqn_greedy,8,final,4,0,6400.0
anticipatory_dqn_greedy,8,final,4,1,650.0
anticipatory_dqn_greedy,8,final,4,2,0.0
anticipatory_dqn_greedy,8,final,4,3,400.0
anticipatory_dqn_greedy,8,final,4,4,0.0
anticipatory_dqn_greedy,8,final,4,5,0.0
anticipatory_dqn_greedy,8,final,4,6,1975.0
anticipatory_dqn_greedy,8,final,4,7,0.0
anticipatory_dqn_greedy,8,final,4,8,0.0
anticipatory_dqn_greedy,8,final,4,9,2075.0
anticipatory_dqn_greedy,8,final,4,10,0.0
anticipatory_dqn_greedy,8,final,4,11,100.0
anticipatory_dqn_greedy,8,final,4,12,6300.0
anticipatory_dqn_greedy,8,final,4,13,2175.0
anticipatory_dqn_greedy,8,final,4,14,900.0
anticipatory_dqn_greedy,8,final,4,15,0.0
anticipatory_dqn_greedy,8,final,4,16,700.0
anticipatory_dqn_greedy,8,final,4,17,2450.0
anticipatory_dqn_greedy,8,final,4,18,850.0
anticipatory_dqn_greedy,8,final,4,19,2275.0
anticipatory_dqn_greedy,8,final,4,20,2850.0
anticipatory_dqn_greedy,8,final,4,21,0.0
anticipatory_dqn_greedy,8,final,4,22,2075.0
anticipatory_dqn_greedy,8,final,4,23,1600.0
anticipatory_dqn_greedy,8,final,4,24,1300.0
anticipatory_dqn_greedy,8,final,4,25,2650.0
anticipatory_dqn_greedy,8,final,4,26,1300.0
anticipatory_dqn_greedy,8,final,4,27,900.0
anticipatory_dqn_greedy,8,final,4,28,1050.0
anticipatory_dqn_greedy,8,final,4,29,1500.0
anticipatory_dqn_greedy,8,final,4,30,0.0
anticipatory_dqn_greedy,8,final,4,31,0.0
anticipatory_dqn_greedy,8,final,4,32,2075.0
anticipatory_dqn_greedy,8,final,4,33,6400.0
anticipatory_dqn_greedy,8,final,4,34,2075.0
anticipatory_dqn_greedy,8,final,4,35,0.0
anticipatory_dqn_greedy,8,final,4,36,0.0
anticipatory_dqn_greedy,8,final,4,37,2075.0
anticipatory_dqn_greedy,8,final,4,38,0.0
anticipatory_dqn_greedy,8,final,4,39,0.0
anticipatory_dqn_greedy,8,final,4,40,2850.0
anticipatory_dqn_greedy,8,final,4,41,9025.0
anticipatory_dqn_greedy,8,final,4,42,1975.0
anticipatory_dqn_greedy,8,final,4,43,0.0
anticipatory_dqn_greedy,8,final,4,44,1000.0
anticipatory_dqn_greedy,8,final,4,45,0.0
anticipatory_dqn_greedy,8,final,4,46,0.0
anticipatory_dqn_greedy,8,final,4,47,1975.0
anticipatory_dqn_greedy,8,final,4,48,0.0
anticipatory_dqn_greedy,8,final,4,49,0.0
myopic_dqn_greedy,8,final,4,0,1600.0
myopic_dqn_greedy,8,final,4,1,650.0
myopic_dqn_greedy,8,final,4,2,0.0
myopic_dqn_greedy,8,final,4,3,400.0
myopic_dqn_greedy,8,final,4,4,0.0
myopic_dqn_greedy,8,final,4,5,0.0
myopic_dqn_greedy,8,final,4,6,1975.0
myopic_dqn_greedy,8,final,4,7,0.0
myopic_dqn_greedy,8,final,4,8,0.0
myopic_dqn_greedy,8,final,4,9,2075.0
myopic_dqn_greedy,8,final,4,10,0.0
myopic_dqn_greedy,8,final,4,11,100.0
myopic_dqn_greedy,8,final,4,12,3200.0
myopic_dqn_greedy,8,final,4,13,1975.0
myopic_dqn_greedy,8,final,4,14,900.0
myopic_dqn_greedy,8,final,4,15,0.0
myopic_dqn_greedy,8,final,4,16,700.0
myopic_dqn_greedy,8,final,4,17,2075.0
myopic_dqn_greedy,8,final,4,18,850.0
myopic_dqn_greedy,8,final,4,19,2500.0
myopic_dqn_greedy,8,final,4,20,2850.0
myopic_dqn_greedy,8,final,4,21,0.0
myopic_dqn_greedy,8,final,4,22,2075.0
myopic_dqn_greedy,8,final,4,23,1600.0
myopic_dqn_greedy,8,final,4,24,1300.0
myopic_dqn_greedy,8,final,4,25,2650.0
myopic_dqn_greedy,8,final,4,26,1300.0
myopic_dqn_greedy,8,final,4,27,900.0
myopic_dqn_greedy,8,final,4,28,1050.0
myopic_dqn_greedy,8,final,4,29,1500.0
myopic_dqn_greedy,8,final,4,30,0.0
myopic_dqn_greedy,8,final,4,31,0.0
myopic_dqn_greedy,8,final,4,32,2075.0
myopic_dqn_greedy,8,final,4,33,0.0
myopic_dqn_greedy,8,final,4,34,2075.0
myopic_dqn_greedy,8,final,4,35,0.0
myopic_dqn_greedy,8,final,4,36,0.0
myopic_dqn_greedy,8,final,4,37,2075.0
myopic_dqn_greedy,8,final,4,38,0.0
myopic_dqn_greedy,8,final,4,39,0.0
myopic_dqn_greedy,8,final,4,40,2850.0
myopic_dqn_greedy,8,final,4,41,375.0
myopic_dqn_greedy,8,final,4,42,1950.0
myopic_dqn_greedy,8,final,4,43,0.0
myopic_dqn_greedy,8,final,4,44,700.0
myopic_dqn_greedy,8,final,4,45,0.0
myopic_dqn_greedy,8,final,4,46,0.0
myopic_dqn_greedy,8,final,4,47,1400.0
myopic_dqn_greedy,8,final,4,48,0.0
myopic_dqn_greedy,8,final,4,49,0.0
anticipatory_dqn_greedy,8,final,5,0,0.0
anticipatory_dqn_greedy,8,final,5,1,650.0
anticipatory_dqn_greedy,8,final,5,2,1875.0
anticipatory_dqn_greedy,8,final,5,3,2075.0
anticipatory_dqn_greedy,8,final,5,4,0.0
anticipatory_dqn_greedy,8,final,5,5,2850.0
anticipatory_dqn_greedy,8,final,5,6,700.0
anticipatory_dqn_greedy,8,final,5,7,0.0
anticipatory_dqn_greedy,8,final,5,8,2750.0
anticipatory_dqn_greedy,8,final,5,9,2075.0
anticipatory_dqn_greedy,8,final,5,10,0.0
anticipatory_dqn_greedy,8,final,5,11,2075.0
anticipatory_dqn_greedy,8,final,5,12,100.0
anticipatory_dqn_greedy,8,final,5,13,2750.0
anticipatory_dqn_greedy,8,final,5,14,2075.0
anticipatory_dqn_greedy,8,final,5,15,1300.0
anticipatory_dqn_greedy,8,final,5,16,1600.0
anticipatory_dqn_greedy,8,final,5,17,850.0
anticipatory_dqn_greedy,8,final,5,18,2275.0
anticipatory_dqn_greedy,8,final,5,19,900.0
anticipatory_dqn_greedy,8,final,5,20,0.0
anticipatory_dqn_greedy,8,final,5,21,1300.0
anticipatory_dqn_greedy,8,final,5,22,2075.0
anticipatory_dqn_greedy,8,final,5,23,1300.0
anticipatory_dqn_greedy,8,final,5,24,1000.0
anticipatory_dqn_greedy,8,final,5,25,1200.0
anticipatory_dqn_greedy,8,final,5,26,2075.0
anticipatory_dqn_greedy,8,final,5,27,3050.0
anticipatory_dqn_greedy,8,final,5,28,2850.0
anticipatory_dqn_greedy,8,final,5,29,6575.0
anticipatory_dqn_greedy,8,final,5,30,1050.0
anticipatory_dqn_greedy,8,final,5,31,2300.0
anticipatory_dqn_greedy,8,final,5,32,0.0
anticipatory_dqn_greedy,8,final,5,33,2075.0
anticipatory_dqn_greedy,8,final,5,34,0.0
anticipatory_dqn_greedy,8,final,5,35,0.0
anticipatory_dqn_greedy,8,final,5,36,2075.0
anticipatory_dqn_greedy,8,final,5,37,2850.0
anticipatory_dqn_greedy,8,final,5,38,2075.0
anticipatory_dqn_greedy,8,final,5,39,1175.0
anticipatory_dqn_greedy,8,final,5,40,1300.0
anticipatory_dqn_greedy,8,final,5,41,1300.0
anticipatory_dqn_greedy,8,final,5,42,2075.0
anticipatory_dqn_greedy,8,final,5,43,2850.0
anticipatory_dqn_greedy,8,final,5,44,2075.0
anticipatory_dqn_greedy,8,final,5,45,900.0
anticipatory_dqn_greedy,8,final,5,46,2275.0
anticipatory_dqn_greedy,8,final,5,47,850.0
anticipatory_dqn_greedy,8,final,5,48,0.0
anticipatory_dqn_greedy,8,final,5,49,0.0
myopic_dqn_greedy,8,final,5,0,0.0
myopic_dqn_greedy,8,final,5,1,650.0
myopic_dqn_greedy,8,final,5,2,1875.0
myopic_dqn_greedy,8,final,5,3,2075.0
myopic_dqn_greedy,8,final,5,4,0.0
myopic_dqn_greedy,8,final,5,5,2850.0
myopic_dqn_greedy,8,final,5,6,700.0
myopic_dqn_greedy,8,final,5,7,0.0
myopic_dqn_greedy,8,final,5,8,2750.0
myopic_dqn_greedy,8,final,5,9,2075.0
myopic_dqn_greedy,8,final,5,10,0.0
myopic_dqn_greedy,8,final,5,11,2075.0
myopic_dqn_greedy,8,final,5,12,100.0
myopic_dqn_greedy,8,final,5,13,2750.0
myopic_dqn_greedy,8,final,5,14,2075.0
myopic_dqn_greedy,8,final,5,15,1300.0
myopic_dqn_greedy,8,final,5,16,1600.0
myopic_dqn_greedy,8,final,5,17,850.0
myopic_dqn_greedy,8,final,5,18,2275.0
myopic_dqn_greedy,8,final,5,19,900.0
myopic_dqn_greedy,8,final,5,20,0.0
myopic_dqn_greedy,8,final,5,21,1300.0
myopic_dqn_greedy,8,final,5,22,2075.0
myopic_dqn_greedy,8,final,5,23,1300.0
myopic_dqn_greedy,8,final,5,24,700.0
myopic_dqn_greedy,8,final,5,25,1400.0
myopic_dqn_greedy,8,final,5,26,2075.0
myopic_dqn_greedy,8,final,5,27,2850.0
myopic_dqn_greedy,8,final,5,28,2850.0
myopic_dqn_greedy,8,final,5,29,0.0
myopic_dqn_greedy,8,final,5,30,900.0
myopic_dqn_greedy,8,final,5,31,3100.0
myopic_dqn_greedy,8,final,5,32,925.0
myopic_dqn_greedy,8,final,5,33,2275.0
myopic_dqn_greedy,8,final,5,34,0.0
myopic_dqn_greedy,8,final,5,35,0.0
myopic_dqn_greedy,8,final,5,36,2075.0
myopic_dqn_greedy,8,final,5,37,2850.0
myopic_dqn_greedy,8,final,5,38,2075.0
myopic_dqn_greedy,8,final,5,39,1175.0
myopic_dqn_greedy,8,final,5,40,1300.0
myopic_dqn_greedy,8,final,5,41,1300.0
myopic_dqn_greedy,8,final,5,42,2075.0
myopic_dqn_greedy,8,final,5,43,2850.0
myopic_dqn_greedy,8,final,5,44,2075.0
myopic_dqn_greedy,8,final,5,45,900.0
myopic_dqn_greedy,8,final,5,46,2275.0
myopic_dqn_greedy,8,final,5,47,850.0
myopic_dqn_greedy,8,final,5,48,0.0
myopic_dqn_greedy,8,final,5,49,0.0
anticipatory_dqn_greedy,8,final,6,0,700.0
anticipatory_dqn_greedy,8,final,6,1,0.0
anticipatory_dqn_greedy,8,final,6,2,300.0
anticipatory_dqn_greedy,8,final,6,3,0.0
anticipatory_dqn_greedy,8,final,6,4,1775.0
anticipatory_dqn_greedy,8,final,6,5,0.0
anticipatory_dqn_greedy,8,final,6,6,1300.0
anticipatory_dqn_greedy,8,final,6,7,0.0
anticipatory_dqn_greedy,8,final,6,8,1300.0
anticipatory_dqn_greedy,8,final,6,9,1300.0
anticipatory_dqn_greedy,8,final,6,10,1050.0
anticipatory_dqn_greedy,8,final,6,11,400.0
anticipatory_dqn_greedy,8,final,6,12,1975.0
anticipatory_dqn_greedy,8,final,6,13,2075.0
anticipatory_dqn_greedy,8,final,6,14,0.0
anticipatory_dqn_greedy,8,final,6,15,0.0
anticipatory_dqn_greedy,8,final,6,16,0.0
anticipatory_dqn_greedy,8,final,6,17,1300.0
anticipatory_dqn_greedy,8,final,6,18,100.0
anticipatory_dqn_greedy,8,final,6,19,1200.0
anticipatory_dqn_greedy,8,final,6,20,1300.0
anticipatory_dqn_greedy,8,final,6,21,0.0
anticipatory_dqn_greedy,8,final,6,22,2075.0
anticipatory_dqn_greedy,8,final,6,23,3200.0
anticipatory_dqn_greedy,8,final,6,24,0.0
anticipatory_dqn_greedy,8,final,6,25,0.0
anticipatory_dqn_greedy,8,final,6,26,0.0
anticipatory_dqn_greedy,8,final,6,27,2850.0
anticipatory_dqn_greedy,8,final,6,28,2850.0
anticipatory_dqn_greedy,8,final,6,29,0.0
anticipatory_dqn_greedy,8,final,6,30,2075.0
anticipatory_dqn_greedy,8,final,6,31,1300.0
anticipatory_dqn_greedy,8,final,6,32,0.0
anticipatory_dqn_greedy,8,final,6,33,2075.0
anticipatory_dqn_greedy,8,final,6,34,2850.0
anticipatory_dqn_greedy,8,final,6,35,2075.0
anticipatory_dqn_greedy,8,final,6,36,0.0
anticipatory_dqn_greedy,8,final,6,37,0.0
anticipatory_dqn_greedy,8,final,6,38,0.0
anticipatory_dqn_greedy,8,final,6,39,2075.0
anticipatory_dqn_greedy,8,final,6,40,2075.0
anticipatory_dqn_greedy,8,final,6,41,2075.0
anticipatory_dqn_greedy,8,final,6,42,0.0
anticipatory_dqn_greedy,8,final,6,43,2075.0
anticipatory_dqn_greedy,8,final,6,44,2075.0
anticipatory_dqn_greedy,8,final,6,45,2850.0
anticipatory_dqn_greedy,8,final,6,46,6400.0
anticipatory_dqn_greedy,8,final,6,47,2075.0
anticipatory_dqn_greedy,8,final,6,48,0.0
anticipatory_dqn_greedy,8,final,6,49,2075.0
myopic_dqn_greedy,8,final,6,0,700.0
myopic_dqn_greedy,8,final,6,1,0.0
myopic_dqn_greedy,8,final,6,2,300.0
myopic_dqn_greedy,8,final,6,3,0.0
myopic_dqn_greedy,8,final,6,4,1775.0
myopic_dqn_greedy,8,final,6,5,0.0
myopic_dqn_greedy,8,final,6,6,1300.0
myopic_dqn_greedy,8,final,6,7,0.0
myopic_dqn_greedy,8,final,6,8,1300.0
myopic_dqn_greedy,8,final,6,9,1300.0
myopic_dqn_greedy,8,final,6,10,800.0
myopic_dqn_greedy,8,final,6,11,400.0
myopic_dqn_greedy,8,final,6,12,2750.0
myopic_dqn_greedy,8,final,6,13,1875.0
myopic_dqn_greedy,8,final,6,14,0.0
myopic_dqn_greedy,8,final,6,15,0.0
myopic_dqn_greedy,8,final,6,16,0.0
myopic_dqn_greedy,8,final,6,17,1300.0
myopic_dqn_greedy,8,final,6,18,400.0
myopic_dqn_greedy,8,final,6,19,1200.0
myopic_dqn_greedy,8,final,6,20,1300.0
myopic_dqn_greedy,8,final,6,21,0.0
myopic_dqn_greedy,8,final,6,22,2075.0
myopic_dqn_greedy,8,final,6,23,400.0
myopic_dqn_greedy,8,final,6,24,0.0
myopic_dqn_greedy,8,final,6,25,0.0
myopic_dqn_greedy,8,final,6,26,0.0
myopic_dqn_greedy,8,final,6,27,2700.0
myopic_dqn_greedy,8,final,6,28,2850.0
myopic_dqn_greedy,8,final,6,29,0.0
myopic_dqn_greedy,8,final,6,30,2075.0
myopic_dqn_greedy,8,final,6,31,1300.0
myopic_dqn_greedy,8,final,6,32,0.0
myopic_dqn_greedy,8,final,6,33,2075.0
myopic_dqn_greedy,8,final,6,34,2850.0
myopic_dqn_greedy,8,final,6,35,2075.0
myopic_dqn_greedy,8,final,6,36,0.0
myopic_dqn_greedy,8,final,6,37,0.0
myopic_dqn_greedy,8,final,6,38,0.0
myopic_dqn_greedy,8,final,6,39,2075.0
myopic_dqn_greedy,8,final,6,40,2075.0
myopic_dqn_greedy,8,final,6,41,2075.0
myopic_dqn_greedy,8,final,6,42,0.0
myopic_dqn_greedy,8,final,6,43,2075.0
myopic_dqn_greedy,8,final,6,44,2075.0
myopic_dqn_greedy,8,final,6,45,2850.0
myopic_dqn_greedy,8,final,6,46,0.0
myopic_dqn_greedy,8,final,6,47,2075.0
myopic_dqn_greedy,8,final,6,48,0.0
myopic_dqn_greedy,8,final,6,49,2075.0
anticipatory_dqn_greedy,8,final,7,0,1400.0
anticipatory_dqn_greedy,8,final,7,1,3250.0
anticipatory_dqn_greedy,8,final,7,2,1825.0
anticipatory_dqn_greedy,8,final,7,3,850.0
anticipatory_dqn_greedy,8,final,7,4,900.0
anticipatory_dqn_greedy,8,final,7,5,1300.0
anticipatory_dqn_greedy,8,final,7,6,2075.0
anticipatory_dqn_greedy,8,final,7,7,2850.0
anticipatory_dqn_greedy,8,final,7,8,1600.0
anticipatory_dqn_greedy,8,final,7,9,2075.0
anticipatory_dqn_greedy,8,final,7,10,2075.0
anticipatory_dqn_greedy,8,final,7,11,850.0
anticipatory_dqn_greedy,8,final,7,12,0.0
anticipatory_dqn_greedy,8,final,7,13,3050.0
anticipatory_dqn_greedy,8,final,7,14,0.0
anticipatory_dqn_greedy,8,final,7,15,2850.0
anticipatory_dqn_greedy,8,final,7,16,2850.0
anticipatory_dqn_greedy,8,final,7,17,2075.0
anticipatory_dqn_greedy,8,final,7,18,1300.0
anticipatory_dqn_greedy,8,final,7,19,2075.0
anticipatory_dqn_greedy,8,final,7,20,2850.0
anticipatory_dqn_greedy,8,final,7,21,2850.0
anticipatory_dqn_greedy,8,final,7,22,0.0
anticipatory_dqn_greedy,8,final,7,23,1300.0
anticipatory_dqn_greedy,8,final,7,24,2750.0
anticipatory_dqn_greedy,8,final,7,25,2075.0
anticipatory_dqn_greedy,8,final,7,26,1300.0
anticipatory_dqn_greedy,8,final,7,27,2075.0
anticipatory_dqn_greedy,8,final,7,28,2075.0
anticipatory_dqn_greedy,8,final,7,29,1300.0
anticipatory_dqn_greedy,8,final,7,30,1300.0
anticipatory_dqn_greedy,8,final,7,31,2075.0
anticipatory_dqn_greedy,8,final,7,32,2850.0
anticipatory_dqn_greedy,8,final,7,33,2075.0
anticipatory_dqn_greedy,8,final,7,34,0.0
anticipatory_dqn_greedy,8,final,7,35,1300.0
anticipatory_dqn_greedy,8,final,7,36,1300.0
anticipatory_dqn_greedy,8,final,7,37,900.0
anticipatory_dqn_greedy,8,final,7,38,1500.0
anticipatory_dqn_greedy,8,final,7,39,1300.0
anticipatory_dqn_greedy,8,final,7,40,1300.0
anticipatory_dqn_greedy,8,final,7,41,1300.0
anticipatory_dqn_greedy,8,final,7,42,1300.0
anticipatory_dqn_greedy,8,final,7,43,2075.0
anticipatory_dqn_greedy,8,final,7,44,2850.0
anticipatory_dqn_greedy,8,final,7,45,2850.0
anticipatory_dqn_greedy,8,final,7,46,0.0
anticipatory_dqn_greedy,8,final,7,47,900.0
anticipatory_dqn_greedy,8,final,7,48,2850.0
anticipatory_dqn_greedy,8,final,7,49,2075.0
myopic_dqn_greedy,8,final,7,0,6400.0
myopic_dqn_greedy,8,final,7,1,3225.0
myopic_dqn_greedy,8,final,7,2,1600.0
myopic_dqn_greedy,8,final,7,3,900.0
myopic_dqn_greedy,8,final,7,4,1000.0
myopic_dqn_greedy,8,final,7,5,1875.0
myopic_dqn_greedy,8,final,7,6,2075.0
myopic_dqn_greedy,8,final,7,7,2850.0
myopic_dqn_greedy,8,final,7,8,900.0
myopic_dqn_greedy,8,final,7,9,2075.0
myopic_dqn_greedy,8,final,7,10,2075.0
myopic_dqn_greedy,8,final,7,11,850.0
myopic_dqn_greedy,8,final,7,12,0.0
myopic_dqn_greedy,8,final,7,13,3050.0
myopic_dqn_greedy,8,final,7,14,0.0
myopic_dqn_greedy,8,final,7,15,2850.0
myopic_dqn_greedy,8,final,7,16,2850.0
myopic_dqn_greedy,8,final,7,17,2075.0
myopic_dqn_greedy,8,final,7,18,1300.0
myopic_dqn_greedy,8,final,7,19,2075.0
myopic_dqn_greedy,8,final,7,20,2850.0
myopic_dqn_greedy,8,final,7,21,2850.0
myopic_dqn_greedy,8,final,7,22,0.0
myopic_dqn_greedy,8,final,7,23,1300.0
myopic_dqn_greedy,8,final,7,24,3000.0
myopic_dqn_greedy,8,final,7,25,2075.0
myopic_dqn_greedy,8,final,7,26,1300.0
myopic_dqn_greedy,8,final,7,27,2075.0
myopic_dqn_greedy,8,final,7,28,2075.0
myopic_dqn_greedy,8,final,7,29,1300.0
myopic_dqn_greedy,8,final,7,30,1300.0
myopic_dqn_greedy,8,final,7,31,2075.0
myopic_dqn_greedy,8,final,7,32,2850.0
myopic_dqn_greedy,8,final,7,33,2075.0
myopic_dqn_greedy,8,final,7,34,0.0
myopic_dqn_greedy,8,final,7,35,1300.0
myopic_dqn_greedy,8,final,7,36,1300.0
myopic_dqn_greedy,8,final,7,37,900.0
myopic_dqn_greedy,8,final,7,38,1500.0
myopic_dqn_greedy,8,final,7,39,1300.0
myopic_dqn_greedy,8,final,7,40,1300.0
myopic_dqn_greedy,8,final,7,41,1300.0
myopic_dqn_greedy,8,final,7,42,1300.0
myopic_dqn_greedy,8,final,7,43,2075.0
myopic_dqn_greedy,8,final,7,44,2850.0
myopic_dqn_greedy,8,final,7,45,2850.0
myopic_dqn_greedy,8,final,7,46,0.0
myopic_dqn_greedy,8,final,7,47,1175.0
myopic_dqn_greedy,8,final,7,48,2850.0
myopic_dqn_greedy,8,final,7,49,2075.0
anticipatory_dqn_greedy,8,final,8,0,700.0
anticipatory_dqn_greedy,8,final,8,1,0.0
anticipatory_dqn_greedy,8,final,8,2,0.0
anticipatory_dqn_greedy,8,final,8,3,0.0
anticipatory_dqn_greedy,8,final,8,4,1475.0
anticipatory_dqn_greedy,8,final,8,5,6400.0
anticipatory_dqn_greedy,8,final,8,6,1300.0
anticipatory_dqn_greedy,8,final,8,7,800.0
anticipatory_dqn_greedy,8,final,8,8,2650.0
anticipatory_dqn_greedy,8,final,8,9,2850.0
anticipatory_dqn_greedy,8,final,8,10,0.0
anticipatory_dqn_greedy,8,final,8,11,2850.0
anticipatory_dqn_greedy,8,final,8,12,2850.0
anticipatory_dqn_greedy,8,final,8,13,2850.0
anticipatory_dqn_greedy,8,final,8,14,0.0
anticipatory_dqn_greedy,8,final,8,15,2850.0
anticipatory_dqn_greedy,8,final,8,16,2075.0
anticipatory_dqn_greedy,8,final,8,17,900.0
anticipatory_dqn_greedy,8,final,8,18,2075.0
anticipatory_dqn_greedy,8,final,8,19,2075.0
anticipatory_dqn_greedy,8,final,8,20,850.0
anticipatory_dqn_greedy,8,final,8,21,2275.0
anticipatory_dqn_greedy,8,final,8,22,1300.0
anticipatory_dqn_greedy,8,final,8,23,3200.0
anticipatory_dqn_greedy,8,final,8,24,2750.0
anticipatory_dqn_greedy,8,final,8,25,2850.0
anticipatory_dqn_greedy,8,final,8,26,2075.0
anticipatory_dqn_greedy,8,final,8,27,2075.0
anticipatory_dqn_greedy,8,final,8,28,1400.0
anticipatory_dqn_greedy,8,final,8,29,2650.0
anticipatory_dqn_greedy,8,final,8,30,850.0
anticipatory_dqn_greedy,8,final,8,31,0.0
anticipatory_dqn_greedy,8,final,8,32,2275.0
anticipatory_dqn_greedy,8,final,8,33,2075.0
anticipatory_dqn_greedy,8,final,8,34,2075.0
anticipatory_dqn_greedy,8,final,8,35,2075.0
anticipatory_dqn_greedy,8,final,8,36,2075.0
anticipatory_dqn_greedy,8,final,8,37,0.0
anticipatory_dqn_greedy,8,final,8,38,0.0
anticipatory_dqn_greedy,8,final,8,39,1300.0
anticipatory_dqn_greedy,8,final,8,40,1300.0
anticipatory_dqn_greedy,8,final,8,41,900.0
anticipatory_dqn_greedy,8,final,8,42,2275.0
anticipatory_dqn_greedy,8,final,8,43,2850.0
anticipatory_dqn_greedy,8,final,8,44,2850.0
anticipatory_dqn_greedy,8,final,8,45,0.0
anticipatory_dqn_greedy,8,final,8,46,0.0
anticipatory_dqn_greedy,8,final,8,47,2850.0
anticipatory_dqn_greedy,8,final,8,48,2850.0
anticipatory_dqn_greedy,8,final,8,49,0.0
myopic_dqn_greedy,8,final,8,0,700.0
myopic_dqn_greedy,8,final,8,1,0.0
myopic_dqn_greedy,8,final,8,2,0.0
myopic_dqn_greedy,8,final,8,3,0.0
myopic_dqn_greedy,8,final,8,4,1475.0
myopic_dqn_greedy,8,final,8,5,900.0
myopic_dqn_greedy,8,final,8,6,1300.0
myopic_dqn_greedy,8,final,8,7,800.0
myopic_dqn_greedy,8,final,8,8,2650.0
myopic_dqn_greedy,8,final,8,9,2850.0
myopic_dqn_greedy,8,final,8,10,850.0
myopic_dqn_greedy,8,final,8,11,3050.0
myopic_dqn_greedy,8,final,8,12,2850.0
myopic_dqn_greedy,8,final,8,13,2850.0
myopic_dqn_greedy,8,final,8,14,0.0
myopic_dqn_greedy,8,final,8,15,2850.0
myopic_dqn_greedy,8,final,8,16,2075.0
myopic_dqn_greedy,8,final,8,17,1600.0
myopic_dqn_greedy,8,final,8,18,2075.0
myopic_dqn_greedy,8,final,8,19,2075.0
myopic_dqn_greedy,8,final,8,20,850.0
myopic_dqn_greedy,8,final,8,21,2275.0
myopic_dqn_greedy,8,final,8,22,1300.0
myopic_dqn_greedy,8,final,8,23,6400.0
myopic_dqn_greedy,8,final,8,24,2725.0
myopic_dqn_greedy,8,final,8,25,2850.0
myopic_dqn_greedy,8,final,8,26,2075.0
myopic_dqn_greedy,8,final,8,27,2075.0
myopic_dqn_greedy,8,final,8,28,1675.0
myopic_dqn_greedy,8,final,8,29,2600.0
myopic_dqn_greedy,8,final,8,30,250.0
myopic_dqn_greedy,8,final,8,31,0.0
myopic_dqn_greedy,8,final,8,32,2275.0
myopic_dqn_greedy,8,final,8,33,2075.0
myopic_dqn_greedy,8,final,8,34,2075.0
myopic_dqn_greedy,8,final,8,35,2075.0
myopic_dqn_greedy,8,final,8,36,2075.0
myopic_dqn_greedy,8,final,8,37,0.0
myopic_dqn_greedy,8,final,8,38,0.0
myopic_dqn_greedy,8,final,8,39,1300.0
myopic_dqn_greedy,8,final,8,40,1300.0
myopic_dqn_greedy,8,final,8,41,900.0
myopic_dqn_greedy,8,final,8,42,2275.0
myopic_dqn_greedy,8,final,8,43,2850.0
myopic_dqn_greedy,8,final,8,44,2850.0
myopic_dqn_greedy,8,final,8,45,0.0
myopic_dqn_greedy,8,final,8,46,0.0
myopic_dqn_greedy,8,final,8,47,2850.0
myopic_dqn_greedy,8,final,8,48,2850.0
myopic_dqn_greedy,8,final,8,49,0.0
anticipatory_dqn_greedy,8,final,9,0,1400.0
anticipatory_dqn_greedy,8,final,9,1,1675.0
anticipatory_dqn_greedy,8,final,9,2,850.0
anticipatory_dqn_greedy,8,final,9,3,1500.0
anticipatory_dqn_greedy,8,final,9,4,800.0
anticipatory_dqn_greedy,8,final,9,5,1875.0
anticipatory_dqn_greedy,8,final,9,6,2075.0
anticipatory_dqn_greedy,8,final,9,7,2075.0
anticipatory_dqn_greedy,8,final,9,8,1300.0
anticipatory_dqn_greedy,8,final,9,9,1975.0
anticipatory_dqn_greedy,8,final,9,10,2850.0
anticipatory_dqn_greedy,8,final,9,11,2850.0
anticipatory_dqn_greedy,8,final,9,12,2850.0
anticipatory_dqn_greedy,8,final,9,13,2850.0
anticipatory_dqn_greedy,8,final,9,14,100.0
anticipatory_dqn_greedy,8,final,9,15,2750.0
anticipatory_dqn_greedy,8,final,9,16,2850.0
anticipatory_dqn_greedy,8,final,9,17,2850.0
anticipatory_dqn_greedy,8,final,9,18,900.0
anticipatory_dqn_greedy,8,final,9,19,3050.0
anticipatory_dqn_greedy,8,final,9,20,2075.0
anticipatory_dqn_greedy,8,final,9,21,2075.0
anticipatory_dqn_greedy,8,final,9,22,2850.0
anticipatory_dqn_greedy,8,final,9,23,2850.0
anticipatory_dqn_greedy,8,final,9,24,2075.0
anticipatory_dqn_greedy,8,final,9,25,1300.0
anticipatory_dqn_greedy,8,final,9,26,0.0
anticipatory_dqn_greedy,8,final,9,27,0.0
anticipatory_dqn_greedy,8,final,9,28,0.0
anticipatory_dqn_greedy,8,final,9,29,1300.0
anticipatory_dqn_greedy,8,final,9,30,0.0
anticipatory_dqn_greedy,8,final,9,31,1300.0
anticipatory_dqn_greedy,8,final,9,32,2075.0
anticipatory_dqn_greedy,8,final,9,33,2850.0
anticipatory_dqn_greedy,8,final,9,34,2075.0
anticipatory_dqn_greedy,8,final,9,35,100.0
anticipatory_dqn_greedy,8,final,9,36,0.0
anticipatory_dqn_greedy,8,final,9,37,1200.0
anticipatory_dqn_greedy,8,final,9,38,100.0
anticipatory_dqn_greedy,8,final,9,39,1975.0
anticipatory_dqn_greedy,8,final,9,40,2850.0
anticipatory_dqn_greedy,8,final,9,41,0.0
anticipatory_dqn_greedy,8,final,9,42,0.0
anticipatory_dqn_greedy,8,final,9,43,2075.0
anticipatory_dqn_greedy,8,final,9,44,1300.0
anticipatory_dqn_greedy,8,final,9,45,1300.0
anticipatory_dqn_greedy,8,final,9,46,1300.0
anticipatory_dqn_greedy,8,final,9,47,0.0
anticipatory_dqn_greedy,8,final,9,48,100.0
anticipatory_dqn_greedy,8,final,9,49,1975.0
myopic_dqn_greedy,8,final,9,0,6400.0
myopic_dqn_greedy,8,final,9,1,1475.0
myopic_dqn_greedy,8,final,9,2,900.0
myopic_dqn_greedy,8,final,9,3,1500.0
myopic_dqn_greedy,8,final,9,4,800.0
myopic_dqn_greedy,8,final,9,5,1875.0
myopic_dqn_greedy,8,final,9,6,2075.0
myopic_dqn_greedy,8,final,9,7,2075.0
myopic_dqn_greedy,8,final,9,8,700.0
myopic_dqn_greedy,8,final,9,9,2175.0
myopic_dqn_greedy,8,final,9,10,2850.0
myopic_dqn_greedy,8,final,9,11,2850.0
myopic_dqn_greedy,8,final,9,12,2850.0
myopic_dqn_greedy,8,final,9,13,2850.0
myopic_dqn_greedy,8,final,9,14,400.0
myopic_dqn_greedy,8,final,9,15,2750.0
myopic_dqn_greedy,8,final,9,16,2850.0
myopic_dqn_greedy,8,final,9,17,2850.0
myopic_dqn_greedy,8,final,9,18,0.0
myopic_dqn_greedy,8,final,9,19,2850.0
myopic_dqn_greedy,8,final,9,20,2075.0
myopic_dqn_greedy,8,final,9,21,2075.0
myopic_dqn_greedy,8,final,9,22,2850.0
myopic_dqn_greedy,8,final,9,23,2850.0
myopic_dqn_greedy,8,final,9,24,2075.0
myopic_dqn_greedy,8,final,9,25,1300.0
myopic_dqn_greedy,8,final,9,26,0.0
myopic_dqn_greedy,8,final,9,27,0.0
myopic_dqn_greedy,8,final,9,28,0.0
myopic_dqn_greedy,8,final,9,29,1300.0
myopic_dqn_greedy,8,final,9,30,0.0
myopic_dqn_greedy,8,final,9,31,1300.0
myopic_dqn_greedy,8,final,9,32,2075.0
myopic_dqn_greedy,8,final,9,33,2850.0
myopic_dqn_greedy,8,final,9,34,2075.0
myopic_dqn_greedy,8,final,9,35,100.0
myopic_dqn_greedy,8,final,9,36,0.0
myopic_dqn_greedy,8,final,9,37,1200.0
myopic_dqn_greedy,8,final,9,38,100.0
myopic_dqn_greedy,8,final,9,39,1975.0
myopic_dqn_greedy,8,final,9,40,2850.0
myopic_dqn_greedy,8,final,9,41,0.0
myopic_dqn_greedy,8,final,9,42,0.0
myopic_dqn_greedy,8,final,9,43,2075.0
myopic_dqn_greedy,8,final,9,44,1300.0
myopic_dqn_greedy,8,final,9,45,1300.0
myopic_dqn_greedy,8,final,9,46,1300.0
myopic_dqn_greedy,8,final,9,47,6400.0
myopic_dqn_greedy,8,final,9,48,100.0
myopic_dqn_greedy,8,final,9,49,1975.0
myopic_dqn_greedy,16,best,0,0,1600.0
myopic_dqn_greedy,16,best,0,1,650.0
myopic_dqn_greedy,16,best,0,2,6400.0
myopic_dqn_greedy,16,best,0,3,2650.0
myopic_dqn_greedy,16,best,0,4,6400.0
myopic_dqn_greedy,16,best,0,5,2900.0
myopic_dqn_greedy,16,best,0,6,0.0
myopic_dqn_greedy,16,best,0,7,2075.0
myopic_dqn_greedy,16,best,0,8,2075.0
myopic_dqn_greedy,16,best,0,9,2075.0
myopic_dqn_greedy,16,best,0,10,1300.0
myopic_dqn_greedy,16,best,0,11,2075.0
myopic_dqn_greedy,16,best,0,12,2075.0
myopic_dqn_greedy,16,best,0,13,3600.0
myopic_dqn_greedy,16,best,0,14,1875.0
myopic_dqn_greedy,16,best,0,15,2250.0
myopic_dqn_greedy,16,best,0,16,2075.0
myopic_dqn_greedy,16,best,0,17,2075.0
myopic_dqn_greedy,16,best,0,18,0.0
myopic_dqn_greedy,16,best,0,19,2075.0
myopic_dqn_greedy,16,best,0,20,400.0
myopic_dqn_greedy,16,best,0,21,3375.0
myopic_dqn_greedy,16,best,0,22,2225.0
myopic_dqn_greedy,16,best,0,23,0.0
myopic_dqn_greedy,16,best,0,24,0.0
myopic_dqn_greedy,16,best,0,25,3375.0
myopic_dqn_greedy,16,best,0,26,450.0
myopic_dqn_greedy,16,best,0,27,2750.0
myopic_dqn_greedy,16,best,0,28,2075.0
myopic_dqn_greedy,16,best,0,29,1775.0
myopic_dqn_greedy,16,best,0,30,0.0
myopic_dqn_greedy,16,best,0,31,1600.0
myopic_dqn_greedy,16,best,0,32,1700.0
myopic_dqn_greedy,16,best,0,33,1575.0
myopic_dqn_greedy,16,best,0,34,1925.0
myopic_dqn_greedy,16,best,0,35,1600.0
myopic_dqn_greedy,16,best,0,36,0.0
myopic_dqn_greedy,16,best,0,37,1600.0
myopic_dqn_greedy,16,best,0,38,275.0
myopic_dqn_greedy,16,best,0,39,0.0
myopic_dqn_greedy,16,best,0,40,0.0
myopic_dqn_greedy,16,best,0,41,0.0
myopic_dqn_greedy,16,best,0,42,1975.0
myopic_dqn_greedy,16,best,0,43,2850.0
myopic_dqn_greedy,16,best,0,44,2075.0
myopic_dqn_greedy,16,best,0,45,100.0
myopic_dqn_greedy,16,best,0,46,3625.0
myopic_dqn_greedy,16,best,0,47,6525.0
myopic_dqn_greedy,16,best,0,48,6400.0
myopic_dqn_greedy,16,best,0,49,0.0
myopic_dqn_greedy,16,best,1,0,1475.0
myopic_dqn_greedy,16,best,1,1,800.0
myopic_dqn_greedy,16,best,1,2,1775.0
myopic_dqn_greedy,16,best,1,3,725.0
myopic_dqn_greedy,16,best,1,4,0.0
myopic_dqn_greedy,16,best,1,5,1725.0
myopic_dqn_greedy,16,best,1,6,2075.0
myopic_dqn_greedy,16,best,1,7,250.0
myopic_dqn_greedy,16,best,1,8,0.0
myopic_dqn_greedy,16,best,1,9,0.0
myopic_dqn_greedy,16,best,1,10,2150.0
myopic_dqn_greedy,16,best,1,11,2075.0
myopic_dqn_greedy,16,best,1,12,2850.0
myopic_dqn_greedy,16,best,1,13,2075.0
myopic_dqn_greedy,16,best,1,14,900.0
myopic_dqn_greedy,16,best,1,15,850.0
myopic_dqn_greedy,16,best,1,16,0.0
myopic_dqn_greedy,16,best,1,17,0.0
myopic_dqn_greedy,16,best,1,18,2275.0
myopic_dqn_greedy,16,best,1,19,2850.0
myopic_dqn_greedy,16,best,1,20,2075.0
myopic_dqn_greedy,16,best,1,21,2075.0
myopic_dqn_greedy,16,best,1,22,2850.0
myopic_dqn_greedy,16,best,1,23,2075.0
myopic_dqn_greedy,16,best,1,24,900.0
myopic_dqn_greedy,16,best,1,25,0.0
myopic_dqn_greedy,16,best,1,26,2275.0
myopic_dqn_greedy,16,best,1,27,2075.0
myopic_dqn_greedy,16,best,1,28,2075.0
myopic_dqn_greedy,16,best,1,29,2850.0
myopic_dqn_greedy,16,best,1,30,0.0
myopic_dqn_greedy,16,best,1,31,0.0
myopic_dqn_greedy,16,best,1,32,2850.0
myopic_dqn_greedy,16,best,1,33,2075.0
myopic_dqn_greedy,16,best,1,34,1300.0
myopic_dqn_greedy,16,best,1,35,2075.0
myopic_dqn_greedy,16,best,1,36,0.0
myopic_dqn_greedy,16,best,1,37,0.0
myopic_dqn_greedy,16,best,1,38,1100.0
myopic_dqn_greedy,16,best,1,39,2075.0
myopic_dqn_greedy,16,best,1,40,6400.0
myopic_dqn_greedy,16,best,1,41,850.0
myopic_dqn_greedy,16,best,1,42,2275.0
myopic_dqn_greedy,16,best,1,43,900.0
myopic_dqn_greedy,16,best,1,44,0.0
myopic_dqn_greedy,16,best,1,45,3050.0
myopic_dqn_greedy,16,best,1,46,2850.0
myopic_dqn_greedy,16,best,1,47,1000.0
myopic_dqn_greedy,16,best,1,48,0.0
myopic_dqn_greedy,16,best,1,49,2250.0
myopic_dqn_greedy,16,best,2,0,650.0
myopic_dqn_greedy,16,best,2,1,1875.0
myopic_dqn_greedy,16,best,2,2,750.0
myopic_dqn_greedy,16,best,2,3,2750.0
myopic_dqn_greedy,16,best,2,4,0.0
myopic_dqn_greedy,16,best,2,5,2075.0
myopic_dqn_greedy,16,best,2,6,925.0
myopic_dqn_greedy,16,best,2,7,2275.0
myopic_dqn_greedy,16,best,2,8,2075.0
myopic_dqn_greedy,16,best,2,9,1300.0
myopic_dqn_greedy,16,best,2,10,2075.0
myopic_dqn_greedy,16,best,2,11,2075.0
myopic_dqn_greedy,16,best,2,12,1300.0
myopic_dqn_greedy,16,best,2,13,0.0
myopic_dqn_greedy,16,best,2,14,2025.0
myopic_dqn_greedy,16,best,2,15,2375.0
myopic_dqn_greedy,16,best,2,16,3325.0
myopic_dqn_greedy,16,best,2,17,0.0
myopic_dqn_greedy,16,best,2,18,2250.0
myopic_dqn_greedy,16,best,2,19,1300.0
myopic_dqn_greedy,16,best,2,20,1300.0
myopic_dqn_greedy,16,best,2,21,2075.0
myopic_dqn_greedy,16,best,2,22,2075.0
myopic_dqn_greedy,16,best,2,23,2075.0
myopic_dqn_greedy,16,best,2,24,3325.0
myopic_dqn_greedy,16,best,2,25,0.0
myopic_dqn_greedy,16,best,2,26,3375.0
myopic_dqn_greedy,16,best,2,27,3200.0
myopic_dqn_greedy,16,best,2,28,3200.0
myopic_dqn_greedy,16,best,2,29,1975.0
myopic_dqn_greedy,16,best,2,30,2075.0
myopic_dqn_greedy,16,best,2,31,3250.0
myopic_dqn_greedy,16,best,2,32,3350.0
myopic_dqn_greedy,16,best,2,33,3200.0
myopic_dqn_greedy,16,best,2,34,3200.0
myopic_dqn_greedy,16,best,2,35,3200.0
myopic_dqn_greedy,16,best,2,36,3200.0
myopic_dqn_greedy,16,best,2,37,3200.0
myopic_dqn_greedy,16,best,2,38,3200.0
myopic_dqn_greedy,16,best,2,39,6325.0
myopic_dqn_greedy,16,best,2,40,3175.0
myopic_dqn_greedy,16,best,2,41,3200.0
myopic_dqn_greedy,16,best,2,42,3200.0
myopic_dqn_greedy,16,best,2,43,3200.0
myopic_dqn_greedy,16,best,2,44,0.0
myopic_dqn_greedy,16,best,2,45,0.0
myopic_dqn_greedy,16,best,2,46,3200.0
myopic_dqn_greedy,16,best,2,47,3200.0
myopic_dqn_greedy,16,best,2,48,3200.0
myopic_dqn_greedy,16,best,2,49,450.0
myopic_dqn_greedy,16,best,3,0,700.0
myopic_dqn_greedy,16,best,3,1,0.0
myopic_dqn_greedy,16,best,3,2,0.0
myopic_dqn_greedy,16,best,3,3,1475.0
myopic_dqn_greedy,16,best,3,4,1300.0
myopic_dqn_greedy,16,best,3,5,800.0
myopic_dqn_greedy,16,best,3,6,1875.0
myopic_dqn_greedy,16,best,3,7,2075.0
myopic_dqn_greedy,16,best,3,8,2075.0
myopic_dqn_greedy,16,best,3,9,0.0
myopic_dqn_greedy,16,best,3,10,2075.0
myopic_dqn_greedy,16,best,3,11,2850.0
myopic_dqn_greedy,16,best,3,12,2850.0
myopic_dqn_greedy,16,best,3,13,2075.0
myopic_dqn_greedy,16,best,3,14,2075.0
myopic_dqn_greedy,16,best,3,15,2075.0
myopic_dqn_greedy,16,best,3,16,1300.0
myopic_dqn_greedy,16,best,3,17,0.0
myopic_dqn_greedy,16,best,3,18,1300.0
myopic_dqn_greedy,16,best,3,19,0.0
myopic_dqn_greedy,16,best,3,20,0.0
myopic_dqn_greedy,16,best,3,21,1300.0
myopic_dqn_greedy,16,best,3,22,2075.0
myopic_dqn_greedy,16,best,3,23,0.0
myopic_dqn_greedy,16,best,3,24,0.0
myopic_dqn_greedy,16,best,3,25,2075.0
myopic_dqn_greedy,16,best,3,26,0.0
myopic_dqn_greedy,16,best,3,27,700.0
myopic_dqn_greedy,16,best,3,28,0.0
myopic_dqn_greedy,16,best,3,29,0.0
myopic_dqn_greedy,16,best,3,30,1400.0
myopic_dqn_greedy,16,best,3,31,900.0
myopic_dqn_greedy,16,best,3,32,900.0
myopic_dqn_greedy,16,best,3,33,1500.0
myopic_dqn_greedy,16,best,3,34,2075.0
myopic_dqn_greedy,16,best,3,35,2150.0
myopic_dqn_greedy,16,best,3,36,2150.0
myopic_dqn_greedy,16,best,3,37,1300.0
myopic_dqn_greedy,16,best,3,38,2075.0
myopic_dqn_greedy,16,best,3,39,2150.0
myopic_dqn_greedy,16,best,3,40,850.0
myopic_dqn_greedy,16,best,3,41,0.0
myopic_dqn_greedy,16,best,3,42,600.0
myopic_dqn_greedy,16,best,3,43,1975.0
myopic_dqn_greedy,16,best,3,44,2075.0
myopic_dqn_greedy,16,best,3,45,1300.0
myopic_dqn_greedy,16,best,3,46,2075.0
myopic_dqn_greedy,16,best,3,47,2075.0
myopic_dqn_greedy,16,best,3,48,1300.0
myopic_dqn_greedy,16,best,3,49,1300.0
myopic_dqn_greedy,16,best,4,0,12700.0
myopic_dqn_greedy,16,best,4,1,1925.0
myopic_dqn_greedy,16,best,4,2,0.0
myopic_dqn_greedy,16,best,4,3,6400.0
myopic_dqn_greedy,16,best,4,4,0.0
myopic_dqn_greedy,16,best,4,5,6400.0
myopic_dqn_greedy,16,best,4,6,1350.0
myopic_dqn_greedy,16,best,4,7,0.0
myopic_dqn_greedy,16,best,4,8,0.0
myopic_dqn_greedy,16,best,4,9,1825.0
myopic_dqn_greedy,16,best,4,10,0.0
myopic_dqn_greedy,16,best,4,11,6400.0
myopic_dqn_greedy,16,best,4,12,100.0
myopic_dqn_greedy,16,best,4,13,1450.0
myopic_dqn_greedy,16,best,4,14,850.0
myopic_dqn_greedy,16,best,4,15,0.0
myopic_dqn_greedy,16,best,4,16,700.0
myopic_dqn_greedy,16,best,4,17,850.0
myopic_dqn_greedy,16,best,4,18,3600.0
myopic_dqn_greedy,16,best,4,19,2750.0
myopic_dqn_greedy,16,best,4,20,2850.0
myopic_dqn_greedy,16,best,4,21,0.0
myopic_dqn_greedy,16,best,4,22,2075.0
myopic_dqn_greedy,16,best,4,23,1850.0
myopic_dqn_greedy,16,best,4,24,1600.0
myopic_dqn_greedy,16,best,4,25,1850.0
myopic_dqn_greedy,16,best,4,26,1600.0
myopic_dqn_greedy,16,best,4,27,900.0
myopic_dqn_greedy,16,best,4,28,0.0
myopic_dqn_greedy,16,best,4,29,1500.0
myopic_dqn_greedy,16,best,4,30,0.0
myopic_dqn_greedy,16,best,4,31,0.0
myopic_dqn_greedy,16,best,4,32,2075.0
myopic_dqn_greedy,16,best,4,33,3250.0
myopic_dqn_greedy,16,best,4,34,2050.0
myopic_dqn_greedy,16,best,4,35,0.0
myopic_dqn_greedy,16,best,4,36,0.0
myopic_dqn_greedy,16,best,4,37,2075.0
myopic_dqn_greedy,16,best,4,38,0.0
myopic_dqn_greedy,16,best,4,39,0.0
myopic_dqn_greedy,16,best,4,40,2850.0
myopic_dqn_greedy,16,best,4,41,1850.0
myopic_dqn_greedy,16,best,4,42,1825.0
myopic_dqn_greedy,16,best,4,43,0.0
myopic_dqn_greedy,16,best,4,44,1000.0
myopic_dqn_greedy,16,best,4,45,0.0
myopic_dqn_greedy,16,best,4,46,0.0
myopic_dqn_greedy,16,best,4,47,1400.0
myopic_dqn_greedy,16,best,4,48,0.0
myopic_dqn_greedy,16,best,4,49,0.0
myopic_dqn_greedy,16,best,5,0,0.0
myopic_dqn_greedy,16,best,5,1,650.0
myopic_dqn_greedy,16,best,5,2,1875.0
myopic_dqn_greedy,16,best,5,3,2075.0
myopic_dqn_greedy,16,best,5,4,0.0
myopic_dqn_greedy,16,best,5,5,2900.0
myopic_dqn_greedy,16,best,5,6,700.0
myopic_dqn_greedy,16,best,5,7,0.0
myopic_dqn_greedy,16,best,5,8,2750.0
myopic_dqn_greedy,16,best,5,9,3400.0
myopic_dqn_greedy,16,best,5,10,0.0
myopic_dqn_greedy,16,best,5,11,3200.0
myopic_dqn_greedy,16,best,5,12,450.0
myopic_dqn_greedy,16,best,5,13,2750.0
myopic_dqn_greedy,16,best,5,14,3400.0
myopic_dqn_greedy,16,best,5,15,3200.0
myopic_dqn_greedy,16,best,5,16,6375.0
myopic_dqn_greedy,16,best,5,17,10650.0
myopic_dqn_greedy,16,best,5,18,3325.0
myopic_dqn_greedy,16,best,5,19,0.0
myopic_dqn_greedy,16,best,5,20,10700.0
myopic_dqn_greedy,16,best,5,21,1600.0
myopic_dqn_greedy,16,best,5,22,3200.0
myopic_dqn_greedy,16,best,5,23,3200.0
myopic_dqn_greedy,16,best,5,24,450.0
myopic_dqn_greedy,16,best,5,25,1975.0
myopic_dqn_greedy,16,best,5,26,2075.0
myopic_dqn_greedy,16,best,5,27,2850.0
myopic_dqn_greedy,16,best,5,28,2850.0
myopic_dqn_greedy,16,best,5,29,0.0
myopic_dqn_greedy,16,best,5,30,0.0
myopic_dqn_greedy,16,best,5,31,2850.0
myopic_dqn_greedy,16,best,5,32,900.0
myopic_dqn_greedy,16,best,5,33,2275.0
myopic_dqn_greedy,16,best,5,34,0.0
myopic_dqn_greedy,16,best,5,35,0.0
myopic_dqn_greedy,16,best,5,36,2075.0
myopic_dqn_greedy,16,best,5,37,2850.0
myopic_dqn_greedy,16,best,5,38,2075.0
myopic_dqn_greedy,16,best,5,39,900.0
myopic_dqn_greedy,16,best,5,40,1300.0
myopic_dqn_greedy,16,best,5,41,1300.0
myopic_dqn_greedy,16,best,5,42,2075.0
myopic_dqn_greedy,16,best,5,43,2850.0
myopic_dqn_greedy,16,best,5,44,2075.0
myopic_dqn_greedy,16,best,5,45,900.0
myopic_dqn_greedy,16,best,5,46,2550.0
myopic_dqn_greedy,16,best,5,47,850.0
myopic_dqn_greedy,16,best,5,48,0.0
myopic_dqn_greedy,16,best,5,49,0.0
myopic_dqn_greedy,16,best,6,0,700.0
myopic_dqn_greedy,16,best,6,1,0.0
myopic_dqn_greedy,16,best,6,2,300.0
myopic_dqn_greedy,16,best,6,3,0.0
myopic_dqn_greedy,16,best,6,4,1775.0
myopic_dqn_greedy,16,best,6,5,0.0
myopic_dqn_greedy,16,best,6,6,1300.0
myopic_dqn_greedy,16,best,6,7,0.0
myopic_dqn_greedy,16,best,6,8,1300.0
myopic_dqn_greedy,16,best,6,9,1300.0
myopic_dqn_greedy,16,best,6,10,800.0
myopic_dqn_greedy,16,best,6,11,400.0
myopic_dqn_greedy,16,best,6,12,2750.0
myopic_dqn_greedy,16,best,6,13,2075.0
myopic_dqn_greedy,16,best,6,14,0.0
myopic_dqn_greedy,16,best,6,15,0.0
myopic_dqn_greedy,16,best,6,16,0.0
myopic_dqn_greedy,16,best,6,17,1300.0
myopic_dqn_greedy,16,best,6,18,400.0
myopic_dqn_greedy,16,best,6,19,1400.0
myopic_dqn_greedy,16,best,6,20,1300.0
myopic_dqn_greedy,16,best,6,21,0.0
myopic_dqn_greedy,16,best,6,22,2075.0
myopic_dqn_greedy,16,best,6,23,400.0
myopic_dqn_greedy,16,best,6,24,0.0
myopic_dqn_greedy,16,best,6,25,0.0
myopic_dqn_greedy,16,best,6,26,0.0
myopic_dqn_greedy,16,best,6,27,2700.0
myopic_dqn_greedy,16,best,6,28,2850.0
myopic_dqn_greedy,16,best,6,29,0.0
myopic_dqn_greedy,16,best,6,30,2075.0
myopic_dqn_greedy,16,best,6,31,1300.0
myopic_dqn_greedy,16,best,6,32,0.0
myopic_dqn_greedy,16,best,6,33,2075.0
myopic_dqn_greedy,16,best,6,34,2850.0
myopic_dqn_greedy,16,best,6,35,2075.0
myopic_dqn_greedy,16,best,6,36,0.0
myopic_dqn_greedy,16,best,6,37,0.0
myopic_dqn_greedy,16,best,6,38,0.0
myopic_dqn_greedy,16,best,6,39,2075.0
myopic_dqn_greedy,16,best,6,40,2075.0
myopic_dqn_greedy,16,best,6,41,2075.0
myopic_dqn_greedy,16,best,6,42,0.0
myopic_dqn_greedy,16,best,6,43,2075.0
myopic_dqn_greedy,16,best,6,44,2075.0
myopic_dqn_greedy,16,best,6,45,2850.0
myopic_dqn_greedy,16,best,6,46,250.0
myopic_dqn_greedy,16,best,6,47,2100.0
myopic_dqn_greedy,16,best,6,48,0.0
myopic_dqn_greedy,16,best,6,49,2075.0
myopic_dqn_greedy,16,best,7,0,1600.0
myopic_dqn_greedy,16,best,7,1,6400.0
myopic_dqn_greedy,16,best,7,2,1475.0
myopic_dqn_greedy,16,best,7,3,6400.0
myopic_dqn_greedy,16,best,7,4,800.0
myopic_dqn_greedy,16,best,7,5,1875.0
myopic_dqn_greedy,16,best,7,6,2075.0
myopic_dqn_greedy,16,best,7,7,2900.0
myopic_dqn_greedy,16,best,7,8,10025.0
myopic_dqn_greedy,16,best,7,9,2125.0
myopic_dqn_greedy,16,best,7,10,2075.0
myopic_dqn_greedy,16,best,7,11,1775.0
myopic_dqn_greedy,16,best,7,12,1600.0
myopic_dqn_greedy,16,best,7,13,3075.0
myopic_dqn_greedy,16,best,7,14,1775.0
myopic_dqn_greedy,16,best,7,15,3075.0
myopic_dqn_greedy,16,best,7,16,2900.0
myopic_dqn_greedy,16,best,7,17,2075.0
myopic_dqn_greedy,16,best,7,18,1300.0
myopic_dqn_greedy,16,best,7,19,2075.0
myopic_dqn_greedy,16,best,7,20,2900.0
myopic_dqn_greedy,16,best,7,21,2900.0
myopic_dqn_greedy,16,best,7,22,1775.0
myopic_dqn_greedy,16,best,7,23,875.0
myopic_dqn_greedy,16,best,7,24,2750.0
myopic_dqn_greedy,16,best,7,25,3400.0
myopic_dqn_greedy,16,best,7,26,3200.0
myopic_dqn_greedy,16,best,7,27,3200.0
myopic_dqn_greedy,16,best,7,28,3200.0
myopic_dqn_greedy,16,best,7,29,3200.0
myopic_dqn_greedy,16,best,7,30,3200.0
myopic_dqn_greedy,16,best,7,31,3200.0
myopic_dqn_greedy,16,best,7,32,3200.0
myopic_dqn_greedy,16,best,7,33,3200.0
myopic_dqn_greedy,16,best,7,34,10700.0
myopic_dqn_greedy,16,best,7,35,3200.0
myopic_dqn_greedy,16,best,7,36,3200.0
myopic_dqn_greedy,16,best,7,37,0.0
myopic_dqn_greedy,16,best,7,38,3200.0
myopic_dqn_greedy,16,best,7,39,3200.0
myopic_dqn_greedy,16,best,7,40,3200.0
myopic_dqn_greedy,16,best,7,41,3200.0
myopic_dqn_greedy,16,best,7,42,3200.0
myopic_dqn_greedy,16,best,7,43,3200.0
myopic_dqn_greedy,16,best,7,44,3200.0
myopic_dqn_greedy,16,best,7,45,3200.0
myopic_dqn_greedy,16,best,7,46,10700.0
myopic_dqn_greedy,16,best,7,47,1600.0
myopic_dqn_greedy,16,best,7,48,3200.0
myopic_dqn_greedy,16,best,7,49,3200.0
myopic_dqn_greedy,16,best,8,0,700.0
myopic_dqn_greedy,16,best,8,1,0.0
myopic_dqn_greedy,16,best,8,2,0.0
myopic_dqn_greedy,16,best,8,3,0.0
myopic_dqn_greedy,16,best,8,4,1475.0
myopic_dqn_greedy,16,best,8,5,6400.0
myopic_dqn_greedy,16,best,8,6,1300.0
myopic_dqn_greedy,16,best,8,7,800.0
myopic_dqn_greedy,16,best,8,8,2650.0
myopic_dqn_greedy,16,best,8,9,2850.0
myopic_dqn_greedy,16,best,8,10,0.0
myopic_dqn_greedy,16,best,8,11,2850.0
myopic_dqn_greedy,16,best,8,12,2850.0
myopic_dqn_greedy,16,best,8,13,2850.0
myopic_dqn_greedy,16,best,8,14,0.0
myopic_dqn_greedy,16,best,8,15,2850.0
myopic_dqn_greedy,16,best,8,16,2075.0
myopic_dqn_greedy,16,best,8,17,900.0
myopic_dqn_greedy,16,best,8,18,2075.0
myopic_dqn_greedy,16,best,8,19,2075.0
myopic_dqn_greedy,16,best,8,20,850.0
myopic_dqn_greedy,16,best,8,21,2275.0
myopic_dqn_greedy,16,best,8,22,10325.0
myopic_dqn_greedy,16,best,8,23,6400.0
myopic_dqn_greedy,16,best,8,24,3250.0
myopic_dqn_greedy,16,best,8,25,2850.0
myopic_dqn_greedy,16,best,8,26,2075.0
myopic_dqn_greedy,16,best,8,27,2075.0
myopic_dqn_greedy,16,best,8,28,1675.0
myopic_dqn_greedy,16,best,8,29,1925.0
myopic_dqn_greedy,16,best,8,30,475.0
myopic_dqn_greedy,16,best,8,31,0.0
myopic_dqn_greedy,16,best,8,32,2275.0
myopic_dqn_greedy,16,best,8,33,2075.0
myopic_dqn_greedy,16,best,8,34,2075.0
myopic_dqn_greedy,16,best,8,35,2075.0
myopic_dqn_greedy,16,best,8,36,2075.0
myopic_dqn_greedy,16,best,8,37,0.0
myopic_dqn_greedy,16,best,8,38,0.0
myopic_dqn_greedy,16,best,8,39,1300.0
myopic_dqn_greedy,16,best,8,40,1300.0
myopic_dqn_greedy,16,best,8,41,900.0
myopic_dqn_greedy,16,best,8,42,2275.0
myopic_dqn_greedy,16,best,8,43,2850.0
myopic_dqn_greedy,16,best,8,44,2850.0
myopic_dqn_greedy,16,best,8,45,0.0
myopic_dqn_greedy,16,best,8,46,0.0
myopic_dqn_greedy,16,best,8,47,2850.0
myopic_dqn_greedy,16,best,8,48,2850.0
myopic_dqn_greedy,16,best,8,49,0.0
myopic_dqn_greedy,16,best,9,0,1600.0
myopic_dqn_greedy,16,best,9,1,1475.0
myopic_dqn_greedy,16,best,9,2,6400.0
myopic_dqn_greedy,16,best,9,3,1300.0
myopic_dqn_greedy,16,best,9,4,800.0
myopic_dqn_greedy,16,best,9,5,1875.0
myopic_dqn_greedy,16,best,9,6,2075.0
myopic_dqn_greedy,16,best,9,7,2075.0
myopic_dqn_greedy,16,best,9,8,700.0
myopic_dqn_greedy,16,best,9,9,2175.0
myopic_dqn_greedy,16,best,9,10,3375.0
myopic_dqn_greedy,16,best,9,11,3200.0
myopic_dqn_greedy,16,best,9,12,3200.0
myopic_dqn_greedy,16,best,9,13,3200.0
myopic_dqn_greedy,16,best,9,14,450.0
myopic_dqn_greedy,16,best,9,15,2750.0
myopic_dqn_greedy,16,best,9,16,2850.0
myopic_dqn_greedy,16,best,9,17,2850.0
myopic_dqn_greedy,16,best,9,18,0.0
myopic_dqn_greedy,16,best,9,19,2850.0
myopic_dqn_greedy,16,best,9,20,3400.0
myopic_dqn_greedy,16,best,9,21,3200.0
myopic_dqn_greedy,16,best,9,22,3200.0
myopic_dqn_greedy,16,best,9,23,3200.0
myopic_dqn_greedy,16,best,9,24,3200.0
myopic_dqn_greedy,16,best,9,25,3200.0
myopic_dqn_greedy,16,best,9,26,10700.0
myopic_dqn_greedy,16,best,9,27,11200.0
myopic_dqn_greedy,16,best,9,28,11200.0
myopic_dqn_greedy,16,best,9,29,3200.0
myopic_dqn_greedy,16,best,9,30,10700.0
myopic_dqn_greedy,16,best,9,31,3200.0
myopic_dqn_greedy,16,best,9,32,3200.0
myopic_dqn_greedy,16,best,9,33,3200.0
myopic_dqn_greedy,16,best,9,34,3200.0
myopic_dqn_greedy,16,best,9,35,450.0
myopic_dqn_greedy,16,best,9,36,0.0
myopic_dqn_greedy,16,best,9,37,1975.0
myopic_dqn_greedy,16,best,9,38,100.0
myopic_dqn_greedy,16,best,9,39,1975.0
myopic_dqn_greedy,16,best,9,40,2850.0
myopic_dqn_greedy,16,best,9,41,900.0
myopic_dqn_greedy,16,best,9,42,0.0
myopic_dqn_greedy,16,best,9,43,2275.0
myopic_dqn_greedy,16,best,9,44,1300.0
myopic_dqn_greedy,16,best,9,45,1300.0
myopic_dqn_greedy,16,best,9,46,1300.0
myopic_dqn_greedy,16,best,9,47,3250.0
myopic_dqn_greedy,16,best,9,48,250.0
myopic_dqn_greedy,16,best,9,49,1975.0
