method_id,sequence_id,seq,split,jar_delivered,checkpoint,K,cost_ratio,total_cost_pddl,complete,completed_count,windows,windows_at_cap,refill_water,jar_pick,source,source_sha256
myopic_fd_optimal,iid-eval-seq-00,00,held_out,True,,1,,59050.0,True,50,50,0,0,0,runs/v5eval/base_seq00_k1_opt.json,bdc38488efdf509f540991e26d148ecb4ceb7d3ab9e6944399ee969f5a46d592
myopic_fd_optimal,iid-eval-seq-01,01,dev,False,,1,,67075.0,True,50,50,0,0,0,runs/v5eval/base_seq01_k1_opt.json,2e12ad545279a6441d9995774e443b867606820697cf33572e8fe7ada88add08
myopic_fd_optimal,iid-eval-seq-02,02,held_out,True,,1,,78275.0,True,50,50,0,0,0,runs/v5eval/base_seq02_k1_opt.json,b666baf0667e06c793084aec90113ff044c81a1a3a5130e636de04d089e160a6
myopic_fd_optimal,iid-eval-seq-03,03,dev,False,,1,,63550.0,True,50,50,0,0,0,runs/v5eval/base_seq03_k1_opt.json,36a06575b2608d16cb806677b6e69a5cf2712aad5da8f67a107b0a605131a407
myopic_fd_optimal,iid-eval-seq-04,04,held_out,False,,1,,44525.0,True,50,50,0,0,0,runs/v5eval/base_seq04_k1_opt.json,7e8e961fa2b09056f13b5fd335e27d15ee2a1599f828b74b3991c9f6c0661fb2
myopic_fd_optimal,iid-eval-seq-05,05,held_out,False,,1,,70775.0,True,50,50,0,0,0,runs/v5eval/base_seq05_k1_opt.json,b711e8abc0b4c4932b525959ac4c8f69bb6e982e56f871bc4a19028ddc0f3266
myopic_fd_optimal,iid-eval-seq-06,06,dev,False,,1,,52875.0,True,50,50,0,0,0,runs/v5eval/base_seq06_k1_opt.json,acd27bc813ce0f0ab0d689749248aa6585de96b3708a155f56d924e5c9f99085
myopic_fd_optimal,iid-eval-seq-07,07,held_out,False,,1,,82975.0,True,50,50,0,0,0,runs/v5eval/base_seq07_k1_opt.json,5a6c294ed97981b66c77227e3f710c8c032c3ccc7d30d666194d294932ebc754
myopic_fd_optimal,iid-eval-seq-08,08,held_out,False,,1,,78400.0,True,50,50,0,0,0,runs/v5eval/base_seq08_k1_opt.json,de442ea09485d9b9d817c47d87f9e86d2963157956ed23ce19e57016327fd510
myopic_fd_optimal,iid-eval-seq-09,09,held_out,False,,1,,77000.0,True,50,50,0,0,0,runs/v5eval/base_seq09_k1_opt.json,c5660db7254155575ce087fd11aa2765e257ac48bc6be2fc5cf365652f883ec3
k2_fd_optimal,iid-eval-seq-00,00,held_out,True,,2,,54850.0,True,50,50,1,0,0,runs/v5eval/base_seq00_k2_opt.json,af6bdf2b0973c4310d5969ef9cfcaed6a292ed364a471294a8871f55471b9173
k2_fd_optimal,iid-eval-seq-01,01,dev,False,,2,,63475.0,True,50,50,0,0,0,runs/v5eval/base_seq01_k2_opt.json,574d9282ce33f2350d7f6dad9b06029070a394da624511723f2744f3ce655d67
k2_fd_optimal,iid-eval-seq-02,02,held_out,True,,2,,52425.0,True,50,50,0,0,0,runs/v5eval/base_seq02_k2_opt.json,bfcacdb4cebef7a17297c85cc3910b2804a20279910ca1fadbf1ed384e64576c
k2_fd_optimal,iid-eval-seq-03,03,dev,False,,2,,60425.0,True,50,50,0,0,0,runs/v5eval/base_seq03_k2_opt.json,3f5042e8268bac8f6949c1f04c700ab980bf49993683ae175ec95fb5dc40724d
k2_fd_optimal,iid-eval-seq-04,04,held_out,False,,2,,43150.0,True,50,50,0,0,0,runs/v5eval/base_seq04_k2_opt.json,49aa33284a21663b13a31a2d77f2372e72819172b8127bea33e3debafb36697d
k2_fd_optimal,iid-eval-seq-05,05,held_out,False,,2,,66075.0,True,50,50,0,0,0,runs/v5eval/base_seq05_k2_opt.json,d2291ddf460591c6d1eb26de7a83f7eeb8367b05be1d9028363231e2cb4a7852
k2_fd_optimal,iid-eval-seq-06,06,dev,False,,2,,50675.0,True,50,50,0,0,0,runs/v5eval/base_seq06_k2_opt.json,0787a9449fc830ea370049c86d74844ae4cec197a71be48482f1cdb4e6f954ee
k2_fd_optimal,iid-eval-seq-07,07,held_out,False,,2,,78750.0,True,50,50,0,0,0,runs/v5eval/base_seq07_k2_opt.json,2d6f14ef2e806722b6b7c099e7a62ff7c9be905d554498349c797e564485f950
k2_fd_optimal,iid-eval-seq-08,08,held_out,False,,2,,74150.0,True,50,50,0,0,0,runs/v5eval/base_seq08_k2_opt.json,d8fa6319005164dcdab0b2aeedfe9496227a489447ee2affb13a2603e0f1c2c1
k2_fd_optimal,iid-eval-seq-09,09,held_out,False,,2,,70600.0,True,50,50,0,0,0,runs/v5eval/base_seq09_k2_opt.json,f02e45acb9044549c28f3e777ffebda5dc90b373a561d8c5b92056da7b1d6a42
clairvoyant_k3_lama,iid-eval-seq-00,00,held_out,True,,3,,37325.0,True,50,50,14,0,0,runs/v5eval/base_seq00_k3_sat.json,550b716a3e28dbfebeef50324ac5a2b0412bd3d8107fa9eccdf5adb913cc89a4
clairvoyant_k3_lama,iid-eval-seq-01,01,dev,False,,3,,42275.0,True,50,50,19,0,0,runs/v5eval/base_seq01_k3_sat.json,7d48e913674f9df8dd6dd643a28bee7081eba51aa2470eb17b2e0d6fa84fae1a
clairvoyant_k3_lama,iid-eval-seq-02,02,held_out,True,,3,,46600.0,True,50,50,19,0,0,runs/v5eval/base_seq02_k3_sat.json,0be6ec3c5f8981b8b69389ff39b470199eca44815cdf6227ace9d709bfdc9f2a
clairvoyant_k3_lama,iid-eval-seq-03,03,dev,False,,3,,44425.0,True,50,50,11,0,0,runs/v5eval/base_seq03_k3_sat.json,f5f62948fa753a85b8d46e8014340c14193dc22f76b291ef1dbc8f1584d53c8f
clairvoyant_k3_lama,iid-eval-seq-04,04,held_out,False,,3,,41850.0,True,50,50,6,0,0,runs/v5eval/base_seq04_k3_sat.json,811ba6eb3151acc1b791c334248f9a9832af23bf275babfe2fb5eda1a4ab3e8f
clairvoyant_k3_lama,iid-eval-seq-05,05,held_out,False,,3,,53225.0,True,50,50,17,0,0,runs/v5eval/base_seq05_k3_sat.json,1c4719143119db7b768a5b0a078341141eacfa035e7018330a39a6d93fa0b3eb
clairvoyant_k3_lama,iid-eval-seq-06,06,dev,False,,3,,43075.0,True,50,50,11,0,0,runs/v5eval/base_seq06_k3_sat.json,40fa243aff4c8ed7d9031ac8d5d82f0d696d59517c2e8c9c8379603bc04c25ff
clairvoyant_k3_lama,iid-eval-seq-07,07,held_out,False,,3,,56175.0,True,50,50,22,0,0,runs/v5eval/base_seq07_k3_sat.json,657fb5d68a4a672cab1ea0bbda7174f56cc035ce3ae497384b9ff40eb1ea7c30
clairvoyant_k3_lama,iid-eval-seq-08,08,held_out,False,,3,,62975.0,True,50,50,26,0,0,runs/v5eval/base_seq08_k3_sat.json,821124a33d79a89ef3461c24098bf9093d949446ada34662c2ab8740d89d9f6e
clairvoyant_k3_lama,iid-eval-seq-09,09,held_out,False,,3,,55500.0,True,50,50,23,0,0,runs/v5eval/base_seq09_k3_sat.json,029e8cf21784a75af9693f549dc7c55459d11cd7e2ea4b528d891f058ca14970
clairvoyant_k4_lama,iid-eval-seq-00,00,held_out,True,,4,,38000.0,True,50,50,23,0,0,runs/v5eval/base_seq00_k4_sat.json,aa72eefe4a4ee12ff50db87eab22818550e12c2112e72f3ff7c95d99aafa848b
clairvoyant_k4_lama,iid-eval-seq-01,01,dev,False,,4,,60650.0,True,50,50,28,0,0,runs/v5eval/base_seq01_k4_sat.json,d5d4f60bf8dd5c7f14e16266043693ccd88414332273eade577f4751a5c35f3d
clairvoyant_k4_lama,iid-eval-seq-02,02,held_out,True,,4,,44125.0,True,50,50,24,0,0,runs/v5eval/base_seq02_k4_sat.json,96eaf0aafed9708816e4cd8e4257ec181f679bd480d6e13c038a08dba939a92c
clairvoyant_k4_lama,iid-eval-seq-03,03,dev,False,,4,,33775.0,True,50,50,23,0,0,runs/v5eval/base_seq03_k4_sat.json,41a0bd5176133a465be70bea5eff1ae2f8198df3aea5aa5994fd9347de6f9933
clairvoyant_k4_lama,iid-eval-seq-04,04,held_out,False,,4,,42650.0,True,50,50,16,0,0,runs/v5eval/base_seq04_k4_sat.json,1f644f81f055b4c1feba785e3199f63a909896f1651957c979097a64b0a3eead
clairvoyant_k4_lama,iid-eval-seq-05,05,held_out,False,,4,,58625.0,True,50,50,33,0,0,runs/v5eval/base_seq05_k4_sat.json,ac47485b3daf923bfdd923613b00c74baa37fa4acbbb2ad17f5297d0cf5c158a
clairvoyant_k4_lama,iid-eval-seq-06,06,dev,False,,4,,30025.0,True,50,50,20,0,0,runs/v5eval/base_seq06_k4_sat.json,7354d20ed93dc716d1edc6d364e3a4366e96e5b4736109cf61b843537b87a0d1
clairvoyant_k4_lama,iid-eval-seq-07,07,held_out,False,,4,,49075.0,True,50,50,32,0,0,runs/v5eval/base_seq07_k4_sat.json,6a1604b509c75af114c2e1042c961d5e9df0cf8fe0027fca519c9c92ec7f2538
clairvoyant_k4_lama,iid-eval-seq-08,08,held_out,False,,4,,61600.0,True,50,50,39,0,0,runs/v5eval/base_seq08_k4_sat.json,aebf86b8286492668fdd3e8559bed9a768a40b22528bd471125350993688b334
clairvoyant_k4_lama,iid-eval-seq-09,09,held_out,False,,4,,52825.0,True,50,50,28,0,0,runs/v5eval/base_seq09_k4_sat.json,10a281be1bf1d0a6a84feb0625ce69359fc00ec82ee9a1c0caafe870d8cd7d59
anticipatory_dqn,iid-eval-seq-00,00,held_out,True,v5_ant_g0.97_s0,,3.0,47800.0,True,50,50,,18,8,runs/v5_heldout/v5_ant_g0.97_s0_seq00_cr3.0.json,efcd509d01c7a2d198cb067475cb14ee95ca36b0e682c5a0da0c793c78d4906e
anticipatory_dqn,iid-eval-seq-02,02,held_out,True,v5_ant_g0.97_s0,,3.0,44900.0,True,50,50,,31,4,runs/v5_heldout/v5_ant_g0.97_s0_seq02_cr3.0.json,e74563c224da2e4436c2b593cbad3777f2ba1d5a566cf8e15223b11f6c369627
anticipatory_dqn,iid-eval-seq-04,04,held_out,False,v5_ant_g0.97_s0,,3.0,36925.0,True,50,50,,16,2,runs/v5_heldout/v5_ant_g0.97_s0_seq04_cr3.0.json,4680a55125cf2ed0a591775f327e0b21877a44e763a07d54e9ed65c6e85fb0c7
anticipatory_dqn,iid-eval-seq-05,05,held_out,False,v5_ant_g0.97_s0,,3.0,50625.0,True,50,50,,24,5,runs/v5_heldout/v5_ant_g0.97_s0_seq05_cr3.0.json,a54e42a06488ffcfa0ef649b59d33b2363e277020a4552edf79204f18bb4fbe8
anticipatory_dqn,iid-eval-seq-07,07,held_out,False,v5_ant_g0.97_s0,,3.0,48100.0,True,50,50,,35,3,runs/v5_heldout/v5_ant_g0.97_s0_seq07_cr3.0.json,df2c6511305a9956c819b72be1f35cafd9fdb1abb3c416e04ed85b9e25b09675
anticipatory_dqn,iid-eval-seq-08,08,held_out,False,v5_ant_g0.97_s0,,3.0,55200.0,True,50,50,,28,3,runs/v5_heldout/v5_ant_g0.97_s0_seq08_cr3.0.json,67a8ab0ec49317d64dfc982bb59cb4e49b3e4427804f57f1722602824c49dc31
anticipatory_dqn,iid-eval-seq-09,09,held_out,False,v5_ant_g0.97_s0,,3.0,49075.0,True,50,50,,32,6,runs/v5_heldout/v5_ant_g0.97_s0_seq09_cr3.0.json,0da779efd3f9cb1ce02249950e48f10c7c789938064f43c26203cdbfb59fd19a
anticipatory_dqn,iid-eval-seq-00,00,held_out,True,v5_ant_g0.97_s16,,3.0,48450.0,True,50,50,,25,9,runs/v5_heldout/v5_ant_g0.97_s16_seq00_cr3.0.json,d7891644575d8e4fb5ee39156b64a2f42c701fcdbd8679cde8bdbdbed4b61e91
anticipatory_dqn,iid-eval-seq-01,01,dev,False,v5_ant_g0.97_s16,,3.0,50800.0,True,50,50,,26,2,runs/v5_heldout/v5_ant_g0.97_s16_seq01_cr3.0.json,7dd816743ded453816fe40a058ea6cd877809224b61e1bf4db5bdba04318e22b
anticipatory_dqn,iid-eval-seq-02,02,held_out,True,v5_ant_g0.97_s16,,3.0,52075.0,True,50,50,,33,4,runs/v5_heldout/v5_ant_g0.97_s16_seq02_cr3.0.json,264ec4f00bf1b0974e4015b1d2d37f1073248d044ad3238243c9eabda6cf7147
anticipatory_dqn,iid-eval-seq-03,03,dev,False,v5_ant_g0.97_s16,,3.0,39725.0,True,50,50,,31,5,runs/v5_heldout/v5_ant_g0.97_s16_seq03_cr3.0.json,c535d067942816cd40163f60f8c49a44757e195694662cf1e6f80add0cfc4697
anticipatory_dqn,iid-eval-seq-04,04,held_out,False,v5_ant_g0.97_s16,,3.0,40150.0,True,50,50,,16,3,runs/v5_heldout/v5_ant_g0.97_s16_seq04_cr3.0.json,a422aa969ddd422a20d27ffd3ff187dce1a8e57efd63e6ecc8312477a3559d15
anticipatory_dqn,iid-eval-seq-05,05,held_out,False,v5_ant_g0.97_s16,,3.0,48950.0,True,50,50,,29,7,runs/v5_heldout/v5_ant_g0.97_s16_seq05_cr3.0.json,a41c00889a61b78ec26b7b6b4a9c08822d8483a9149e0da0ef749e503ba3e96d
anticipatory_dqn,iid-eval-seq-06,06,dev,False,v5_ant_g0.97_s16,,3.0,32050.0,True,50,50,,26,5,runs/v5_heldout/v5_ant_g0.97_s16_seq06_cr3.0.json,c2e575f27aae652625d0cc0e392b7409cad082e6f8977aae7098f8629c5894ec
anticipatory_dqn,iid-eval-seq-07,07,held_out,False,v5_ant_g0.97_s16,,3.0,50125.0,True,50,50,,35,2,runs/v5_heldout/v5_ant_g0.97_s16_seq07_cr3.0.json,f8cfefd86a1868832cc4804c8d11e3bffd0102648eca687a1294562f5abe98af
anticipatory_dqn,iid-eval-seq-08,08,held_out,False,v5_ant_g0.97_s16,,3.0,54800.0,True,50,50,,29,3,runs/v5_heldout/v5_ant_g0.97_s16_seq08_cr3.0.json,65969ab868aa31e25a6a6661948c97708930f269758fa69845d600eca821449c
anticipatory_dqn,iid-eval-seq-09,09,held_out,False,v5_ant_g0.97_s16,,3.0,53425.0,True,50,50,,32,9,runs/v5_heldout/v5_ant_g0.97_s16_seq09_cr3.0.json,b217b7d80212687421c7702cbabae537cc1d1f48507e372d200ebdee93495ef5
anticipatory_dqn,iid-eval-seq-00,00,held_out,True,v5_ant_g0.97_s42,,3.0,51375.0,True,50,50,,23,11,runs/v5_heldout/v5_ant_g0.97_s42_seq00_cr3.0.json,42e9a466368856ce91ea2448fa972b0ad3f82e53f57acb49b274d3ea91e7e789
anticipatory_dqn,iid-eval-seq-01,01,dev,False,v5_ant_g0.97_s42,,3.0,45850.0,True,50,50,,28,5,runs/v5_heldout/v5_ant_g0.97_s42_seq01_cr3.0.json,343e57560c9a22b5183a3ea4e84f0c85e83d5437ceb40264fb38cab12eb164ed
anticipatory_dqn,iid-eval-seq-02,02,held_out,True,v5_ant_g0.97_s42,,3.0,46500.0,True,50,50,,33,4,runs/v5_heldout/v5_ant_g0.97_s42_seq02_cr3.0.json,a4a27fc2a84a3fd0296dc89b39f121f7711e20fb6a4877df878bbe1a5e797c54
anticipatory_dqn,iid-eval-seq-03,03,dev,False,v5_ant_g0.97_s42,,3.0,37800.0,True,50,50,,31,5,runs/v5_heldout/v5_ant_g0.97_s42_seq03_cr3.0.json,7258ee0a25ab50ad6efc20d63a71802d95730dd18acfc8db7e7b98087500ea2b
anticipatory_dqn,iid-eval-seq-04,04,held_out,False,v5_ant_g0.97_s42,,3.0,41275.0,True,50,50,,13,3,runs/v5_heldout/v5_ant_g0.97_s42_seq04_cr3.0.json,e820af05f6bea408c36a4cc91b9e374f24ddfda62a67bb41e4878bd5eaa7e552
anticipatory_dqn,iid-eval-seq-05,05,held_out,False,v5_ant_g0.97_s42,,3.0,48550.0,True,50,50,,29,6,runs/v5_heldout/v5_ant_g0.97_s42_seq05_cr3.0.json,6f96a65215c297997f15ca00efc95a2201c21bd4a814187d9343e1fdbf072881
anticipatory_dqn,iid-eval-seq-06,06,dev,False,v5_ant_g0.97_s42,,3.0,30550.0,True,50,50,,26,5,runs/v5_heldout/v5_ant_g0.97_s42_seq06_cr3.0.json,453d4f3ff8020c9661931c350bc5e9952ff671f6f4510d8420f5cf1168567ed9
anticipatory_dqn,iid-eval-seq-07,07,held_out,False,v5_ant_g0.97_s42,,3.0,47950.0,True,50,50,,37,3,runs/v5_heldout/v5_ant_g0.97_s42_seq07_cr3.0.json,4df97f593e26c96d3a9798605b940b1255566ed575dcebc4d5752f56e104255c
anticipatory_dqn,iid-eval-seq-08,08,held_out,False,v5_ant_g0.97_s42,,3.0,52450.0,True,50,50,,32,3,runs/v5_heldout/v5_ant_g0.97_s42_seq08_cr3.0.json,e6201b207c756da020194f917366af8733e144867bd4e210de5fcb37c7cfb428
anticipatory_dqn,iid-eval-seq-09,09,held_out,False,v5_ant_g0.97_s42,,3.0,48525.0,True,50,50,,31,8,runs/v5_heldout/v5_ant_g0.97_s42_seq09_cr3.0.json,1d4703bd1dcfa5953cebc29ab5deee4cb4a84cc98e65da317eb0325b06b859f2
anticipatory_dqn,iid-eval-seq-00,00,held_out,True,v5_ant_g0.97_s4,,3.0,48750.0,True,50,50,,19,11,runs/v5_heldout/v5_ant_g0.97_s4_seq00_cr3.0.json,707983d1a829018d6bf14bd47a2034fabf22268e8221d7c1aad1a4962d59835a
anticipatory_dqn,iid-eval-seq-01,01,dev,False,v5_ant_g0.97_s4,,3.0,79050.0,True,50,50,,3,3,runs/v5_heldout/v5_ant_g0.97_s4_seq01_cr3.0.json,6468fecffff46804d43a7d68a315c68f6458122a23abb959319fda8ed74f38da
anticipatory_dqn,iid-eval-seq-02,02,held_out,True,v5_ant_g0.97_s4,,3.0,58675.0,True,50,50,,23,3,runs/v5_heldout/v5_ant_g0.97_s4_seq02_cr3.0.json,043cc1fdcc565f979ef691a3c1095b6aeb431fe0c1e761f899d3fbbc2527b3d6
anticipatory_dqn,iid-eval-seq-03,03,dev,False,v5_ant_g0.97_s4,,3.0,41550.0,True,50,50,,29,4,runs/v5_heldout/v5_ant_g0.97_s4_seq03_cr3.0.json,2e728e6a063322e863334a8a345d6e4e3f40cce12ed29b2d70520b721a7d3708
anticipatory_dqn,iid-eval-seq-04,04,held_out,False,v5_ant_g0.97_s4,,3.0,42900.0,True,50,50,,12,3,runs/v5_heldout/v5_ant_g0.97_s4_seq04_cr3.0.json,3fd3e02b3aadd330726a39d46e45e43c48dabefd77e31fd0825fa7906c6dad35
anticipatory_dqn,iid-eval-seq-05,05,held_out,False,v5_ant_g0.97_s4,,3.0,70400.0,True,50,50,,14,3,runs/v5_heldout/v5_ant_g0.97_s4_seq05_cr3.0.json,14d6d219d9e73181c57e5c646195ae1de02b640fd0a2a66adca4f92f3fd220dd
anticipatory_dqn,iid-eval-seq-06,06,dev,False,v5_ant_g0.97_s4,,3.0,37825.0,True,50,50,,24,5,runs/v5_heldout/v5_ant_g0.97_s4_seq06_cr3.0.json,04f78e7355e4307f538261b6a3acc29b6cc4ec7cb611906db0d315c89fbfd05a
anticipatory_dqn,iid-eval-seq-07,07,held_out,False,v5_ant_g0.97_s4,,3.0,70950.0,True,50,50,,19,1,runs/v5_heldout/v5_ant_g0.97_s4_seq07_cr3.0.json,8ccd9b6eb1c27a8417ce6801ff171789816943e565d6aac0a180f842000c670d
anticipatory_dqn,iid-eval-seq-08,08,held_out,False,v5_ant_g0.97_s4,,3.0,62425.0,True,50,50,,25,4,runs/v5_heldout/v5_ant_g0.97_s4_seq08_cr3.0.json,9c2af75e7541a8d26782cff34348ac20f2572d90c6781cf93426a1add11c288e
anticipatory_dqn,iid-eval-seq-09,09,held_out,False,v5_ant_g0.97_s4,,3.0,87225.0,True,50,50,,0,0,runs/v5_heldout/v5_ant_g0.97_s4_seq09_cr3.0.json,cd5feaaa4647809fef17579ed9f2621de7d0506f554b2e5d8074d6a86693fec7
anticipatory_dqn,iid-eval-seq-00,00,held_out,True,v5_ant_g0.97_s8,,3.0,55125.0,True,50,50,,14,11,runs/v5_heldout/v5_ant_g0.97_s8_seq00_cr3.0.json,fe04fb81943387f6673d2bc09f2590d18cd4fa71a26b1cdba2d3c88bfefc2b8c
anticipatory_dqn,iid-eval-seq-01,01,dev,False,v5_ant_g0.97_s8,,3.0,45225.0,True,50,50,,26,3,runs/v5_heldout/v5_ant_g0.97_s8_seq01_cr3.0.json,4c06e34109bfba7e354bb3da8b3dc077749e7197ee9e8ff0052478b5b7f092b5
anticipatory_dqn,iid-eval-seq-02,02,held_out,True,v5_ant_g0.97_s8,,3.0,45175.0,True,50,50,,31,4,runs/v5_heldout/v5_ant_g0.97_s8_seq02_cr3.0.json,ae31c2aee670b4005c423b6b8dda106b5d66e640761d16d6c015501e7629ab19
anticipatory_dqn,iid-eval-seq-03,03,dev,False,v5_ant_g0.97_s8,,3.0,41625.0,True,50,50,,29,5,runs/v5_heldout/v5_ant_g0.97_s8_seq03_cr3.0.json,b0b67bac347573d326bc5ba3c416e9943306e9c68e63cb0e0f21be66a1b087c7
anticipatory_dqn,iid-eval-seq-04,04,held_out,False,v5_ant_g0.97_s8,,3.0,41275.0,True,50,50,,12,3,runs/v5_heldout/v5_ant_g0.97_s8_seq04_cr3.0.json,015858ca63ef0b677d1fdb218d8d13058986eb80ad4c139e13768d93a736683f
anticipatory_dqn,iid-eval-seq-05,05,held_out,False,v5_ant_g0.97_s8,,3.0,53775.0,True,50,50,,25,8,runs/v5_heldout/v5_ant_g0.97_s8_seq05_cr3.0.json,ad33fc4c0e33ffb5967ac4cd29f9b36bf009884a2b3be377d72760724f0c2a54
anticipatory_dqn,iid-eval-seq-06,06,dev,False,v5_ant_g0.97_s8,,3.0,35975.0,True,50,50,,27,5,runs/v5_heldout/v5_ant_g0.97_s8_seq06_cr3.0.json,5af00e2df16df71e0099621cff2f39e11a1c503c8678eb4181d4e55078da92aa
anticipatory_dqn,iid-eval-seq-07,07,held_out,False,v5_ant_g0.97_s8,,3.0,53625.0,True,50,50,,33,3,runs/v5_heldout/v5_ant_g0.97_s8_seq07_cr3.0.json,b5b0c337f085bea1fdd80fc465bfebb188f8bae0e9733aa6de6c6f27d19df827
anticipatory_dqn,iid-eval-seq-08,08,held_out,False,v5_ant_g0.97_s8,,3.0,52875.0,True,50,50,,27,3,runs/v5_heldout/v5_ant_g0.97_s8_seq08_cr3.0.json,6046e7cf8fde0728993d3d9f3958ae2957761e25d63f9479d351b1276839a974
anticipatory_dqn,iid-eval-seq-09,09,held_out,False,v5_ant_g0.97_s8,,3.0,56100.0,True,50,50,,27,8,runs/v5_heldout/v5_ant_g0.97_s8_seq09_cr3.0.json,4ae416f34828157a184090fb87e8e29c0bfe2c2ef07a620116270ed7e9ac38b4
anticipatory_dqn,iid-eval-seq-00,00,held_out,True,v5_ant_g0.98_s0,,3.0,42775.0,True,50,50,,23,9,runs/v5_heldout/v5_ant_g0.98_s0_seq00_cr3.0.json,ab061acee82518cbcc039c04d7c8c46ca97ce458b530d41810598cc76a168d92
anticipatory_dqn,iid-eval-seq-02,02,held_out,True,v5_ant_g0.98_s0,,3.0,47450.0,True,50,50,,32,4,runs/v5_heldout/v5_ant_g0.98_s0_seq02_cr3.0.json,4d87172b5406be7068c32758760ea1cba49f58404b3517f6391dc4131440ff04
anticipatory_dqn,iid-eval-seq-04,04,held_out,False,v5_ant_g0.98_s0,,3.0,38175.0,True,50,50,,17,6,runs/v5_heldout/v5_ant_g0.98_s0_seq04_cr3.0.json,f2cae0db2ff6e09ba9503f609c10580e92029742428bd7f27b3b17eee0adcd93
anticipatory_dqn,iid-eval-seq-05,05,held_out,False,v5_ant_g0.98_s0,,3.0,50475.0,True,50,50,,28,5,runs/v5_heldout/v5_ant_g0.98_s0_seq05_cr3.0.json,b00ca65ac510ab1905d82ba2a75365bf7d0c18381e70b3a9e3559707e7e5cb63
anticipatory_dqn,iid-eval-seq-07,07,held_out,False,v5_ant_g0.98_s0,,3.0,48325.0,True,50,50,,37,2,runs/v5_heldout/v5_ant_g0.98_s0_seq07_cr3.0.json,724256976a626b19b76f3c341a1a892b37b2cab861ae61ff8061b726b3563809
anticipatory_dqn,iid-eval-seq-08,08,held_out,False,v5_ant_g0.98_s0,,3.0,53900.0,True,50,50,,30,4,runs/v5_heldout/v5_ant_g0.98_s0_seq08_cr3.0.json,4f5f899ae5849eb2aaebc5c82b74866a392b7e598bd60d4f3abfa29224a0ed19
anticipatory_dqn,iid-eval-seq-09,09,held_out,False,v5_ant_g0.98_s0,,3.0,49625.0,True,50,50,,35,6,runs/v5_heldout/v5_ant_g0.98_s0_seq09_cr3.0.json,eff5105b7bf1a2376b9add2b34db670643810ae3573a93384c429716d80e4859
dqn_no_demos,iid-eval-seq-00,00,held_out,True,v5_nodemo_g0.97_s0,,3.0,56450.0,True,50,50,,8,8,runs/v5_heldout/v5_nodemo_g0.97_s0_seq00_cr3.0.json,eb3275fa6477b85043cfe0b19116da6bfbc7836666035ab6d7ee0b0ce10ecde9
dqn_no_demos,iid-eval-seq-01,01,dev,False,v5_nodemo_g0.97_s0,,3.0,72800.0,True,50,50,,3,6,runs/v5_heldout/v5_nodemo_g0.97_s0_seq01_cr3.0.json,5b4dcbe191288a08ffabb75e397127d17720f6bac80daceb3d7c32332b71f89d
dqn_no_demos,iid-eval-seq-02,02,held_out,True,v5_nodemo_g0.97_s0,,3.0,70800.0,True,50,50,,14,7,runs/v5_heldout/v5_nodemo_g0.97_s0_seq02_cr3.0.json,480785f05f0936b8c71fe5788f1c1ca8e4cb5083c98e2a23f50aa1b06a5adadf
dqn_no_demos,iid-eval-seq-03,03,dev,False,v5_nodemo_g0.97_s0,,3.0,56425.0,True,50,50,,19,2,runs/v5_heldout/v5_nodemo_g0.97_s0_seq03_cr3.0.json,33f037513420d6e2bf09b9011fef5d2747cdf2b64771a44352f1cd3a8adab881
dqn_no_demos,iid-eval-seq-04,04,held_out,False,v5_nodemo_g0.97_s0,,3.0,46625.0,True,50,50,,8,4,runs/v5_heldout/v5_nodemo_g0.97_s0_seq04_cr3.0.json,8cd3ee8b9f4322306a69958c37d70a46d85e58aa418c4c94a25a7c23ae5e94bb
dqn_no_demos,iid-eval-seq-05,05,held_out,False,v5_nodemo_g0.97_s0,,3.0,65250.0,True,50,50,,13,6,runs/v5_heldout/v5_nodemo_g0.97_s0_seq05_cr3.0.json,e3ecdc6142cf1017113cf6b8d0992d3a0508474178036fc846c784d1c4dcde70
dqn_no_demos,iid-eval-seq-06,06,dev,False,v5_nodemo_g0.97_s0,,3.0,47325.0,True,50,50,,18,9,runs/v5_heldout/v5_nodemo_g0.97_s0_seq06_cr3.0.json,049760a944b7aaa3affed713f5459e049b6bc437f698638bcd02df0df4397671
dqn_no_demos,iid-eval-seq-07,07,held_out,False,v5_nodemo_g0.97_s0,,3.0,71075.0,True,50,50,,20,5,runs/v5_heldout/v5_nodemo_g0.97_s0_seq07_cr3.0.json,bada9b26b80441bba064d5be1127ddf0a752032fb9c56db0491543536c7e3682
dqn_no_demos,iid-eval-seq-08,08,held_out,False,v5_nodemo_g0.97_s0,,3.0,84775.0,True,50,50,,2,5,runs/v5_heldout/v5_nodemo_g0.97_s0_seq08_cr3.0.json,5688d84ec718771c02b7a6bf707027d35b7b3a2e4cf46f7f2095c972d0807b34
dqn_no_demos,iid-eval-seq-09,09,held_out,False,v5_nodemo_g0.97_s0,,3.0,75200.0,True,50,50,,12,6,runs/v5_heldout/v5_nodemo_g0.97_s0_seq09_cr3.0.json,222c4f52bbaf05923fc67cff9aa40ce26b41332479c7cf517c7938911ccd51e9
anticipatory_dqn,iid-eval-seq-01,01,dev,False,v5_ant_g0.97_s0,,3.0,45200.0,True,50,50,,26,2,runs/v5_crsweep/v5_ant_g0.97_s0_seq01_cr3.0.json,5c8467b37e9f7d04fe0e1342a1faea6efa75047752f54e69239b8613a4775c27
anticipatory_dqn,iid-eval-seq-03,03,dev,False,v5_ant_g0.97_s0,,3.0,34800.0,True,50,50,,31,5,runs/v5_crsweep/v5_ant_g0.97_s0_seq03_cr3.0.json,e461f8cb4f657aa4985ddd28ca5747bbdb074f78ca1df484b7481e81246b4925
anticipatory_dqn,iid-eval-seq-06,06,dev,False,v5_ant_g0.97_s0,,3.0,30875.0,True,50,50,,26,4,runs/v5_crsweep/v5_ant_g0.97_s0_seq06_cr3.0.json,6ae5f9db7727c055d1ad862b2e9e9df01c8b998373381c670d301ad5fdbcdba3
anticipatory_dqn,iid-eval-seq-01,01,dev,False,v5_ant_g0.98_s0,,3.0,43900.0,True,50,50,,28,2,runs/v5_crsweep/v5_ant_g0.98_s0_seq01_cr3.0.json,dc2b83572e4eeb88d117e3282f2fe935da29df6d6eaac2ba7c409bac4bd9a670
anticipatory_dqn,iid-eval-seq-03,03,dev,False,v5_ant_g0.98_s0,,3.0,36575.0,True,50,50,,31,3,runs/v5_crsweep/v5_ant_g0.98_s0_seq03_cr3.0.json,7baf550797b66ceb8cbf777fd8af0448e9693283d3aecdadc4dd2296928b2202
anticipatory_dqn,iid-eval-seq-06,06,dev,False,v5_ant_g0.98_s0,,3.0,32175.0,True,50,50,,27,3,runs/v5_crsweep/v5_ant_g0.98_s0_seq06_cr3.0.json,62f60fd1528012005d516280af80b14618f1006cae8ea91914b76cdfed5aea94
anticipatory_dqn,iid-eval-seq-01,01,dev,False,v5_ant_g0.98_s4,,3.0,47350.0,True,50,50,,28,2,runs/v5_crsweep/v5_ant_g0.98_s4_seq01_cr3.0.json,6c1d9690499e25d1dbb4d39b7f07001a153bcdd1d85f8d54cc9c2ab3d575cd28
anticipatory_dqn,iid-eval-seq-03,03,dev,False,v5_ant_g0.98_s4,,3.0,79625.0,True,50,50,,9,2,runs/v5_crsweep/v5_ant_g0.98_s4_seq03_cr3.0.json,2d5f79dba1f4687764fca17cba77213adfd1bb040fd5268808b04d64205127f2
anticipatory_dqn,iid-eval-seq-06,06,dev,False,v5_ant_g0.98_s4,,3.0,74250.0,True,50,50,,10,4,runs/v5_crsweep/v5_ant_g0.98_s4_seq06_cr3.0.json,8f51ac8f66b5de47b504da25447eb355c947e9729880bf6a1d516ae071b95ff8
gnn_counterfactual,iid-eval-seq-00,00,held_out,True,gnn_v5_aug_s0,,,59050.0,True,50,50,,0,1,runs/v5_gnn_seeds/aug/gnn_aug_s0_seq00.json,7dadef614dcc8ace9d89ee052d332615db28fc640521a5a431cc5553336c30b3
gnn_counterfactual,iid-eval-seq-01,01,dev,False,gnn_v5_aug_s0,,,67075.0,True,50,50,,0,0,runs/v5_gnn_seeds/aug/gnn_aug_s0_seq01.json,9981ff088091e30bd82736f65e145ff8ff545babb38683f6b1fa8cc9c369dc57
gnn_counterfactual,iid-eval-seq-02,02,held_out,True,gnn_v5_aug_s0,,,55575.0,True,50,50,,25,3,runs/v5_gnn_seeds/aug/gnn_aug_s0_seq02.json,0e0d2400e4f4ff4a9dd0c4359211c83e9dd4984560703b771359c2a81903db44
gnn_counterfactual,iid-eval-seq-03,03,dev,False,gnn_v5_aug_s0,,,63550.0,True,50,50,,0,0,runs/v5_gnn_seeds/aug/gnn_aug_s0_seq03.json,1d403a204b0fe62e4878d0eb02ce5f0ac9b37cead0f9241c2f6e0270eb3fa0b0
gnn_counterfactual,iid-eval-seq-04,04,held_out,False,gnn_v5_aug_s0,,,45075.0,True,50,50,,0,0,runs/v5_gnn_seeds/aug/gnn_aug_s0_seq04.json,4c1ede17745baeffa86dd299ac2a31af119acf6e6696f0254f13a2ff1992de75
gnn_counterfactual,iid-eval-seq-05,05,held_out,False,gnn_v5_aug_s0,,,71525.0,True,50,50,,0,0,runs/v5_gnn_seeds/aug/gnn_aug_s0_seq05.json,863f8c65c49edcf6aeafa1f2b353d0aa4967c644674d2f79080a09a411a02083
gnn_counterfactual,iid-eval-seq-06,06,dev,False,gnn_v5_aug_s0,,,52375.0,True,50,50,,0,0,runs/v5_gnn_seeds/aug/gnn_aug_s0_seq06.json,92689ed3693a27054a4dae2d3a4e275a960aa3cd5bec4ef4de8806c67d8186fe
gnn_counterfactual,iid-eval-seq-07,07,held_out,False,gnn_v5_aug_s0,,,82975.0,True,50,50,,0,0,runs/v5_gnn_seeds/aug/gnn_aug_s0_seq07.json,3ab87de99ca686e5c40d85d5e6f5e4c50cd86a232b6f6dec35dc0468f9b4c491
gnn_counterfactual,iid-eval-seq-08,08,held_out,False,gnn_v5_aug_s0,,,78400.0,True,50,50,,0,0,runs/v5_gnn_seeds/aug/gnn_aug_s0_seq08.json,d196e414d911cd477d6ee12f3ac71c6d7f1f07f42d6ae89e482353f7f0eab367
gnn_counterfactual,iid-eval-seq-09,09,held_out,False,gnn_v5_aug_s0,,,78500.0,True,50,50,,0,0,runs/v5_gnn_seeds/aug/gnn_aug_s0_seq09.json,36b8b574fb733e945900143bbefb144ac84f1b98a0ebbd14942f90e53a64645b
gnn_counterfactual,iid-eval-seq-00,00,held_out,True,gnn_v5_aug_s4,,,59050.0,True,50,50,,0,1,runs/v5_gnn_seeds/aug/gnn_aug_s4_seq00.json,742af47189683c3b6f97cf524b83d166a6b6fa0fbe0db106f0e8ac2db3c3d236
gnn_counterfactual,iid-eval-seq-01,01,dev,False,gnn_v5_aug_s4,,,66800.0,True,50,50,,0,0,runs/v5_gnn_seeds/aug/gnn_aug_s4_seq01.json,145ade133f0d4258cf63994b96d418f2fc5a578e541bd2e23d9a21e3c8fea9ad
gnn_counterfactual,iid-eval-seq-02,02,held_out,True,gnn_v5_aug_s4,,,55575.0,True,50,50,,25,3,runs/v5_gnn_seeds/aug/gnn_aug_s4_seq02.json,c9936e6393815bafe3efe88b0a7eb3303bcee030b9318ed418c6fe9faf4a5d4b
gnn_counterfactual,iid-eval-seq-03,03,dev,False,gnn_v5_aug_s4,,,63550.0,True,50,50,,0,0,runs/v5_gnn_seeds/aug/gnn_aug_s4_seq03.json,7bc5956f164ad80db89c265b2cd8a8992162c58e55bb1b11189b9eb6c496c71c
gnn_counterfactual,iid-eval-seq-04,04,held_out,False,gnn_v5_aug_s4,,,44975.0,True,50,50,,0,0,runs/v5_gnn_seeds/aug/gnn_aug_s4_seq04.json,8b7a1494e4af8258f1ca6df4e7ee002dfca510fd6dc8fd938406241bdef52968
gnn_counterfactual,iid-eval-seq-05,05,held_out,False,gnn_v5_aug_s4,,,71525.0,True,50,50,,0,0,runs/v5_gnn_seeds/aug/gnn_aug_s4_seq05.json,ad6f2cdc1bc0e3864579e4319e1c213648e74c9956c58b47885b00a2212a2e19
gnn_counterfactual,iid-eval-seq-06,06,dev,False,gnn_v5_aug_s4,,,52375.0,True,50,50,,0,0,runs/v5_gnn_seeds/aug/gnn_aug_s4_seq06.json,b3cb1cb316d0b0dd42ed7429e0b62a50a3d6f44c8fe3374060c0e6c21a878003
gnn_counterfactual,iid-eval-seq-07,07,held_out,False,gnn_v5_aug_s4,,,82650.0,True,50,50,,0,0,runs/v5_gnn_seeds/aug/gnn_aug_s4_seq07.json,b82a75b803c974fbfbb9b2e2afaf45c403b50683ecabc732b3618d1a3b0f8f7c
gnn_counterfactual,iid-eval-seq-08,08,held_out,False,gnn_v5_aug_s4,,,78400.0,True,50,50,,0,0,runs/v5_gnn_seeds/aug/gnn_aug_s4_seq08.json,b94aff0990b20f73b828f7b1e0c2ffb742e3915f580411ba68f8563b47a6c7b9
gnn_counterfactual,iid-eval-seq-09,09,held_out,False,gnn_v5_aug_s4,,,78500.0,True,50,50,,0,0,runs/v5_gnn_seeds/aug/gnn_aug_s4_seq09.json,539db4e49c007c750961e112b810686738d1ab5a53f75941e3392d18d9285bdb
gnn_counterfactual,iid-eval-seq-00,00,held_out,True,gnn_v5_aug_s8,,,59050.0,True,50,50,,0,1,runs/v5_gnn_seeds/aug/gnn_aug_s8_seq00.json,ffa7bf79b82d6e406997ac3fe981bd02ed0b55360c6dd16aabee5f560f017877
gnn_counterfactual,iid-eval-seq-01,01,dev,False,gnn_v5_aug_s8,,,67075.0,True,50,50,,0,0,runs/v5_gnn_seeds/aug/gnn_aug_s8_seq01.json,5cc8e6448ccc3e55624af9fe987008d71bee0033ab0f9d80f41584e0c27c0597
gnn_counterfactual,iid-eval-seq-02,02,held_out,True,gnn_v5_aug_s8,,,55575.0,True,50,50,,25,3,runs/v5_gnn_seeds/aug/gnn_aug_s8_seq02.json,b5508cae9052f4cc23468467eb6c88e6a44a8b1d47df8bc06e1c7dad17607f39
gnn_counterfactual,iid-eval-seq-03,03,dev,False,gnn_v5_aug_s8,,,63550.0,True,50,50,,0,0,runs/v5_gnn_seeds/aug/gnn_aug_s8_seq03.json,dcf08202a9c65a4dbb1b535fc883eb4026c8a1868d7c4fa9d142401c6cd41e7b
gnn_counterfactual,iid-eval-seq-04,04,held_out,False,gnn_v5_aug_s8,,,44975.0,True,50,50,,0,0,runs/v5_gnn_seeds/aug/gnn_aug_s8_seq04.json,c8c02aaf2d9acc89df3d66850e21c9d113180625ba0902ab45ee01170634c2db
gnn_counterfactual,iid-eval-seq-05,05,held_out,False,gnn_v5_aug_s8,,,71850.0,True,50,50,,0,0,runs/v5_gnn_seeds/aug/gnn_aug_s8_seq05.json,a056296d13a2df6bbde7237ba1ecb7fc40d9d6ad314fc471afeb67b2ddc2a384
gnn_counterfactual,iid-eval-seq-06,06,dev,False,gnn_v5_aug_s8,,,52375.0,True,50,50,,0,0,runs/v5_gnn_seeds/aug/gnn_aug_s8_seq06.json,95ebc1c8311184a7dd92d38bbdb06e02f424b435a11999394b259d02f2cfd39e
gnn_counterfactual,iid-eval-seq-07,07,held_out,False,gnn_v5_aug_s8,,,82975.0,True,50,50,,0,0,runs/v5_gnn_seeds/aug/gnn_aug_s8_seq07.json,cfff7e9ba053985c0a865b95324a0c52804ecde50778e6dc675531e3973261a3
gnn_counterfactual,iid-eval-seq-08,08,held_out,False,gnn_v5_aug_s8,,,78400.0,True,50,50,,0,0,runs/v5_gnn_seeds/aug/gnn_aug_s8_seq08.json,fe2a288583261a9d2e06b21ab231af579f95765f204a82c2088e7d1045d17e81
gnn_counterfactual,iid-eval-seq-09,09,held_out,False,gnn_v5_aug_s8,,,78500.0,True,50,50,,0,0,runs/v5_gnn_seeds/aug/gnn_aug_s8_seq09.json,40262c5c962c2e382b5dadfcbf35d97110ee990edbb098c7054b4bda5c268f70
gnn_counterfactual,iid-eval-seq-00,00,held_out,True,gnn_v5_aug_s16,,,59050.0,True,50,50,,0,1,runs/v5_gnn_seeds/aug/gnn_aug_s16_seq00.json,7fbb718d404d1089bbf78dcf1e03a73fb0830049045dd7aed185a510a42d90ca
gnn_counterfactual,iid-eval-seq-01,01,dev,False,gnn_v5_aug_s16,,,66800.0,True,50,50,,0,0,runs/v5_gnn_seeds/aug/gnn_aug_s16_seq01.json,66074e17f83cc883a18e1bcf28c684f53a063c929e64a91b52c6408d4c4f9f19
gnn_counterfactual,iid-eval-seq-02,02,held_out,True,gnn_v5_aug_s16,,,55250.0,True,50,50,,25,3,runs/v5_gnn_seeds/aug/gnn_aug_s16_seq02.json,68d314dd96ccdd6a82b97fff71754da065a599eade95fb1c7d052b0d04bf6301
gnn_counterfactual,iid-eval-seq-03,03,dev,False,gnn_v5_aug_s16,,,63550.0,True,50,50,,0,0,runs/v5_gnn_seeds/aug/gnn_aug_s16_seq03.json,f779b17316e2bef0b3da4e0a203af87df666f13f1cdc5da8d0defba790ee47c0
gnn_counterfactual,iid-eval-seq-04,04,held_out,False,gnn_v5_aug_s16,,,45075.0,True,50,50,,0,0,runs/v5_gnn_seeds/aug/gnn_aug_s16_seq04.json,30c5148f588b0f01fcc2f4cc690cd81817f6b773c5a5880c6dd0f980b859ea5b
gnn_counterfactual,iid-eval-seq-05,05,held_out,False,gnn_v5_aug_s16,,,71200.0,True,50,50,,0,0,runs/v5_gnn_seeds/aug/gnn_aug_s16_seq05.json,0f5507221ad595cb372ccc1bf30c05191d0e3bb93e42e61a5ce49b0082ca79a4
gnn_counterfactual,iid-eval-seq-06,06,dev,False,gnn_v5_aug_s16,,,52375.0,True,50,50,,0,0,runs/v5_gnn_seeds/aug/gnn_aug_s16_seq06.json,a7b01ace674f29fd8b5485409c98fba688096015de0df01eec174da275e0775f
gnn_counterfactual,iid-eval-seq-07,07,held_out,False,gnn_v5_aug_s16,,,82925.0,True,50,50,,0,0,runs/v5_gnn_seeds/aug/gnn_aug_s16_seq07.json,7a106722dec9dcfd781eb874667f54b6813f8cb5b1dd0f4a12163e6ba4f9eb6d
gnn_counterfactual,iid-eval-seq-08,08,held_out,False,gnn_v5_aug_s16,,,78400.0,True,50,50,,0,0,runs/v5_gnn_seeds/aug/gnn_aug_s16_seq08.json,a994ba7b591b2d9af990fbaad11a280eea0e0fee728914ee49aab8ff3085e37b
gnn_counterfactual,iid-eval-seq-09,09,held_out,False,gnn_v5_aug_s16,,,78500.0,True,50,50,,0,0,runs/v5_gnn_seeds/aug/gnn_aug_s16_seq09.json,50f86fce131ea064d6adc41d52de2aef3726649565bcdd537b8de28fe27e0eb6
gnn_faithful,iid-eval-seq-00,00,held_out,True,gnn_v5_faithful_s0,,,59375.0,True,50,50,,0,1,runs/v5_gnn_seeds/faithful/gnn_faithful_s0_seq00.json,64171df4f9a08808f6b26ca2628a4d1649b4eabc5a77510bb97b50c400f835d6
gnn_faithful,iid-eval-seq-01,01,dev,False,gnn_v5_faithful_s0,,,66125.0,True,50,50,,0,0,runs/v5_gnn_seeds/faithful/gnn_faithful_s0_seq01.json,5fbdcd416d0ce168b1b75c3ed4d5c3ee5a45862afaf8269bc43dd40459e2480e
gnn_faithful,iid-eval-seq-02,02,held_out,True,gnn_v5_faithful_s0,,,77275.0,True,50,50,,0,1,runs/v5_gnn_seeds/faithful/gnn_faithful_s0_seq02.json,855b68ed6f06317f5af0a64b5f6af684546a393233c92e4febc96c7cf33bf678
gnn_faithful,iid-eval-seq-03,03,dev,False,gnn_v5_faithful_s0,,,63550.0,True,50,50,,0,0,runs/v5_gnn_seeds/faithful/gnn_faithful_s0_seq03.json,4084c50893e359372330496a6d71aec44298b64a28c75b168ffa49268d6e1c6e
gnn_faithful,iid-eval-seq-04,04,held_out,False,gnn_v5_faithful_s0,,,45475.0,True,50,50,,0,0,runs/v5_gnn_seeds/faithful/gnn_faithful_s0_seq04.json,7deb3f8fae26884dc62b3c5e92027ff6fa7938d64e9a74bfdc03ea531dc9afb4
gnn_faithful,iid-eval-seq-05,05,held_out,False,gnn_v5_faithful_s0,,,71950.0,True,50,50,,0,0,runs/v5_gnn_seeds/faithful/gnn_faithful_s0_seq05.json,2bd60b6b297e0750fe45b7b048b32ba97f488057e4c8292d7a797d5571e774d1
gnn_faithful,iid-eval-seq-06,06,dev,False,gnn_v5_faithful_s0,,,52375.0,True,50,50,,0,0,runs/v5_gnn_seeds/faithful/gnn_faithful_s0_seq06.json,755e425095b72ec9e5357a3e76b8a1af4d12a69eda0b46dc8decfe65c2be4f1a
gnn_faithful,iid-eval-seq-07,07,held_out,False,gnn_v5_faithful_s0,,,82675.0,True,50,50,,0,0,runs/v5_gnn_seeds/faithful/gnn_faithful_s0_seq07.json,2aeb8fe1e447bba7a275a64476f5a5df17df8d4424d17d76d9cfc692b07aeebd
gnn_faithful,iid-eval-seq-08,08,held_out,False,gnn_v5_faithful_s0,,,78100.0,True,50,50,,0,0,runs/v5_gnn_seeds/faithful/gnn_faithful_s0_seq08.json,5064933549c63b53c2be8b62c730442ee095b57a51bf91249471cff04f25da92
gnn_faithful,iid-eval-seq-09,09,held_out,False,gnn_v5_faithful_s0,,,76725.0,True,50,50,,0,0,runs/v5_gnn_seeds/faithful/gnn_faithful_s0_seq09.json,1667112d64f7227b6516c7e6c7ce25863faf26f3da02c887287eb6ea0679add6
gnn_faithful,iid-eval-seq-00,00,held_out,True,gnn_v5_faithful_s4,,,59050.0,True,50,50,,0,1,runs/v5_gnn_seeds/faithful/gnn_faithful_s4_seq00.json,7f1d8230b3992e96131e28b8ec2793d0dcc1db74b23654a85b6fdaaab736c0e6
gnn_faithful,iid-eval-seq-01,01,dev,False,gnn_v5_faithful_s4,,,65825.0,True,50,50,,0,0,runs/v5_gnn_seeds/faithful/gnn_faithful_s4_seq01.json,580147bcda221b57b854193c20260f297552943867cea9df83c745ee1730f727
gnn_faithful,iid-eval-seq-02,02,held_out,True,gnn_v5_faithful_s4,,,77950.0,True,50,50,,0,1,runs/v5_gnn_seeds/faithful/gnn_faithful_s4_seq02.json,1bad0a74ad1dba37bf212fbc6b09e0b2e01e9817101d7356e0216b0846f24b80
gnn_faithful,iid-eval-seq-03,03,dev,False,gnn_v5_faithful_s4,,,63550.0,True,50,50,,0,0,runs/v5_gnn_seeds/faithful/gnn_faithful_s4_seq03.json,dc3816bd3b3187816f70e3f49a3fb1a8ffc9b9999f2f1c0dea8c29c3408404f1
gnn_faithful,iid-eval-seq-04,04,held_out,False,gnn_v5_faithful_s4,,,44750.0,True,50,50,,0,0,runs/v5_gnn_seeds/faithful/gnn_faithful_s4_seq04.json,2f500d543b3d3fd66f711c1c48cb73ace005ccece046643075cc2d942522b62b
gnn_faithful,iid-eval-seq-05,05,held_out,False,gnn_v5_faithful_s4,,,71250.0,True,50,50,,0,0,runs/v5_gnn_seeds/faithful/gnn_faithful_s4_seq05.json,22fca15974e9e7148bb81e830f5a916e996fa9af829f64ea2bf96fe8c9c653ae
gnn_faithful,iid-eval-seq-06,06,dev,False,gnn_v5_faithful_s4,,,52375.0,True,50,50,,0,0,runs/v5_gnn_seeds/faithful/gnn_faithful_s4_seq06.json,8f240ba66ca7ecf228177d1a6979fadb7fd002ddc50a0d68492eac554ca52c3d
gnn_faithful,iid-eval-seq-07,07,held_out,False,gnn_v5_faithful_s4,,,81675.0,True,50,50,,0,0,runs/v5_gnn_seeds/faithful/gnn_faithful_s4_seq07.json,c984576198b5758f2889934db371f8dec26c0ab90bbe6e9c6a315d201a7f55de
gnn_faithful,iid-eval-seq-08,08,held_out,False,gnn_v5_faithful_s4,,,77750.0,True,50,50,,0,0,runs/v5_gnn_seeds/faithful/gnn_faithful_s4_seq08.json,d6d1ec6819c41d3778369b9773d78c59e1c5755f4153861f0e8434cb569cac43
gnn_faithful,iid-eval-seq-09,09,held_out,False,gnn_v5_faithful_s4,,,78200.0,True,50,50,,0,0,runs/v5_gnn_seeds/faithful/gnn_faithful_s4_seq09.json,5c5ff8e06323cddbfa8a311c8b4bf441901030feebce91bb26400e3da4e63337
gnn_faithful,iid-eval-seq-00,00,held_out,True,gnn_v5_faithful_s8,,,59050.0,True,50,50,,0,1,runs/v5_gnn_seeds/faithful/gnn_faithful_s8_seq00.json,b739e56247d799bf5c86f2116c4e5d4c6996b7fa68189d6bc4f308516aff1e26
gnn_faithful,iid-eval-seq-01,01,dev,False,gnn_v5_faithful_s8,,,65525.0,True,50,50,,0,0,runs/v5_gnn_seeds/faithful/gnn_faithful_s8_seq01.json,0aeb094e949dd8dedda467843ad1e77a5fd1a22510c4b61a032523e86a938a3e
gnn_faithful,iid-eval-seq-02,02,held_out,True,gnn_v5_faithful_s8,,,76975.0,True,50,50,,0,1,runs/v5_gnn_seeds/faithful/gnn_faithful_s8_seq02.json,06f837376f87e569244b220fa7ea1c1ee92ef4b4bfa939980a5e032f41204ae6
gnn_faithful,iid-eval-seq-03,03,dev,False,gnn_v5_faithful_s8,,,63550.0,True,50,50,,0,0,runs/v5_gnn_seeds/faithful/gnn_faithful_s8_seq03.json,358cd766f420c2c32ed58b90f3efa78108a9b06448714068d4e434eb8775b4e4
gnn_faithful,iid-eval-seq-04,04,held_out,False,gnn_v5_faithful_s8,,,44075.0,True,50,50,,0,0,runs/v5_gnn_seeds/faithful/gnn_faithful_s8_seq04.json,0f37f41adf14c1b14dc7ef3fc38c988622188de3aca20e1ef5a63d26879a8357
gnn_faithful,iid-eval-seq-05,05,held_out,False,gnn_v5_faithful_s8,,,71250.0,True,50,50,,0,0,runs/v5_gnn_seeds/faithful/gnn_faithful_s8_seq05.json,22640216fe983998f89e9276754eb23819de679efdbb91d339ed455f69ef44e7
gnn_faithful,iid-eval-seq-06,06,dev,False,gnn_v5_faithful_s8,,,52375.0,True,50,50,,0,0,runs/v5_gnn_seeds/faithful/gnn_faithful_s8_seq06.json,c056cf810ce026b8e5396c82f691b76be81e24430cc9e90a8565157ddf69c40a
gnn_faithful,iid-eval-seq-07,07,held_out,False,gnn_v5_faithful_s8,,,80375.0,True,50,50,,0,0,runs/v5_gnn_seeds/faithful/gnn_faithful_s8_seq07.json,d68f92c8bee4c84500eaa5c35cd6c693a3ac7c26b8572911aab89519723fd7d3
gnn_faithful,iid-eval-seq-08,08,held_out,False,gnn_v5_faithful_s8,,,77750.0,True,50,50,,0,0,runs/v5_gnn_seeds/faithful/gnn_faithful_s8_seq08.json,3164a6e9e4ce2fc7cdb8b405d09b01ff57fcef809b660a9b43a402b7f98e0641
gnn_faithful,iid-eval-seq-09,09,held_out,False,gnn_v5_faithful_s8,,,75975.0,True,50,50,,0,0,runs/v5_gnn_seeds/faithful/gnn_faithful_s8_seq09.json,699f74d217d5959e0a8ca7fbd33bbf7ba7d637f394eed919858dac2b56842c9c
gnn_faithful,iid-eval-seq-00,00,held_out,True,gnn_v5_faithful_s16,,,59100.0,True,50,50,,0,1,runs/v5_gnn_seeds/faithful/gnn_faithful_s16_seq00.json,4e792a43fe1996701ecd971759bc43575936aa021465dc6cb508361987a41208
gnn_faithful,iid-eval-seq-01,01,dev,False,gnn_v5_faithful_s16,,,65825.0,True,50,50,,0,0,runs/v5_gnn_seeds/faithful/gnn_faithful_s16_seq01.json,415fd8c96a288e655c886a9e4b88e178bcf9966b9e54cab716cf2e5bdb3fd152
gnn_faithful,iid-eval-seq-02,02,held_out,True,gnn_v5_faithful_s16,,,78575.0,True,50,50,,0,1,runs/v5_gnn_seeds/faithful/gnn_faithful_s16_seq02.json,714ced29e85fa3cc8219b6885080098a351fafdbc1531461257ba075ae147a00
gnn_faithful,iid-eval-seq-03,03,dev,False,gnn_v5_faithful_s16,,,63550.0,True,50,50,,0,0,runs/v5_gnn_seeds/faithful/gnn_faithful_s16_seq03.json,b1d6f3fdc6c164d30f3449c83353c49dddb1051f789df2251572c2197c3fd39e
gnn_faithful,iid-eval-seq-04,04,held_out,False,gnn_v5_faithful_s16,,,44750.0,True,50,50,,0,0,runs/v5_gnn_seeds/faithful/gnn_faithful_s16_seq04.json,750ed773282e38bb0a96842af3d97a97a8c2b3dda8c095c8058c5f0d15f03eb9
gnn_faithful,iid-eval-seq-05,05,held_out,False,gnn_v5_faithful_s16,,,70250.0,True,50,50,,0,0,runs/v5_gnn_seeds/faithful/gnn_faithful_s16_seq05.json,da09c56a47f71e6d7e6775b8d96f28c69ddf5f9e06adaeab0db7e78aa54480b9
gnn_faithful,iid-eval-seq-06,06,dev,False,gnn_v5_faithful_s16,,,52375.0,True,50,50,,0,0,runs/v5_gnn_seeds/faithful/gnn_faithful_s16_seq06.json,a018ca63a06ad7594e1d8fe6cc6c42409499cc3df7c76f1b019ecc018b0ecea8
gnn_faithful,iid-eval-seq-07,07,held_out,False,gnn_v5_faithful_s16,,,81675.0,True,50,50,,0,0,runs/v5_gnn_seeds/faithful/gnn_faithful_s16_seq07.json,d4aeae74470173b9b7ea44311b563f99d6def9ea992656eaf80e988e91b3878a
gnn_faithful,iid-eval-seq-08,08,held_out,False,gnn_v5_faithful_s16,,,77450.0,True,50,50,,0,0,runs/v5_gnn_seeds/faithful/gnn_faithful_s16_seq08.json,27b905a66d2f775bc8c15e7fb2e5020874fe06817b221872076eee7ed5ac1d8f
gnn_faithful,iid-eval-seq-09,09,held_out,False,gnn_v5_faithful_s16,,,78500.0,True,50,50,,0,0,runs/v5_gnn_seeds/faithful/gnn_faithful_s16_seq09.json,d30eede6824f1dd229943fcdcf66ade2460fe3d90dd6998ceb6cc38f6bd4e04c
gnn_steelman,iid-eval-seq-00,00,held_out,True,gnn_v5_STEELMAN,,,59050.0,True,50,50,,0,1,runs/v5_gnn_steelman_eval/steelman_seq00.json,7b16eabf8fd06e2ba7b12ac8cb8a58fc963ce8c04ec3632747aa089d02886618
gnn_steelman,iid-eval-seq-01,01,dev,False,gnn_v5_STEELMAN,,,67075.0,True,50,50,,0,0,runs/v5_gnn_steelman_eval/steelman_seq01.json,02ee5876c68ecf4c96612ab1425735ce41907e571f21d70739aaf5c3bce21fe2
gnn_steelman,iid-eval-seq-02,02,held_out,True,gnn_v5_STEELMAN,,,55575.0,True,50,50,,25,3,runs/v5_gnn_steelman_eval/steelman_seq02.json,7d6a38ecec01f7742c976884be43c14c4a91810a1935fd1335111fb208a34342
gnn_steelman,iid-eval-seq-03,03,dev,False,gnn_v5_STEELMAN,,,63550.0,True,50,50,,0,0,runs/v5_gnn_steelman_eval/steelman_seq03.json,c40e99b0599dc3139769f371cd3b62dec16c83d7d75a0d206dfa2076817a1083
gnn_steelman,iid-eval-seq-04,04,held_out,False,gnn_v5_STEELMAN,,,44975.0,True,50,50,,0,0,runs/v5_gnn_steelman_eval/steelman_seq04.json,0dfdada09c9d44bd933bf3d1860df000f5676bbcc60475eb7075912c4bf01713
gnn_steelman,iid-eval-seq-05,05,held_out,False,gnn_v5_STEELMAN,,,71850.0,True,50,50,,0,0,runs/v5_gnn_steelman_eval/steelman_seq05.json,bc3dc8f0e0091f77d0eb213de825376998297eb7fb5af3c1d44ddb9bf99008e1
gnn_steelman,iid-eval-seq-06,06,dev,False,gnn_v5_STEELMAN,,,52375.0,True,50,50,,0,0,runs/v5_gnn_steelman_eval/steelman_seq06.json,4b6f9f3fccb798c8bf4dcf74d9c353958981193323cbf32b519f7fbbba4d5382
gnn_steelman,iid-eval-seq-07,07,held_out,False,gnn_v5_STEELMAN,,,82925.0,True,50,50,,0,0,runs/v5_gnn_steelman_eval/steelman_seq07.json,2f7c8cd59dc8ae00381c5c5a4be1fd9dd8168413de760fee1c00abd749cac19c
gnn_steelman,iid-eval-seq-08,08,held_out,False,gnn_v5_STEELMAN,,,78400.0,True,50,50,,0,0,runs/v5_gnn_steelman_eval/steelman_seq08.json,a1515dbd8a52ba85a4a6e1919c357e2056bb214112c22aa972f751b34a7fc6b7
gnn_steelman,iid-eval-seq-09,09,held_out,False,gnn_v5_STEELMAN,,,78500.0,True,50,50,,0,0,runs/v5_gnn_steelman_eval/steelman_seq09.json,6d0683a78c80386d10eafc15da6796477b8190304a2a9f4b17c1eab5309ff7b1
anticipatory_dqn_greedy,iid-eval-seq-00,00,held_out,True,v5_ant_g0.97_s0,,,73800.0,False,44,50,,0,0,runs/v5_greedy/greedy_s0_seq00.json,5473561c42d9e2c29683bb591a87cefcbb0b5c7b1c85c23e0c47a564ee95a859
anticipatory_dqn_greedy,iid-eval-seq-01,01,dev,False,v5_ant_g0.97_s0,,,78700.0,False,47,50,,0,0,runs/v5_greedy/greedy_s0_seq01.json,bbd8634e76d9af055b479ca94a03925dc18cbe04950ec76da4e35d7036abc9fa
anticipatory_dqn_greedy,iid-eval-seq-02,02,held_out,True,v5_ant_g0.97_s0,,,87675.0,False,47,50,,0,0,runs/v5_greedy/greedy_s0_seq02.json,dd060f8d90e23b58d70115c8794cd3ba700288f56a5693fce8046e5767f040c0
anticipatory_dqn_greedy,iid-eval-seq-03,03,dev,False,v5_ant_g0.97_s0,,,68600.0,True,50,50,,0,0,runs/v5_greedy/greedy_s0_seq03.json,f7caa58d99c15663b69a3fc06c24d2ecc10aac1f493fe2a797b14c7fbe0dae8d
anticipatory_dqn_greedy,iid-eval-seq-04,04,held_out,False,v5_ant_g0.97_s0,,,69725.0,False,44,50,,0,0,runs/v5_greedy/greedy_s0_seq04.json,9bd0b3a781c768217de538e51c5bcb45f01106adb16f68712553c8742f129812
anticipatory_dqn_greedy,iid-eval-seq-05,05,held_out,False,v5_ant_g0.97_s0,,,79425.0,False,48,50,,0,0,runs/v5_greedy/greedy_s0_seq05.json,ec22d1911053fdbc3b44b8c1539780e157eb420c262af4137b500904fa4a445b
anticipatory_dqn_greedy,iid-eval-seq-06,06,dev,False,v5_ant_g0.97_s0,,,83500.0,False,44,50,,0,0,runs/v5_greedy/greedy_s0_seq06.json,e0711f93609a70c745b86cea26cf3e5fc240e74b62d2a6a4e97cdb806867948f
anticipatory_dqn_greedy,iid-eval-seq-07,07,held_out,False,v5_ant_g0.97_s0,,,90250.0,False,47,50,,0,0,runs/v5_greedy/greedy_s0_seq07.json,286563969113c1bf7c4ea232fbc5151b169f440875c6f637f570322d05ea4973
anticipatory_dqn_greedy,iid-eval-seq-08,08,held_out,False,v5_ant_g0.97_s0,,,91825.0,False,49,50,,0,0,runs/v5_greedy/greedy_s0_seq08.json,09f250b0a75e73cfa2696d2982194179b9ed668c310d2f377e396abe21ed80af
anticipatory_dqn_greedy,iid-eval-seq-09,09,held_out,False,v5_ant_g0.97_s0,,,79175.0,False,49,50,,0,0,runs/v5_greedy/greedy_s0_seq09.json,736b33836c09fc6dc47f93ee4c77af30e2f4da2e2c53a5652ce774955ff6a615
anticipatory_dqn_greedy,iid-eval-seq-00,00,held_out,True,v5_ant_g0.97_s4,,,67850.0,False,45,50,,0,0,runs/v5_greedy/greedy_s4_seq00.json,291a45dc3585e6669a255683d221ca604ea44d964d9813548981af30de79d989
anticipatory_dqn_greedy,iid-eval-seq-01,01,dev,False,v5_ant_g0.97_s4,,,93900.0,False,43,50,,0,0,runs/v5_greedy/greedy_s4_seq01.json,8f10c12f2e94302a4ab78443acdf2546c2b295bf75973b7e52712d3694f680c9
anticipatory_dqn_greedy,iid-eval-seq-02,02,held_out,True,v5_ant_g0.97_s4,,,83325.0,False,49,50,,0,0,runs/v5_greedy/greedy_s4_seq02.json,a2b232eea23d8417654d3d0d0a42554d0239d6f380d89d5ef7657789c941518d
anticipatory_dqn_greedy,iid-eval-seq-03,03,dev,False,v5_ant_g0.97_s4,,,70950.0,False,49,50,,0,0,runs/v5_greedy/greedy_s4_seq03.json,fdee1015852ee2dc3e468c1fae522dfa5db3c6940b97f7f454e715caaa7c0fd2
anticipatory_dqn_greedy,iid-eval-seq-04,04,held_out,False,v5_ant_g0.97_s4,,,69850.0,False,45,50,,0,0,runs/v5_greedy/greedy_s4_seq04.json,97f7352e1a3ce5a15c55f2080a1abdb897e6bd6a94f7de8331657054a2d5a49b
anticipatory_dqn_greedy,iid-eval-seq-05,05,held_out,False,v5_ant_g0.97_s4,,,80975.0,False,49,50,,0,0,runs/v5_greedy/greedy_s4_seq05.json,f5f13a30fa5bb1771ec271b079272b1f0a2d73149e74867bb876a19671c508c6
anticipatory_dqn_greedy,iid-eval-seq-06,06,dev,False,v5_ant_g0.97_s4,,,66150.0,False,46,50,,0,0,runs/v5_greedy/greedy_s4_seq06.json,53b1c2756339750a119596cabd91c0b175cc524b2011b494b6ecb36d58faa9c8
anticipatory_dqn_greedy,iid-eval-seq-07,07,held_out,False,v5_ant_g0.97_s4,,,89925.0,False,49,50,,0,0,runs/v5_greedy/greedy_s4_seq07.json,adacca0326b020901a8b9ba5800b40cd6bdf4a23cfce5b58339d1980ed6617d4
anticipatory_dqn_greedy,iid-eval-seq-08,08,held_out,False,v5_ant_g0.97_s4,,,86775.0,False,49,50,,0,0,runs/v5_greedy/greedy_s4_seq08.json,473a45218ff13bf64c08265a1d6d33a8f292244cb904d589e76a0bbc16fba953
anticipatory_dqn_greedy,iid-eval-seq-09,09,held_out,False,v5_ant_g0.97_s4,,,76625.0,True,50,50,,0,0,runs/v5_greedy/greedy_s4_seq09.json,3b4443350640806074e011a7ee0cf622b2d6710355206cfa45e81323dee050c9
anticipatory_dqn_greedy,iid-eval-seq-00,00,held_out,True,v5_ant_g0.97_s8,,,83175.0,False,43,50,,0,0,runs/v5_greedy/greedy_s8_seq00.json,297a03f8f41b34dce847d83b5c4a61e443acf19a036059bca17493d5b6067024
anticipatory_dqn_greedy,iid-eval-seq-01,01,dev,False,v5_ant_g0.97_s8,,,94475.0,False,46,50,,0,0,runs/v5_greedy/greedy_s8_seq01.json,1c43761b551a2317c754ab5728a5d365e344c9330fed134771b8130809155239
anticipatory_dqn_greedy,iid-eval-seq-02,02,held_out,True,v5_ant_g0.97_s8,,,92775.0,False,48,50,,0,0,runs/v5_greedy/greedy_s8_seq02.json,363c6d8875a25f5dffee22b99d415f64fd71a9f7b4dec4925710c43e93a226e1
anticipatory_dqn_greedy,iid-eval-seq-03,03,dev,False,v5_ant_g0.97_s8,,,78925.0,False,47,50,,0,0,runs/v5_greedy/greedy_s8_seq03.json,323ffff8168449324755c16288563d7e3fef33082a444438cebafdd2ea52821c
anticipatory_dqn_greedy,iid-eval-seq-04,04,held_out,False,v5_ant_g0.97_s8,,,97300.0,False,43,50,,0,0,runs/v5_greedy/greedy_s8_seq04.json,f502cb742209fcf91a6e97382bab120baaba7eed5db96c6d5e00336afee0a0b7
anticipatory_dqn_greedy,iid-eval-seq-05,05,held_out,False,v5_ant_g0.97_s8,,,83225.0,False,48,50,,0,0,runs/v5_greedy/greedy_s8_seq05.json,46e71e22036bca5d1e0f44211af9a830f5a5593ac1d9a154b9519c25f73d0344
anticipatory_dqn_greedy,iid-eval-seq-06,06,dev,False,v5_ant_g0.97_s8,,,63075.0,False,47,50,,0,0,runs/v5_greedy/greedy_s8_seq06.json,9df5b65fd23696c407f8af59dc7756c3ed0943406fb0eed50f3bb9c4584b9151
anticipatory_dqn_greedy,iid-eval-seq-07,07,held_out,False,v5_ant_g0.97_s8,,,91500.0,False,48,50,,0,0,runs/v5_greedy/greedy_s8_seq07.json,c215c90537542c42eaf9cad8230dd25ccce3404db7d91a6fb315988680e804a4
anticipatory_dqn_greedy,iid-eval-seq-08,08,held_out,False,v5_ant_g0.97_s8,,,93975.0,False,49,50,,0,0,runs/v5_greedy/greedy_s8_seq08.json,4b3d36aa6a1c20a6d56fd190a5a8fc50a461849be41b503828f92d5b9b5528a5
anticipatory_dqn_greedy,iid-eval-seq-09,09,held_out,False,v5_ant_g0.97_s8,,,81375.0,False,49,50,,0,0,runs/v5_greedy/greedy_s8_seq09.json,b2d85d4a675ce963d3eb9467c4230aee0caee937f7ad1068c342a4894fa77fea
anticipatory_dqn_greedy,iid-eval-seq-00,00,held_out,True,v5_ant_g0.97_s16,,,79600.0,False,45,50,,0,0,runs/v5_greedy/greedy_s16_seq00.json,fd6b0000f3a2849324eebe565e0fc5f193977299cc915bf16d10075c10a58811
anticipatory_dqn_greedy,iid-eval-seq-01,01,dev,False,v5_ant_g0.97_s16,,,77650.0,False,47,50,,0,0,runs/v5_greedy/greedy_s16_seq01.json,c3a6addce4362799d4212a1d9c3953b7fe3225033ce219092e29fe3973303878
anticipatory_dqn_greedy,iid-eval-seq-02,02,held_out,True,v5_ant_g0.97_s16,,,78250.0,False,49,50,,0,0,runs/v5_greedy/greedy_s16_seq02.json,02a76586ce7f540e7f579f2347289843f150c155040a1136870955425c1e905c
anticipatory_dqn_greedy,iid-eval-seq-03,03,dev,False,v5_ant_g0.97_s16,,,63600.0,True,50,50,,0,0,runs/v5_greedy/greedy_s16_seq03.json,d773698529d5a59bb1720e9dff88d4f03ebedd58bc4d891ac946ddec544c1e6c
anticipatory_dqn_greedy,iid-eval-seq-04,04,held_out,False,v5_ant_g0.97_s16,,,53000.0,False,47,50,,0,0,runs/v5_greedy/greedy_s16_seq04.json,62db601ec51637f7ca6dc516684c1baa42346e866496d6eaca21c6414c150d17
anticipatory_dqn_greedy,iid-eval-seq-05,05,held_out,False,v5_ant_g0.97_s16,,,70775.0,True,50,50,,0,0,runs/v5_greedy/greedy_s16_seq05.json,b8cf5a7f42beef35471051d9d2486adfa0fc94820be47b68ac991defc98981ca
anticipatory_dqn_greedy,iid-eval-seq-06,06,dev,False,v5_ant_g0.97_s16,,,61450.0,False,48,50,,0,0,runs/v5_greedy/greedy_s16_seq06.json,6a97f406a957aedebc27ffc4da2ecb587615f5660b6476130acf91bded46f4e5
anticipatory_dqn_greedy,iid-eval-seq-07,07,held_out,False,v5_ant_g0.97_s16,,,82950.0,True,50,50,,0,0,runs/v5_greedy/greedy_s16_seq07.json,36db9dc7d7a8561d033ecaa232222da5b1d9bfc5d5c1aaba9b6396e8e0d6e7c1
anticipatory_dqn_greedy,iid-eval-seq-08,08,held_out,False,v5_ant_g0.97_s16,,,90750.0,False,49,50,,0,0,runs/v5_greedy/greedy_s16_seq08.json,393375c46b48a18bedea4ef2bce93b3435142d22100c364e5ccbb5afd7eb3acc
anticipatory_dqn_greedy,iid-eval-seq-09,09,held_out,False,v5_ant_g0.97_s16,,,76325.0,True,50,50,,0,0,runs/v5_greedy/greedy_s16_seq09.json,1fb913ba6c8555006f79a680f4418ec433a9bfd68a796e37a87356ba49dda569
anticipatory_dqn_greedy,iid-eval-seq-00,00,held_out,True,v5_ant_g0.97_s42,,,84325.0,False,40,50,,0,0,runs/v5_greedy/greedy_s42_seq00.json,0c1729919469d8969f805f18de3ffb940dc92b72c652176f3b56bd6633cc18d7
anticipatory_dqn_greedy,iid-eval-seq-01,01,dev,False,v5_ant_g0.97_s42,,,79350.0,False,46,50,,0,0,runs/v5_greedy/greedy_s42_seq01.json,f539b2894ca2d16fdd1c498c464acd5c903c4557bda4acb05a0730bb9a4426f9
anticipatory_dqn_greedy,iid-eval-seq-02,02,held_out,True,v5_ant_g0.97_s42,,,91050.0,False,47,50,,0,0,runs/v5_greedy/greedy_s42_seq02.json,d1b05912b9753b923426a919fa8cbfe63fcf919d04da2eea94eeb10cbee82619
anticipatory_dqn_greedy,iid-eval-seq-03,03,dev,False,v5_ant_g0.97_s42,,,72250.0,False,47,50,,0,0,runs/v5_greedy/greedy_s42_seq03.json,c85a03b570957ed3bc86e0c45ffa4a978892b82f97e6be45aec5f3e987f2595d
anticipatory_dqn_greedy,iid-eval-seq-04,04,held_out,False,v5_ant_g0.97_s42,,,89300.0,False,37,50,,0,0,runs/v5_greedy/greedy_s42_seq04.json,c308d50cd40370fd5803e55ff6196de86beb453e9f9cca718b93870fba4f22c3
anticipatory_dqn_greedy,iid-eval-seq-05,05,held_out,False,v5_ant_g0.97_s42,,,83675.0,False,47,50,,0,0,runs/v5_greedy/greedy_s42_seq05.json,4034340927e8dfb18a82ccbb3b0202649e55a7b923473b7c1fbb249e537cdf65
anticipatory_dqn_greedy,iid-eval-seq-06,06,dev,False,v5_ant_g0.97_s42,,,60475.0,False,45,50,,0,0,runs/v5_greedy/greedy_s42_seq06.json,3e493e710eb6f84a852ba35ca7a5a3001f69802825cc36371aed734e1c265da1
anticipatory_dqn_greedy,iid-eval-seq-07,07,held_out,False,v5_ant_g0.97_s42,,,133625.0,False,40,50,,0,0,runs/v5_greedy/greedy_s42_seq07.json,b46118e01e2f85dd5fc75b268502b16fe9196e8a62dd36c6784c84101bcd8060
anticipatory_dqn_greedy,iid-eval-seq-08,08,held_out,False,v5_ant_g0.97_s42,,,128900.0,False,44,50,,0,0,runs/v5_greedy/greedy_s42_seq08.json,8f1a2d7426a6e230a619d4fc3864360f22c989f113eac6a8465fc0d94a78bf19
anticipatory_dqn_greedy,iid-eval-seq-09,09,held_out,False,v5_ant_g0.97_s42,,,87950.0,False,44,50,,0,0,runs/v5_greedy/greedy_s42_seq09.json,fb0793014a6c6672bcc43895e852f3ac8c3ba13ea09ce954a4fbe063be827133
gamma_sweep_guided,iid-eval-seq-00,00,held_out,True,v5_ant_g0.90_s0,,3.0,44625.0,True,50,50,,22,8,runs/v5_gamma_guided/v5_ant_g0.90_s0_seq00_cr3.0.json,7924ad1f24bad830c40073807b2f75ccceda099d44e783a0fd44d6fb0416c2d4
gamma_sweep_guided,iid-eval-seq-01,01,dev,False,v5_ant_g0.90_s0,,3.0,69575.0,True,50,50,,8,2,runs/v5_gamma_guided/v5_ant_g0.90_s0_seq01_cr3.0.json,46818f9247322748da5d1799999893ed13157a3b4f582a8e8e5de893f13d7776
gamma_sweep_guided,iid-eval-seq-02,02,held_out,True,v5_ant_g0.90_s0,,3.0,51400.0,True,50,50,,29,4,runs/v5_gamma_guided/v5_ant_g0.90_s0_seq02_cr3.0.json,c8598f93f40604eeac87c5545d49a73a62a19165df1d0461cf03e453939d0d95
gamma_sweep_guided,iid-eval-seq-03,03,dev,False,v5_ant_g0.90_s0,,3.0,39250.0,True,50,50,,30,5,runs/v5_gamma_guided/v5_ant_g0.90_s0_seq03_cr3.0.json,0e93cd4c8df72fb3fd292e5b2974f2b110c16472483c7425b1e3b74a750604d9
gamma_sweep_guided,iid-eval-seq-04,04,held_out,False,v5_ant_g0.90_s0,,3.0,50900.0,True,50,50,,6,3,runs/v5_gamma_guided/v5_ant_g0.90_s0_seq04_cr3.0.json,5b957d1b261e49cdcc56e4224a78193f4028b9e84df311df3003c63a09a6dc7b
gamma_sweep_guided,iid-eval-seq-05,05,held_out,False,v5_ant_g0.90_s0,,3.0,54325.0,True,50,50,,23,6,runs/v5_gamma_guided/v5_ant_g0.90_s0_seq05_cr3.0.json,1f0ad907ae2354c973825a052789f609396fd11746150ca6d0e960261b219f92
gamma_sweep_guided,iid-eval-seq-06,06,dev,False,v5_ant_g0.90_s0,,3.0,34475.0,True,50,50,,24,5,runs/v5_gamma_guided/v5_ant_g0.90_s0_seq06_cr3.0.json,0e2229df4ab8938e22b494778d57f9b66a1bb287d37a57e3b45bac1f0cac53e8
gamma_sweep_guided,iid-eval-seq-07,07,held_out,False,v5_ant_g0.90_s0,,3.0,68300.0,True,50,50,,19,1,runs/v5_gamma_guided/v5_ant_g0.90_s0_seq07_cr3.0.json,1e099014a4f9be4db50f1f73e69e86aadb3cc86804cec7b5bdc343bee1e72c25
gamma_sweep_guided,iid-eval-seq-08,08,held_out,False,v5_ant_g0.90_s0,,3.0,78500.0,True,50,50,,7,1,runs/v5_gamma_guided/v5_ant_g0.90_s0_seq08_cr3.0.json,f7eba042e33e9ee2c3a3919008a18853061db04cdd5a0f2530d599ffccea585c
gamma_sweep_guided,iid-eval-seq-09,09,held_out,False,v5_ant_g0.90_s0,,3.0,76925.0,True,50,50,,9,4,runs/v5_gamma_guided/v5_ant_g0.90_s0_seq09_cr3.0.json,75e1f8c9f7e87e3c5ffd40dd756f50f2fcb8f581f237f640fae8553296d3e1a0
gamma_sweep_guided,iid-eval-seq-00,00,held_out,True,v5_ant_g0.90_s42,,3.0,57500.0,True,50,50,,7,1,runs/v5_gamma_guided/v5_ant_g0.90_s42_seq00_cr3.0.json,5c14f28d1e909b19ce2d780d01f92711547662c58497fa3031797c0c0148c9c4
gamma_sweep_guided,iid-eval-seq-01,01,dev,False,v5_ant_g0.90_s42,,3.0,56000.0,True,50,50,,17,2,runs/v5_gamma_guided/v5_ant_g0.90_s42_seq01_cr3.0.json,8ca88b72308b3f9bddaa685f4e6605ff483a009c47b056cfdb79e6df98c9909b
gamma_sweep_guided,iid-eval-seq-02,02,held_out,True,v5_ant_g0.90_s42,,3.0,56550.0,True,50,50,,25,3,runs/v5_gamma_guided/v5_ant_g0.90_s42_seq02_cr3.0.json,6ad7ed226ad9d17bf63891117359578f5a6f7a640299afa2c7293034a5993272
gamma_sweep_guided,iid-eval-seq-03,03,dev,False,v5_ant_g0.90_s42,,3.0,51225.0,True,50,50,,33,1,runs/v5_gamma_guided/v5_ant_g0.90_s42_seq03_cr3.0.json,5ff633e262653c8fd66a61a5234a990a9c1d382b38e2ed37fcc14fed3e99c66f
gamma_sweep_guided,iid-eval-seq-04,04,held_out,False,v5_ant_g0.90_s42,,3.0,52975.0,True,50,50,,1,1,runs/v5_gamma_guided/v5_ant_g0.90_s42_seq04_cr3.0.json,9e621dd6e0ce651c4e19fd00630c87b568ca2a7205ea8b1cdb5e685403890fe2
gamma_sweep_guided,iid-eval-seq-05,05,held_out,False,v5_ant_g0.90_s42,,3.0,62050.0,True,50,50,,17,3,runs/v5_gamma_guided/v5_ant_g0.90_s42_seq05_cr3.0.json,6e7f297b8c4fbbc83c2539d85a72d9a6b7ef9a42a05b6c80da94773c8673fd74
gamma_sweep_guided,iid-eval-seq-06,06,dev,False,v5_ant_g0.90_s42,,3.0,38050.0,True,50,50,,26,1,runs/v5_gamma_guided/v5_ant_g0.90_s42_seq06_cr3.0.json,fe9951085f5af86a380818d8bf06281674007e3e14500dc60857c328049fcfe9
gamma_sweep_guided,iid-eval-seq-07,07,held_out,False,v5_ant_g0.90_s42,,3.0,63100.0,True,50,50,,35,3,runs/v5_gamma_guided/v5_ant_g0.90_s42_seq07_cr3.0.json,bec3b19f80daf67b34e2415acb20da2e5647105738db9b32f2a3d516fcb9400f
gamma_sweep_guided,iid-eval-seq-08,08,held_out,False,v5_ant_g0.90_s42,,3.0,54375.0,True,50,50,,30,2,runs/v5_gamma_guided/v5_ant_g0.90_s42_seq08_cr3.0.json,ee451be12ff540459f199b08f829968452dac332593f846d46f8351c4e9ab9d5
gamma_sweep_guided,iid-eval-seq-09,09,held_out,False,v5_ant_g0.90_s42,,3.0,53950.0,True,50,50,,36,2,runs/v5_gamma_guided/v5_ant_g0.90_s42_seq09_cr3.0.json,1e73b8039c851b17fc345f7064da3a64679d4f659f3b06fd6546f9ca0a3377fc
gamma_sweep_guided,iid-eval-seq-00,00,held_out,True,v5_ant_g0.95_s0,,3.0,59875.0,True,50,50,,10,11,runs/v5_gamma_guided/v5_ant_g0.95_s0_seq00_cr3.0.json,131fa2380df7dcd4300b8cfb0d103e2b30bcba1dacd2f1633cc34000b8df7141
gamma_sweep_guided,iid-eval-seq-01,01,dev,False,v5_ant_g0.95_s0,,3.0,66950.0,True,50,50,,0,0,runs/v5_gamma_guided/v5_ant_g0.95_s0_seq01_cr3.0.json,800aef07419d0c295f1a6da392658034f6fdc0679080821fcbe743cfc618d0f9
gamma_sweep_guided,iid-eval-seq-02,02,held_out,True,v5_ant_g0.95_s0,,3.0,54050.0,True,50,50,,25,4,runs/v5_gamma_guided/v5_ant_g0.95_s0_seq02_cr3.0.json,6b7b11a41f8b2b2f8707b5db109b6abb383b1b6548cc0580ec7ab562c9def2a0
gamma_sweep_guided,iid-eval-seq-03,03,dev,False,v5_ant_g0.95_s0,,3.0,42775.0,True,50,50,,27,6,runs/v5_gamma_guided/v5_ant_g0.95_s0_seq03_cr3.0.json,2b65a59c767e78842cb888b96537f2c386a5a10b5b0cda0e93c863851587ca86
gamma_sweep_guided,iid-eval-seq-04,04,held_out,False,v5_ant_g0.95_s0,,3.0,49575.0,True,50,50,,0,0,runs/v5_gamma_guided/v5_ant_g0.95_s0_seq04_cr3.0.json,8ec709528f4694970445178538063e242fb28501c5589d4dd5cfa0e900608fa3
gamma_sweep_guided,iid-eval-seq-05,05,held_out,False,v5_ant_g0.95_s0,,3.0,74250.0,True,50,50,,0,0,runs/v5_gamma_guided/v5_ant_g0.95_s0_seq05_cr3.0.json,0b3367bcd9c40843697cffa15599cb34479783dea884e10fa86eae93e10e0c8d
gamma_sweep_guided,iid-eval-seq-06,06,dev,False,v5_ant_g0.95_s0,,3.0,36950.0,True,50,50,,25,7,runs/v5_gamma_guided/v5_ant_g0.95_s0_seq06_cr3.0.json,cfcf709a4e5e864c1f767628eb9fc91f7b197cb273f2362c86bca3e2fdab22b8
gamma_sweep_guided,iid-eval-seq-07,07,held_out,False,v5_ant_g0.95_s0,,3.0,65600.0,True,50,50,,20,1,runs/v5_gamma_guided/v5_ant_g0.95_s0_seq07_cr3.0.json,5c4c5103b115e306b4553bc26e5a44f89b6471de02ed515700f650c63082a98b
gamma_sweep_guided,iid-eval-seq-08,08,held_out,False,v5_ant_g0.95_s0,,3.0,78250.0,True,50,50,,6,1,runs/v5_gamma_guided/v5_ant_g0.95_s0_seq08_cr3.0.json,2bfb89969f1f1144079bb106fdb8e7d1f5b1f24ef6d0fdf13e862b166be16c55
gamma_sweep_guided,iid-eval-seq-09,09,held_out,False,v5_ant_g0.95_s0,,3.0,69825.0,True,50,50,,11,5,runs/v5_gamma_guided/v5_ant_g0.95_s0_seq09_cr3.0.json,e07d97d406d3639106d690bf8f2e015382d00234137e29580bd80da916bddebe
gamma_sweep_guided,iid-eval-seq-00,00,held_out,True,v5_ant_g0.95_s4,,3.0,48975.0,True,50,50,,23,9,runs/v5_gamma_guided/v5_ant_g0.95_s4_seq00_cr3.0.json,fd0968b1f1f9a7e04e2b3db4fa5b0e2b72567b0731115780d32bbbe363048685
gamma_sweep_guided,iid-eval-seq-01,01,dev,False,v5_ant_g0.95_s4,,3.0,50975.0,True,50,50,,22,3,runs/v5_gamma_guided/v5_ant_g0.95_s4_seq01_cr3.0.json,6f77244afb2944f4d8614563aaab82ae52e04d5cb9156983b8ac13e47551b21e
gamma_sweep_guided,iid-eval-seq-02,02,held_out,True,v5_ant_g0.95_s4,,3.0,46425.0,True,50,50,,31,4,runs/v5_gamma_guided/v5_ant_g0.95_s4_seq02_cr3.0.json,7719575663f1fe3eafe39ea4530d7bea79e7e3ebdd8fc1a8e4ef72aacf3b11de
gamma_sweep_guided,iid-eval-seq-03,03,dev,False,v5_ant_g0.95_s4,,3.0,38975.0,True,50,50,,29,4,runs/v5_gamma_guided/v5_ant_g0.95_s4_seq03_cr3.0.json,d51e827e3501e95815983f51396d7062ed97ab3336ac4a605c883aafe556d928
gamma_sweep_guided,iid-eval-seq-04,04,held_out,False,v5_ant_g0.95_s4,,3.0,37200.0,True,50,50,,18,5,runs/v5_gamma_guided/v5_ant_g0.95_s4_seq04_cr3.0.json,0d24b01dc24c389b40c87eada1950af62822c2ef0ce6e3e5b8ff172ecf9e5609
gamma_sweep_guided,iid-eval-seq-05,05,held_out,False,v5_ant_g0.95_s4,,3.0,49575.0,True,50,50,,25,7,runs/v5_gamma_guided/v5_ant_g0.95_s4_seq05_cr3.0.json,2eb4debede1e114961d606cb0a1466b7002d7bacb1c270b82bdf917fa210ad98
gamma_sweep_guided,iid-eval-seq-06,06,dev,False,v5_ant_g0.95_s4,,3.0,31200.0,True,50,50,,26,4,runs/v5_gamma_guided/v5_ant_g0.95_s4_seq06_cr3.0.json,bcb7adf2a3046df8c66f5917b3393d0ba1042ba65a678d25222da1d8ddf40688
gamma_sweep_guided,iid-eval-seq-07,07,held_out,False,v5_ant_g0.95_s4,,3.0,48900.0,True,50,50,,35,3,runs/v5_gamma_guided/v5_ant_g0.95_s4_seq07_cr3.0.json,8610bb805f61cff0e56917b8c89cc1a8999a429e6d502876b7cd1aa41ac55930
gamma_sweep_guided,iid-eval-seq-08,08,held_out,False,v5_ant_g0.95_s4,,3.0,54500.0,True,50,50,,28,3,runs/v5_gamma_guided/v5_ant_g0.95_s4_seq08_cr3.0.json,77303ab7fa581a3d2a9f0074b30493dcea359100ca6a13eefa97fcd96a326911
gamma_sweep_guided,iid-eval-seq-09,09,held_out,False,v5_ant_g0.95_s4,,3.0,50575.0,True,50,50,,33,10,runs/v5_gamma_guided/v5_ant_g0.95_s4_seq09_cr3.0.json,d3fbbb31a0326beb6fa3b17d6eedb2b093f75df04f59d33f4e75e6095266899d
gamma_sweep_guided,iid-eval-seq-00,00,held_out,True,v5_ant_g0.96_s0,,3.0,53075.0,True,50,50,,15,8,runs/v5_gamma_guided/v5_ant_g0.96_s0_seq00_cr3.0.json,731ce1c70f6c8e352ba6dddf840cb09075808a7063343af483f2d4b237eee0fc
gamma_sweep_guided,iid-eval-seq-01,01,dev,False,v5_ant_g0.96_s0,,3.0,69425.0,True,50,50,,7,2,runs/v5_gamma_guided/v5_ant_g0.96_s0_seq01_cr3.0.json,1b40512c7a43144db0c58da515157c7b429542f00748831e673eecb39107c518
gamma_sweep_guided,iid-eval-seq-02,02,held_out,True,v5_ant_g0.96_s0,,3.0,52450.0,True,50,50,,24,3,runs/v5_gamma_guided/v5_ant_g0.96_s0_seq02_cr3.0.json,57aad0a0eea013684ad32ad3a308f213faf864bedd57a744e861ed4e1f3a127f
gamma_sweep_guided,iid-eval-seq-03,03,dev,False,v5_ant_g0.96_s0,,3.0,44875.0,True,50,50,,26,5,runs/v5_gamma_guided/v5_ant_g0.96_s0_seq03_cr3.0.json,7409a7fd8fdfb813bdbb4e6ad1aafcca9df41efe34a5e4138e6b7ec2f76ef5e3
gamma_sweep_guided,iid-eval-seq-04,04,held_out,False,v5_ant_g0.96_s0,,3.0,46075.0,True,50,50,,8,4,runs/v5_gamma_guided/v5_ant_g0.96_s0_seq04_cr3.0.json,44a690632971ffc1aa85da7b96707da3897016cc47ea3c30cd1d3fe28a79ae51
gamma_sweep_guided,iid-eval-seq-05,05,held_out,False,v5_ant_g0.96_s0,,3.0,52525.0,True,50,50,,22,4,runs/v5_gamma_guided/v5_ant_g0.96_s0_seq05_cr3.0.json,561c49af2efe7fa7849f61e2ffe245e7bbc5a0ba26e2c5b7702684b70915cb40
gamma_sweep_guided,iid-eval-seq-06,06,dev,False,v5_ant_g0.96_s0,,3.0,38500.0,True,50,50,,22,4,runs/v5_gamma_guided/v5_ant_g0.96_s0_seq06_cr3.0.json,3d54aa063c9739d67eca4d947b7ecc8ddba67d5dcdc24e506c1724c6fc3e5a5e
gamma_sweep_guided,iid-eval-seq-07,07,held_out,False,v5_ant_g0.96_s0,,3.0,50950.0,True,50,50,,34,3,runs/v5_gamma_guided/v5_ant_g0.96_s0_seq07_cr3.0.json,c1c52a471f4031eb78e56cc97cd1d23d483caad33cebee5b51b79cefb358d0ab
gamma_sweep_guided,iid-eval-seq-08,08,held_out,False,v5_ant_g0.96_s0,,3.0,55825.0,True,50,50,,24,3,runs/v5_gamma_guided/v5_ant_g0.96_s0_seq08_cr3.0.json,8ad0873117ba097b09a1e303f1e1b3f5bf934815dffd5a2e12f4a8d8b343ddea
gamma_sweep_guided,iid-eval-seq-09,09,held_out,False,v5_ant_g0.96_s0,,3.0,56150.0,True,50,50,,25,8,runs/v5_gamma_guided/v5_ant_g0.96_s0_seq09_cr3.0.json,568384db9c8aaebea826c31f97f320591f091ba67eb3a940314120a7a996f370
gamma_sweep_guided,iid-eval-seq-00,00,held_out,True,v5_ant_g0.96_s42,,3.0,46775.0,True,50,50,,22,10,runs/v5_gamma_guided/v5_ant_g0.96_s42_seq00_cr3.0.json,efadea751772d0d6d9cedda51e1ab51135f1a73e9748fd714e15f2194dd687e0
gamma_sweep_guided,iid-eval-seq-01,01,dev,False,v5_ant_g0.96_s42,,3.0,62925.0,True,50,50,,15,2,runs/v5_gamma_guided/v5_ant_g0.96_s42_seq01_cr3.0.json,6d0c1f52ee2931cca75d676e95be9cc671fe4bb33709c123ad53a8f0f78e408f
gamma_sweep_guided,iid-eval-seq-02,02,held_out,True,v5_ant_g0.96_s42,,3.0,49225.0,True,50,50,,31,4,runs/v5_gamma_guided/v5_ant_g0.96_s42_seq02_cr3.0.json,90b5d42884efb93a2da6377151d62a072bd79179e0d5a2f22ace8ec9619918f4
gamma_sweep_guided,iid-eval-seq-03,03,dev,False,v5_ant_g0.96_s42,,3.0,59250.0,True,50,50,,17,6,runs/v5_gamma_guided/v5_ant_g0.96_s42_seq03_cr3.0.json,21fc466d0c1b4d936dbe41dcdfac828df63c268ec08d305f0d7923b74da5490e
gamma_sweep_guided,iid-eval-seq-04,04,held_out,False,v5_ant_g0.96_s42,,3.0,41750.0,True,50,50,,16,4,runs/v5_gamma_guided/v5_ant_g0.96_s42_seq04_cr3.0.json,1444c1653cc9e317a29e2050e4ce56ac1b06361a7f06fcedb366501932b3d696
gamma_sweep_guided,iid-eval-seq-05,05,held_out,False,v5_ant_g0.96_s42,,3.0,53050.0,True,50,50,,23,4,runs/v5_gamma_guided/v5_ant_g0.96_s42_seq05_cr3.0.json,28305eb656328ce7854c33d0272cb41758e1abceb5da526601261dd497e34c23
gamma_sweep_guided,iid-eval-seq-06,06,dev,False,v5_ant_g0.96_s42,,3.0,35500.0,True,50,50,,23,4,runs/v5_gamma_guided/v5_ant_g0.96_s42_seq06_cr3.0.json,3d075ec994aced433d9a1ffb6e955bba8b1e234319940ff7bc95bc4fdc0dfdd9
gamma_sweep_guided,iid-eval-seq-07,07,held_out,False,v5_ant_g0.96_s42,,3.0,49900.0,True,50,50,,35,3,runs/v5_gamma_guided/v5_ant_g0.96_s42_seq07_cr3.0.json,d9d8a09d547523c49e285645f02b2d6be34fc375e30d48e124a57b30d0942072
gamma_sweep_guided,iid-eval-seq-08,08,held_out,False,v5_ant_g0.96_s42,,3.0,67300.0,True,50,50,,18,2,runs/v5_gamma_guided/v5_ant_g0.96_s42_seq08_cr3.0.json,069ff60e390928e4f26f64a67effed9a9090cb4e4f0cc01e07d7c1b7fba1e2f5
gamma_sweep_guided,iid-eval-seq-09,09,held_out,False,v5_ant_g0.96_s42,,3.0,76650.0,True,50,50,,13,4,runs/v5_gamma_guided/v5_ant_g0.96_s42_seq09_cr3.0.json,d2fa9f0ca3c57a710b488a7e1f7dbd3231abb08d3d26196e1388afb7557f98ff
gamma_sweep_guided,iid-eval-seq-00,00,held_out,True,v5_ant_g099_s0,,3.0,69950.0,True,50,50,,0,2,runs/v5_gamma_guided/v5_ant_g099_s0_seq00_cr3.0.json,16c988be1906275b75192f7132357e52cea46207f28528d73fc51200502c400e
gamma_sweep_guided,iid-eval-seq-01,01,dev,False,v5_ant_g099_s0,,3.0,59325.0,True,50,50,,27,8,runs/v5_gamma_guided/v5_ant_g099_s0_seq01_cr3.0.json,7779f0bff3ccc652883e94f330e0fdad3a3089aff4deeabc79018517f5cc1bdb
gamma_sweep_guided,iid-eval-seq-02,02,held_out,True,v5_ant_g099_s0,,3.0,90900.0,True,50,50,,0,2,runs/v5_gamma_guided/v5_ant_g099_s0_seq02_cr3.0.json,4adc8f25969d94a6a44a9a38fbd95e6f1e2d97b2a50699efa93e1dfb10f8e21d
gamma_sweep_guided,iid-eval-seq-03,03,dev,False,v5_ant_g099_s0,,3.0,75575.0,True,50,50,,0,0,runs/v5_gamma_guided/v5_ant_g099_s0_seq03_cr3.0.json,bb325dd0f6c70dbf10e8094572a2f9110da7b166587005fad7cc5e9239da1246
gamma_sweep_guided,iid-eval-seq-04,04,held_out,False,v5_ant_g099_s0,,3.0,56175.0,True,50,50,,0,0,runs/v5_gamma_guided/v5_ant_g099_s0_seq04_cr3.0.json,0e13d0ca0b1604ecffd256f2eec1d918d5986905bdd693afe09b2c66bd16e75a
gamma_sweep_guided,iid-eval-seq-05,05,held_out,False,v5_ant_g099_s0,,3.0,70300.0,True,50,50,,30,16,runs/v5_gamma_guided/v5_ant_g099_s0_seq05_cr3.0.json,571fecb071bb88ff750c801a9ad6b476c17ae3622c1d5b209a42a99781242f5c
gamma_sweep_guided,iid-eval-seq-06,06,dev,False,v5_ant_g099_s0,,3.0,65400.0,True,50,50,,0,0,runs/v5_gamma_guided/v5_ant_g099_s0_seq06_cr3.0.json,00dbc9703c93d588e22b1a477bc5601d0ca9eeb4911633b6134ca45ff50b1741
gamma_sweep_guided,iid-eval-seq-07,07,held_out,False,v5_ant_g099_s0,,3.0,95525.0,True,50,50,,0,0,runs/v5_gamma_guided/v5_ant_g099_s0_seq07_cr3.0.json,f50e1a4469945bb14da627dea6743c337be76f5c9e873b99d9aa5eabe3ac60e8
gamma_sweep_guided,iid-eval-seq-08,08,held_out,False,v5_ant_g099_s0,,3.0,90325.0,True,50,50,,0,0,runs/v5_gamma_guided/v5_ant_g099_s0_seq08_cr3.0.json,ca3869ad976c3b83ab5baa4ae2f1e50025ce2a2a137ff8b0335b364d502db4c9
gamma_sweep_guided,iid-eval-seq-09,09,held_out,False,v5_ant_g099_s0,,3.0,88200.0,True,50,50,,0,0,runs/v5_gamma_guided/v5_ant_g099_s0_seq09_cr3.0.json,7b2e4ab21ff9f517c5f60c9e26387ede3ce324dff09edc30e46da91c4eb0e94d
myopic_dqn,iid-eval-seq-00,00,held_out,True,v5-myopic-g097-s0,,3.0,70900.0,True,50,50,,0,3,runs/v5_myopic_guided/v5-myopic-g097-s0_seq00_cr3.0.json,c7e8df05b87bddb7169b3141a934390c8803452c868a8fb48f21c8b1db1c2eb6
myopic_dqn,iid-eval-seq-01,01,dev,False,v5-myopic-g097-s0,,3.0,67050.0,True,50,50,,0,1,runs/v5_myopic_guided/v5-myopic-g097-s0_seq01_cr3.0.json,36ec9e877c8fe13f9c19288c02430b6328876909fd593db2ce6075e4f3ce861a
myopic_dqn,iid-eval-seq-02,02,held_out,True,v5-myopic-g097-s0,,3.0,79100.0,True,50,50,,0,3,runs/v5_myopic_guided/v5-myopic-g097-s0_seq02_cr3.0.json,eab053fbb86207e7bd57c7b05dff719859e530c7f02e191a8b568566e27e77ca
myopic_dqn,iid-eval-seq-03,03,dev,False,v5-myopic-g097-s0,,3.0,68475.0,True,50,50,,0,1,runs/v5_myopic_guided/v5-myopic-g097-s0_seq03_cr3.0.json,679ed4663165a9d84ea269f53ba2096c80004b50d03455b55f2ed3c81fdd04b5
myopic_dqn,iid-eval-seq-04,04,held_out,False,v5-myopic-g097-s0,,3.0,52525.0,True,50,50,,0,1,runs/v5_myopic_guided/v5-myopic-g097-s0_seq04_cr3.0.json,f1c660da8223958c9ebd68c96078435c8d3958d50ba4bc2121b40a215e152f33
myopic_dqn,iid-eval-seq-05,05,held_out,False,v5-myopic-g097-s0,,3.0,75650.0,True,50,50,,0,1,runs/v5_myopic_guided/v5-myopic-g097-s0_seq05_cr3.0.json,1da516afd735d51a790877b19285e70e2af6a4ada3b27aed200a355bbddc6b32
myopic_dqn,iid-eval-seq-06,06,dev,False,v5-myopic-g097-s0,,3.0,56450.0,True,50,50,,0,1,runs/v5_myopic_guided/v5-myopic-g097-s0_seq06_cr3.0.json,56400bb3a72cda66442c9a2a48571c3cff19dc234f03cc4fca5ced7a1451bf32
myopic_dqn,iid-eval-seq-07,07,held_out,False,v5-myopic-g097-s0,,3.0,97600.0,True,50,50,,0,1,runs/v5_myopic_guided/v5-myopic-g097-s0_seq07_cr3.0.json,7434e203fd7d5cce8a2d9f170ef6a7c47aded5258913b0a9e373b16bf71e6ffa
myopic_dqn,iid-eval-seq-08,08,held_out,False,v5-myopic-g097-s0,,3.0,88700.0,True,50,50,,0,3,runs/v5_myopic_guided/v5-myopic-g097-s0_seq08_cr3.0.json,0a1640700c757d91755082b959c7dda62246919057af341c090e5d91e10c264c
myopic_dqn,iid-eval-seq-09,09,held_out,False,v5-myopic-g097-s0,,3.0,87625.0,True,50,50,,0,1,runs/v5_myopic_guided/v5-myopic-g097-s0_seq09_cr3.0.json,ae8f6a9e9a1aaada869d950f8b90acc544ce6a7836eee0736a97b42917418ae7
myopic_dqn,iid-eval-seq-00,00,held_out,True,v5-myopic-g097-s16,,3.0,85700.0,True,50,50,,0,3,runs/v5_myopic_guided/v5-myopic-g097-s16_seq00_cr3.0.json,114ae7f061d2f0a1c8e94d8711eac0bbab2837c2042e534eab1fb89ce0831359
myopic_dqn,iid-eval-seq-01,01,dev,False,v5-myopic-g097-s16,,3.0,85350.0,True,50,50,,0,0,runs/v5_myopic_guided/v5-myopic-g097-s16_seq01_cr3.0.json,759b06a77598c13a4d899fd6e26c11bfff3fd30c73dae4ab832676f15aae5245
myopic_dqn,iid-eval-seq-02,02,held_out,True,v5-myopic-g097-s16,,3.0,93825.0,True,50,50,,0,4,runs/v5_myopic_guided/v5-myopic-g097-s16_seq02_cr3.0.json,448293efdf6db1c21e93c9d54aada273b1e1ed6cd76d6d552d0e93d6324370d1
myopic_dqn,iid-eval-seq-03,03,dev,False,v5-myopic-g097-s16,,3.0,78075.0,True,50,50,,0,0,runs/v5_myopic_guided/v5-myopic-g097-s16_seq03_cr3.0.json,266217653bac3edb23c6a494ea0c3076bcfa36826e6dbfa342463b1f808742c3
myopic_dqn,iid-eval-seq-04,04,held_out,False,v5-myopic-g097-s16,,3.0,61675.0,True,50,50,,0,0,runs/v5_myopic_guided/v5-myopic-g097-s16_seq04_cr3.0.json,5153c4501eaef699835e63a10521b9216dfb2583d0443e2055be154134dfddd8
myopic_dqn,iid-eval-seq-05,05,held_out,False,v5-myopic-g097-s16,,3.0,86750.0,True,50,50,,0,0,runs/v5_myopic_guided/v5-myopic-g097-s16_seq05_cr3.0.json,190939ead472e8981d7793b2fae4d2b261bdbb920af69049a4930e6e461c833c
myopic_dqn,iid-eval-seq-06,06,dev,False,v5-myopic-g097-s16,,3.0,67525.0,True,50,50,,0,0,runs/v5_myopic_guided/v5-myopic-g097-s16_seq06_cr3.0.json,42ea101166922010bb5b8381655e1177686b5148bed577bde4d7c073fef3dac5
myopic_dqn,iid-eval-seq-07,07,held_out,False,v5-myopic-g097-s16,,3.0,99225.0,True,50,50,,0,0,runs/v5_myopic_guided/v5-myopic-g097-s16_seq07_cr3.0.json,3e190630f8286be581db06349d7bb259fb0e6246d83d991832b72beeaece43bb
myopic_dqn,iid-eval-seq-08,08,held_out,False,v5-myopic-g097-s16,,3.0,91100.0,True,50,50,,0,0,runs/v5_myopic_guided/v5-myopic-g097-s16_seq08_cr3.0.json,9459a68a7d504f9d0a27fa9759ab036a1faa4c96bbee5b52d30a257ddecc2097
myopic_dqn,iid-eval-seq-09,09,held_out,False,v5-myopic-g097-s16,,3.0,94925.0,True,50,50,,0,0,runs/v5_myopic_guided/v5-myopic-g097-s16_seq09_cr3.0.json,b1a4fcfaa412e3d45008ff50055841c8a8c7fd64d997cfe49553871ed1095594
myopic_dqn,iid-eval-seq-00,00,held_out,True,v5-myopic-g097-s42,,3.0,69050.0,True,50,50,,0,3,runs/v5_myopic_guided/v5-myopic-g097-s42_seq00_cr3.0.json,e50850a056253cf0a4572e1eecddc98a7d51f215760f8c68c79d832c28438c71
myopic_dqn,iid-eval-seq-01,01,dev,False,v5-myopic-g097-s42,,3.0,74325.0,True,50,50,,0,1,runs/v5_myopic_guided/v5-myopic-g097-s42_seq01_cr3.0.json,7545af8d257e2aff2b8c5c1d3131a4cc4e2e4dd56afd7062281b0a728a85a00b
myopic_dqn,iid-eval-seq-02,02,held_out,True,v5-myopic-g097-s42,,3.0,90375.0,True,50,50,,3,3,runs/v5_myopic_guided/v5-myopic-g097-s42_seq02_cr3.0.json,ea5b4a7cd18db255ad45ea003563d55d8479de38567c2474108c2e86de80417e
myopic_dqn,iid-eval-seq-03,03,dev,False,v5-myopic-g097-s42,,3.0,74075.0,True,50,50,,0,1,runs/v5_myopic_guided/v5-myopic-g097-s42_seq03_cr3.0.json,256e310eb153195f5fa3f0fe02eba5f9824f30e1b592e81c28be84e8d6d60ebf
myopic_dqn,iid-eval-seq-04,04,held_out,False,v5-myopic-g097-s42,,3.0,56625.0,True,50,50,,0,1,runs/v5_myopic_guided/v5-myopic-g097-s42_seq04_cr3.0.json,c8d3aa7baf03423a2d28e4e1f89dc837042e2f7d0bab904117851225596f0077
myopic_dqn,iid-eval-seq-05,05,held_out,False,v5-myopic-g097-s42,,3.0,81650.0,True,50,50,,0,1,runs/v5_myopic_guided/v5-myopic-g097-s42_seq05_cr3.0.json,e55b32987ea633af7c66798d732b687e34b26a618a849de6f0fd51c3d94fbbb6
myopic_dqn,iid-eval-seq-06,06,dev,False,v5-myopic-g097-s42,,3.0,63450.0,True,50,50,,0,1,runs/v5_myopic_guided/v5-myopic-g097-s42_seq06_cr3.0.json,0743cbc1365ea9c4d5e745e671bf30257fc331c5998de68efdffa7f2adc6b8a0
myopic_dqn,iid-eval-seq-07,07,held_out,False,v5-myopic-g097-s42,,3.0,97325.0,True,50,50,,0,1,runs/v5_myopic_guided/v5-myopic-g097-s42_seq07_cr3.0.json,831a7f453bc1d06ed0e4437473b1cd0d4c490c90b8e9d5a7985fc1f6458eadc9
myopic_dqn,iid-eval-seq-08,08,held_out,False,v5-myopic-g097-s42,,3.0,87675.0,True,50,50,,0,1,runs/v5_myopic_guided/v5-myopic-g097-s42_seq08_cr3.0.json,f2dc3beb21423549a5788c1da7b50e8f52300972d2f74f1a65162d90d8b63ea1
myopic_dqn,iid-eval-seq-09,09,held_out,False,v5-myopic-g097-s42,,3.0,84000.0,True,50,50,,0,1,runs/v5_myopic_guided/v5-myopic-g097-s42_seq09_cr3.0.json,4c75b093916ec111332fb7f23072189501448461a42dde980f66f6465e5ca403
myopic_dqn,iid-eval-seq-00,00,held_out,True,v5-myopic-g097-s4,,3.0,90375.0,True,50,50,,0,2,runs/v5_myopic_guided/v5-myopic-g097-s4_seq00_cr3.0.json,5a080a263c82d7f03f0445282dce5bce4d7845830c81b799a89d1536e383a2a0
myopic_dqn,iid-eval-seq-01,01,dev,False,v5-myopic-g097-s4,,3.0,90175.0,True,50,50,,0,0,runs/v5_myopic_guided/v5-myopic-g097-s4_seq01_cr3.0.json,f4f70a0b41e0f55f865dfd2402b941290903f17b0c220fbbf335957b9ad3c8f2
myopic_dqn,iid-eval-seq-02,02,held_out,True,v5-myopic-g097-s4,,3.0,103475.0,True,50,50,,0,3,runs/v5_myopic_guided/v5-myopic-g097-s4_seq02_cr3.0.json,01083d63a0c7d19ac6db15d53b73557ad17cfdff60eb1fab2d9abf7c289ce81d
myopic_dqn,iid-eval-seq-03,03,dev,False,v5-myopic-g097-s4,,3.0,84800.0,True,50,50,,0,0,runs/v5_myopic_guided/v5-myopic-g097-s4_seq03_cr3.0.json,44bcac2f5a9159025dfc47fed2462bb42af1eddcf5dd05c127a51449ae713e08
myopic_dqn,iid-eval-seq-04,04,held_out,False,v5-myopic-g097-s4,,3.0,69650.0,True,50,50,,0,2,runs/v5_myopic_guided/v5-myopic-g097-s4_seq04_cr3.0.json,31e06adfe233b9456c3f6f95248f16bfefc2c9e1663979d96bc3caf124bc525b
myopic_dqn,iid-eval-seq-05,05,held_out,False,v5-myopic-g097-s4,,3.0,88050.0,True,50,50,,0,0,runs/v5_myopic_guided/v5-myopic-g097-s4_seq05_cr3.0.json,78621b52da8ae050effd40f10b7fa6c207f96abaf7c3427855e2fab752daab47
myopic_dqn,iid-eval-seq-06,06,dev,False,v5-myopic-g097-s4,,3.0,81275.0,True,50,50,,0,0,runs/v5_myopic_guided/v5-myopic-g097-s4_seq06_cr3.0.json,38a88f7951b411ab4b25b6d3e5a770b283bf7c5be4f1767c9eaa17aa0fdada7c
myopic_dqn,iid-eval-seq-07,07,held_out,False,v5-myopic-g097-s4,,3.0,97550.0,True,50,50,,0,0,runs/v5_myopic_guided/v5-myopic-g097-s4_seq07_cr3.0.json,21462560951bada646df7634367a90a71a8e7d6b0604f89f921dfe409a893d43
myopic_dqn,iid-eval-seq-08,08,held_out,False,v5-myopic-g097-s4,,3.0,97300.0,True,50,50,,0,0,runs/v5_myopic_guided/v5-myopic-g097-s4_seq08_cr3.0.json,48f220f0999bf8b483dd90237df43d4555df3d487a8b85ea467a770c35df75ad
myopic_dqn,iid-eval-seq-09,09,held_out,False,v5-myopic-g097-s4,,3.0,99050.0,True,50,50,,0,0,runs/v5_myopic_guided/v5-myopic-g097-s4_seq09_cr3.0.json,74999ba2ec196e6ad9e9bc981bb69787adaea1fbf97f3f5cff27cb2dcb0367b3
myopic_dqn,iid-eval-seq-00,00,held_out,True,v5-myopic-g097-s8,,3.0,86700.0,True,50,50,,0,3,runs/v5_myopic_guided/v5-myopic-g097-s8_seq00_cr3.0.json,dc67dc885ed2fc7f60cc9e2480042aba6c40b7e7af3b746237899da2a9e485b2
myopic_dqn,iid-eval-seq-01,01,dev,False,v5-myopic-g097-s8,,3.0,86175.0,True,50,50,,0,0,runs/v5_myopic_guided/v5-myopic-g097-s8_seq01_cr3.0.json,7d43159a6ef7bf92cfdb346a886ac5a23ab7a443f5ee9ea09c226dfb04cbdc44
myopic_dqn,iid-eval-seq-02,02,held_out,True,v5-myopic-g097-s8,,3.0,99600.0,True,50,50,,0,2,runs/v5_myopic_guided/v5-myopic-g097-s8_seq02_cr3.0.json,6f18c2dae6a4b845662a061acfc8c94749ef7fa68951799bd2169b17a034a82c
myopic_dqn,iid-eval-seq-03,03,dev,False,v5-myopic-g097-s8,,3.0,81025.0,True,50,50,,0,0,runs/v5_myopic_guided/v5-myopic-g097-s8_seq03_cr3.0.json,d411f4043811afdfe32306c2ee05fa2e7fd372182eb322c6287ce02cf71c45a5
myopic_dqn,iid-eval-seq-04,04,held_out,False,v5-myopic-g097-s8,,3.0,67550.0,True,50,50,,0,0,runs/v5_myopic_guided/v5-myopic-g097-s8_seq04_cr3.0.json,888a7d4c88c1b043419b4f409cf8110391c851402cc303fc2cf71be8d9a3d405
myopic_dqn,iid-eval-seq-05,05,held_out,False,v5-myopic-g097-s8,,3.0,86775.0,True,50,50,,0,3,runs/v5_myopic_guided/v5-myopic-g097-s8_seq05_cr3.0.json,a6cf305b77cf5b9ca2611931289d1d6c4c38ddc5a45775676cf3c47eaefc4c40
myopic_dqn,iid-eval-seq-06,06,dev,False,v5-myopic-g097-s8,,3.0,77500.0,True,50,50,,0,0,runs/v5_myopic_guided/v5-myopic-g097-s8_seq06_cr3.0.json,0026c28e72cc00f1d41a351aced4d4714e0744e90612babd9a03e00cb46d6eec
myopic_dqn,iid-eval-seq-07,07,held_out,False,v5-myopic-g097-s8,,3.0,97575.0,True,50,50,,0,0,runs/v5_myopic_guided/v5-myopic-g097-s8_seq07_cr3.0.json,77d231fb976e9172f941f6789469f0fbcca42e44b69f1d384e486ccd21541690
myopic_dqn,iid-eval-seq-08,08,held_out,False,v5-myopic-g097-s8,,3.0,94700.0,True,50,50,,0,0,runs/v5_myopic_guided/v5-myopic-g097-s8_seq08_cr3.0.json,1bd2ace8c4c33b3386a5aed76494e4f37fa1ef1c92fa1bfe5900bb633c8f08c3
myopic_dqn,iid-eval-seq-09,09,held_out,False,v5-myopic-g097-s8,,3.0,95125.0,True,50,50,,0,0,runs/v5_myopic_guided/v5-myopic-g097-s8_seq09_cr3.0.json,43a24a045391a00705ab19e84ce9c3a95e216d6b6700cc2a5fd3448bf7579d1a
myopic_dqn_greedy,iid-eval-seq-00,00,held_out,True,v5-myopic-g097-s0,,,100075.0,False,40,50,,0,0,runs/v5_greedy/greedy_v5-myopic-g097-s0_seq00.json,9bf7e40e422830f63a2586d4bc56cff2412477600b681aa0fc42b386e000df15
myopic_dqn_greedy,iid-eval-seq-01,01,dev,False,v5-myopic-g097-s0,,,129000.0,False,36,50,,0,0,runs/v5_greedy/greedy_v5-myopic-g097-s0_seq01.json,a997fdd7fa83e10f2733009ca9b14fdc5a5eba5130fae94f083c61f8dd74fef4
myopic_dqn_greedy,iid-eval-seq-02,02,held_out,True,v5-myopic-g097-s0,,,84175.0,False,47,50,,0,0,runs/v5_greedy/greedy_v5-myopic-g097-s0_seq02.json,dcc5cead98466b07d99f8557337577a0b09e401a9be3cb5e84365a2922ced035
myopic_dqn_greedy,iid-eval-seq-03,03,dev,False,v5-myopic-g097-s0,,,79350.0,False,31,50,,0,0,runs/v5_greedy/greedy_v5-myopic-g097-s0_seq03.json,17c15ec8573cb71c6df17407101ac6bccca20a67e2f5f2f3c6169117457968e2
myopic_dqn_greedy,iid-eval-seq-04,04,held_out,False,v5-myopic-g097-s0,,,104075.0,False,39,50,,0,0,runs/v5_greedy/greedy_v5-myopic-g097-s0_seq04.json,4d7823ade3ca565824c3cbeb5c0042aa0c4f52250b140a379dceb88a5a8fb7f1
myopic_dqn_greedy,iid-eval-seq-05,05,held_out,False,v5-myopic-g097-s0,,,158975.0,False,29,50,,0,0,runs/v5_greedy/greedy_v5-myopic-g097-s0_seq05.json,591df051ed38afda587e48c3ebbbc5c31138a2f74344add1dd054498b181da4d
myopic_dqn_greedy,iid-eval-seq-06,06,dev,False,v5-myopic-g097-s0,,,131975.0,False,31,50,,0,0,runs/v5_greedy/greedy_v5-myopic-g097-s0_seq06.json,ae964bbcf8e83c99d726a00688c5eff44349816872e547d9198a9a48e6ae23c3
myopic_dqn_greedy,iid-eval-seq-07,07,held_out,False,v5-myopic-g097-s0,,,98050.0,False,46,50,,0,0,runs/v5_greedy/greedy_v5-myopic-g097-s0_seq07.json,e4be4af886bb3855e268b02c205af6e3dc0f54ccc950271b430475339f8af0d5
myopic_dqn_greedy,iid-eval-seq-08,08,held_out,False,v5-myopic-g097-s0,,,146125.0,False,37,50,,0,0,runs/v5_greedy/greedy_v5-myopic-g097-s0_seq08.json,0e45184c71429aa03937d5ee82eccd13cfa2f48d7b252a2810726dc481c450c7
myopic_dqn_greedy,iid-eval-seq-09,09,held_out,False,v5-myopic-g097-s0,,,120800.0,False,37,50,,0,0,runs/v5_greedy/greedy_v5-myopic-g097-s0_seq09.json,d0b697af793cd542e9672d86bec46831afcf8450fa64b3e1eb16fcf3d96bf12f
myopic_dqn_greedy,iid-eval-seq-00,00,held_out,True,v5-myopic-g097-s16,,,127250.0,False,33,50,,0,0,runs/v5_greedy/greedy_v5-myopic-g097-s16_seq00.json,55a9e2b60637423e9cc497c4c15aebeaf47c0adecfde8e26df72d137e4f9f47e
myopic_dqn_greedy,iid-eval-seq-01,01,dev,False,v5-myopic-g097-s16,,,96675.0,False,45,50,,0,0,runs/v5_greedy/greedy_v5-myopic-g097-s16_seq01.json,39ba178fc87082c03924d36df83d64aae109c79d864f0b2aa25a391d261e8efc
myopic_dqn_greedy,iid-eval-seq-02,02,held_out,True,v5-myopic-g097-s16,,,308550.0,False,2,50,,0,0,runs/v5_greedy/greedy_v5-myopic-g097-s16_seq02.json,cefaf9afdf0003bf56650a381591ac08e6d9e662d1988674d9622ee892b73976
myopic_dqn_greedy,iid-eval-seq-03,03,dev,False,v5-myopic-g097-s16,,,140575.0,False,33,50,,0,0,runs/v5_greedy/greedy_v5-myopic-g097-s16_seq03.json,ad35d820576d7097e5f28caa9d084d59cdd5b7711a52f757762bc7438c3dc17f
myopic_dqn_greedy,iid-eval-seq-04,04,held_out,False,v5-myopic-g097-s16,,,146875.0,False,12,50,,0,0,runs/v5_greedy/greedy_v5-myopic-g097-s16_seq04.json,b4ed7a8ccf109682e2f9340273ee1c17992cecd2e9582ddcd8ff0864c5fa84bb
myopic_dqn_greedy,iid-eval-seq-05,05,held_out,False,v5-myopic-g097-s16,,,130650.0,False,39,50,,0,0,runs/v5_greedy/greedy_v5-myopic-g097-s16_seq05.json,baac1f1bc800479d8344ec2e4c71b9a2ece59e3fadd907c408c8ce17a4479d86
myopic_dqn_greedy,iid-eval-seq-06,06,dev,False,v5-myopic-g097-s16,,,168850.0,False,24,50,,0,0,runs/v5_greedy/greedy_v5-myopic-g097-s16_seq06.json,3a6536e0f6dc90d1de7fd23713d0fe78ad8fb0bc79b6f2c1abb7dbf8c6b3f588
myopic_dqn_greedy,iid-eval-seq-07,07,held_out,False,v5-myopic-g097-s16,,,106100.0,False,46,50,,0,0,runs/v5_greedy/greedy_v5-myopic-g097-s16_seq07.json,7d6b9509f72e98e907691a17d2db2ed8606af1ef91bb61a32a217fe5791080c6
myopic_dqn_greedy,iid-eval-seq-08,08,held_out,False,v5-myopic-g097-s16,,,135525.0,False,35,50,,0,0,runs/v5_greedy/greedy_v5-myopic-g097-s16_seq08.json,a901902fbc9466e6a31c2c0809733e459b8f947c4e90b52ee5d3318201fc8b03
myopic_dqn_greedy,iid-eval-seq-09,09,held_out,False,v5-myopic-g097-s16,,,199150.0,False,20,50,,0,0,runs/v5_greedy/greedy_v5-myopic-g097-s16_seq09.json,051147e9606a10e7699882f9979981cf832905f94c463cd5aba3273e69adffcb
myopic_dqn_greedy,iid-eval-seq-00,00,held_out,True,v5-myopic-g097-s42,,,97625.0,False,30,50,,0,0,runs/v5_greedy/greedy_v5-myopic-g097-s42_seq00.json,00de577022dd4a5b8aaeb60b513e27370b602857cd881b56bf382377583cdac9
myopic_dqn_greedy,iid-eval-seq-01,01,dev,False,v5-myopic-g097-s42,,,214850.0,False,7,50,,0,0,runs/v5_greedy/greedy_v5-myopic-g097-s42_seq01.json,ab0fccc7d664c00aa68a03a316341bb55fdde26562cd59f6717f1b6e76f7b3a5
myopic_dqn_greedy,iid-eval-seq-02,02,held_out,True,v5-myopic-g097-s42,,,106725.0,False,45,50,,0,0,runs/v5_greedy/greedy_v5-myopic-g097-s42_seq02.json,b71f46c13fe6637889d41a84732a01983417d834ea14abd27fa0bd1dc5513ad6
myopic_dqn_greedy,iid-eval-seq-03,03,dev,False,v5-myopic-g097-s42,,,153700.0,False,31,50,,0,0,runs/v5_greedy/greedy_v5-myopic-g097-s42_seq03.json,1f075673bf71fe00d44d942584a79feb632f2d7bd7be7e5a2d6460d5f7663314
myopic_dqn_greedy,iid-eval-seq-04,04,held_out,False,v5-myopic-g097-s42,,,112825.0,False,36,50,,0,0,runs/v5_greedy/greedy_v5-myopic-g097-s42_seq04.json,60b3481967af5833aff3ddcd25c726cb63c930367a526355bebf16c2943fe9e5
myopic_dqn_greedy,iid-eval-seq-05,05,held_out,False,v5-myopic-g097-s42,,,94450.0,False,40,50,,0,0,runs/v5_greedy/greedy_v5-myopic-g097-s42_seq05.json,c441bf40d8b98ac2bf582c0f412625d03a4aefc1be53e32c288535ba1fed93e0
myopic_dqn_greedy,iid-eval-seq-06,06,dev,False,v5-myopic-g097-s42,,,100550.0,False,38,50,,0,0,runs/v5_greedy/greedy_v5-myopic-g097-s42_seq06.json,d8522c6f4074e6208f43e249cb34b8615a6e816ec9689885b9efdba129085e8a
myopic_dqn_greedy,iid-eval-seq-07,07,held_out,False,v5-myopic-g097-s42,,,218325.0,False,1,50,,0,0,runs/v5_greedy/greedy_v5-myopic-g097-s42_seq07.json,6247bc7f5b4b1a0bbf5c225516e3c53c6ff4c2649948af0a327a438d66c3dd98
myopic_dqn_greedy,iid-eval-seq-08,08,held_out,False,v5-myopic-g097-s42,,,147700.0,False,37,50,,0,0,runs/v5_greedy/greedy_v5-myopic-g097-s42_seq08.json,8c784745a56781f78764f05874bcf0f0037bf383bbb3f37242258593204850c0
myopic_dqn_greedy,iid-eval-seq-09,09,held_out,False,v5-myopic-g097-s42,,,194725.0,False,5,50,,0,0,runs/v5_greedy/greedy_v5-myopic-g097-s42_seq09.json,e0953de12d6b7ae29958186a90b278881ba8672a7a7fb74bd67208beaaa7a38d
myopic_dqn_greedy,iid-eval-seq-00,00,held_out,True,v5-myopic-g097-s4,,,90475.0,False,42,50,,0,0,runs/v5_greedy/greedy_v5-myopic-g097-s4_seq00.json,524fde6a922ddaeb80304b5c967588145f1dcd58ca69b7084a0cc4fdfcde23cc
myopic_dqn_greedy,iid-eval-seq-01,01,dev,False,v5-myopic-g097-s4,,,107775.0,False,34,50,,0,0,runs/v5_greedy/greedy_v5-myopic-g097-s4_seq01.json,8493a4b80e05a9db42987bda1d05561352147d512ed1e37872c2bf1b431bf26b
myopic_dqn_greedy,iid-eval-seq-02,02,held_out,True,v5-myopic-g097-s4,,,92900.0,False,17,50,,0,0,runs/v5_greedy/greedy_v5-myopic-g097-s4_seq02.json,a95c36bf3b38b895eae6ecddbde4b5f838e0632801d984055f51051ddd4d66b7
myopic_dqn_greedy,iid-eval-seq-03,03,dev,False,v5-myopic-g097-s4,,,73150.0,False,46,50,,0,0,runs/v5_greedy/greedy_v5-myopic-g097-s4_seq03.json,5cca0a2572c83c8d474dfa6e4ed4b23ec94723d071c113a1cbfdcea86297e592
myopic_dqn_greedy,iid-eval-seq-04,04,held_out,False,v5-myopic-g097-s4,,,190850.0,False,23,50,,0,0,runs/v5_greedy/greedy_v5-myopic-g097-s4_seq04.json,6b6a13b144f8fab3be9020558eb699234b85bf99ba7f31bdf3704beeee8c6de7
myopic_dqn_greedy,iid-eval-seq-05,05,held_out,False,v5-myopic-g097-s4,,,132125.0,False,34,50,,0,0,runs/v5_greedy/greedy_v5-myopic-g097-s4_seq05.json,5991368d2d89bc6be04542b2e5676c1fc5a583e7d91eef78d479d99f133e8f07
myopic_dqn_greedy,iid-eval-seq-06,06,dev,False,v5-myopic-g097-s4,,,54400.0,False,27,50,,0,0,runs/v5_greedy/greedy_v5-myopic-g097-s4_seq06.json,3df1ff54172cca1b7b470304f6f003194df74cfa0049408bb91e363be11d592c
myopic_dqn_greedy,iid-eval-seq-07,07,held_out,False,v5-myopic-g097-s4,,,218875.0,False,18,50,,0,0,runs/v5_greedy/greedy_v5-myopic-g097-s4_seq07.json,7ce84dc454d2625cf0b96a57415ce2f205340d5f2980e48e81a5beafdb4ea5cb
myopic_dqn_greedy,iid-eval-seq-08,08,held_out,False,v5-myopic-g097-s4,,,162975.0,False,35,50,,0,0,runs/v5_greedy/greedy_v5-myopic-g097-s4_seq08.json,18c4971b4200544f7d131e953362c3eea92afc5a569c2856704b1213591250bc
myopic_dqn_greedy,iid-eval-seq-09,09,held_out,False,v5-myopic-g097-s4,,,164025.0,False,32,50,,0,0,runs/v5_greedy/greedy_v5-myopic-g097-s4_seq09.json,335f60770a4f0f6835affa878609510a3dded3fa740d7157ee2595eb2bbeca25
myopic_dqn_greedy,iid-eval-seq-00,00,held_out,True,v5-myopic-g097-s8,,,119400.0,False,30,50,,0,0,runs/v5_greedy/greedy_v5-myopic-g097-s8_seq00.json,421e942a688a46552f3e4c8bd21ef8ba1ebd74c1fea33df688839c246686b79d
myopic_dqn_greedy,iid-eval-seq-01,01,dev,False,v5-myopic-g097-s8,,,132100.0,False,42,50,,0,0,runs/v5_greedy/greedy_v5-myopic-g097-s8_seq01.json,4948a88d7ce94801159feee4d6021d25c4e2d0fc016b62547223a389093f70a9
myopic_dqn_greedy,iid-eval-seq-02,02,held_out,True,v5-myopic-g097-s8,,,121500.0,False,37,50,,0,0,runs/v5_greedy/greedy_v5-myopic-g097-s8_seq02.json,ec6fd0553e0f5fa7d5db8f5d3732c739f1b5a824efd227925301086d5dbdcbd2
myopic_dqn_greedy,iid-eval-seq-03,03,dev,False,v5-myopic-g097-s8,,,114800.0,False,43,50,,0,0,runs/v5_greedy/greedy_v5-myopic-g097-s8_seq03.json,6c6d4848b5c57f06d6c6089e518848e510032beb6ec54fa88faca7605442ab30
myopic_dqn_greedy,iid-eval-seq-04,04,held_out,False,v5-myopic-g097-s8,,,118800.0,False,38,50,,0,0,runs/v5_greedy/greedy_v5-myopic-g097-s8_seq04.json,a728bc3e14f31b77ac79ecdfc1b61df3493864a3103bdb40e8f3f49b29d2c8c8
myopic_dqn_greedy,iid-eval-seq-05,05,held_out,False,v5-myopic-g097-s8,,,146700.0,False,30,50,,0,0,runs/v5_greedy/greedy_v5-myopic-g097-s8_seq05.json,84329cc9099e43ca00091ab0512e79aaaa518678a30f3d152ac4d8ee579e229e
myopic_dqn_greedy,iid-eval-seq-06,06,dev,False,v5-myopic-g097-s8,,,122500.0,False,32,50,,0,0,runs/v5_greedy/greedy_v5-myopic-g097-s8_seq06.json,2f528e89ecbad7f37d5ddbd03a5927a2f0eb4968a54cea49e1c705f65394d7ce
myopic_dqn_greedy,iid-eval-seq-07,07,held_out,False,v5-myopic-g097-s8,,,119750.0,False,36,50,,0,0,runs/v5_greedy/greedy_v5-myopic-g097-s8_seq07.json,33933a4630cb0e34c2f5196abe822f878a21a399a6a2b2aea6f18b1f93fa883d
myopic_dqn_greedy,iid-eval-seq-08,08,held_out,False,v5-myopic-g097-s8,,,188100.0,False,33,50,,0,0,runs/v5_greedy/greedy_v5-myopic-g097-s8_seq08.json,47c64386e707f038fa8ec1c31700d7b29e4bd8325af798a9663220a2f58cb8ba
myopic_dqn_greedy,iid-eval-seq-09,09,held_out,False,v5-myopic-g097-s8,,,97600.0,False,35,50,,0,0,runs/v5_greedy/greedy_v5-myopic-g097-s8_seq09.json,34896a189e1681c19673de5c49f9a3c5cc952cbe24bdb962ce22a4cb51407d8b
gamma_sweep_greedy,iid-eval-seq-00,00,held_out,True,v5_ant_g0.90_s0,,,64025.0,False,43,50,,0,0,runs/v5_greedy/greedy_v5_ant_g0.90_s0_seq00.json,8114737abc991612d771a8126cff1c2b6a113e98cbcc8fe883c0393db47dab5c
gamma_sweep_greedy,iid-eval-seq-01,01,dev,False,v5_ant_g0.90_s0,,,68950.0,False,45,50,,0,0,runs/v5_greedy/greedy_v5_ant_g0.90_s0_seq01.json,328d2fe81d263253433770e120d5f845c033d7b061d6a4479d61e073173732a3
gamma_sweep_greedy,iid-eval-seq-02,02,held_out,True,v5_ant_g0.90_s0,,,74400.0,False,46,50,,0,0,runs/v5_greedy/greedy_v5_ant_g0.90_s0_seq02.json,84beb0dbe0f85838822e4bbb6a17247a03f4365d22f5187fc113ee372eeadc3c
gamma_sweep_greedy,iid-eval-seq-03,03,dev,False,v5_ant_g0.90_s0,,,61450.0,False,48,50,,0,0,runs/v5_greedy/greedy_v5_ant_g0.90_s0_seq03.json,24b19f0f97ef4acdf827a05e4248a63ed762ab8417edac0480caa5643a7807c4
gamma_sweep_greedy,iid-eval-seq-04,04,held_out,False,v5_ant_g0.90_s0,,,50225.0,False,44,50,,0,0,runs/v5_greedy/greedy_v5_ant_g0.90_s0_seq04.json,21b684877c142f4aed85d46afcaa2fcc0173cfe8a6f79dd70ec672e1a1f4c36e
gamma_sweep_greedy,iid-eval-seq-05,05,held_out,False,v5_ant_g0.90_s0,,,66675.0,False,47,50,,0,0,runs/v5_greedy/greedy_v5_ant_g0.90_s0_seq05.json,f02c626873d9af7b7e4e9b5f827d797a2c9157ea982fdcd98bc5f1cec6e45d67
gamma_sweep_greedy,iid-eval-seq-06,06,dev,False,v5_ant_g0.90_s0,,,112675.0,False,28,50,,0,0,runs/v5_greedy/greedy_v5_ant_g0.90_s0_seq06.json,229514f98f7f020e01ba5ab06c826c02e92cd242157bef7bd4288992b84bf906
gamma_sweep_greedy,iid-eval-seq-07,07,held_out,False,v5_ant_g0.90_s0,,,83500.0,False,46,50,,0,0,runs/v5_greedy/greedy_v5_ant_g0.90_s0_seq07.json,8eafdfc6ff60ccac639b769ec06a952e4502a479c18ab3546bb14681bc883187
gamma_sweep_greedy,iid-eval-seq-08,08,held_out,False,v5_ant_g0.90_s0,,,75475.0,False,45,50,,0,0,runs/v5_greedy/greedy_v5_ant_g0.90_s0_seq08.json,b72a21a687c0c1b6ce0260dc021d127809ca75f7454d6d726371574a876bac1c
gamma_sweep_greedy,iid-eval-seq-09,09,held_out,False,v5_ant_g0.90_s0,,,75775.0,False,49,50,,0,0,runs/v5_greedy/greedy_v5_ant_g0.90_s0_seq09.json,23fef54ee4fcc95b553fe092335bd39847d5da51ea3cf1a9a2c983a9437bc3d9
gamma_sweep_greedy,iid-eval-seq-00,00,held_out,True,v5_ant_g0.90_s42,,,83075.0,False,42,50,,0,0,runs/v5_greedy/greedy_v5_ant_g0.90_s42_seq00.json,9534edd40ae06db669fc4700b5dc6e17e5f22930d3e0ccf912980f0a9075626d
gamma_sweep_greedy,iid-eval-seq-01,01,dev,False,v5_ant_g0.90_s42,,,74650.0,False,45,50,,0,0,runs/v5_greedy/greedy_v5_ant_g0.90_s42_seq01.json,5de843be6ab52cccd81203bf1590166f2d4e252c99db607c80fcb81bb537fb44
gamma_sweep_greedy,iid-eval-seq-02,02,held_out,True,v5_ant_g0.90_s42,,,79625.0,False,47,50,,0,0,runs/v5_greedy/greedy_v5_ant_g0.90_s42_seq02.json,7cdf9db81b812c14c9217d4645962b7a819fc3c18492c796c9d6e05f2af9a699
gamma_sweep_greedy,iid-eval-seq-03,03,dev,False,v5_ant_g0.90_s42,,,61250.0,False,48,50,,0,0,runs/v5_greedy/greedy_v5_ant_g0.90_s42_seq03.json,2b9938e3601ba6e899d8bc38719688a8d9b3e7bef6075a204724a3dae816a62f
gamma_sweep_greedy,iid-eval-seq-04,04,held_out,False,v5_ant_g0.90_s42,,,49625.0,False,44,50,,0,0,runs/v5_greedy/greedy_v5_ant_g0.90_s42_seq04.json,f11755e08d8f4a196c9be6da009e31d79fc5f12313e5aa7a9ab02c5c5d4c1ad3
gamma_sweep_greedy,iid-eval-seq-05,05,held_out,False,v5_ant_g0.90_s42,,,68275.0,False,46,50,,0,0,runs/v5_greedy/greedy_v5_ant_g0.90_s42_seq05.json,4ffc19d1b206bbd1e4126d8f408ad7e31a193b4d063d4b16cc35e8e4795e302c
gamma_sweep_greedy,iid-eval-seq-06,06,dev,False,v5_ant_g0.90_s42,,,53875.0,False,49,50,,0,0,runs/v5_greedy/greedy_v5_ant_g0.90_s42_seq06.json,b3059d6810efd331d5e0b928f50d28e07e46ffde386722fcfae2a1961c142790
gamma_sweep_greedy,iid-eval-seq-07,07,held_out,False,v5_ant_g0.90_s42,,,87575.0,False,45,50,,0,0,runs/v5_greedy/greedy_v5_ant_g0.90_s42_seq07.json,c03d20f14d57bacd2b96826cf81f871ad8576c14a9060f1bba2ace320773f6f7
gamma_sweep_greedy,iid-eval-seq-08,08,held_out,False,v5_ant_g0.90_s42,,,75350.0,False,45,50,,0,0,runs/v5_greedy/greedy_v5_ant_g0.90_s42_seq08.json,5d9f3c28494938b50be7ef6813e697b6f6c074eb0517c0289e03a5c904ef3d3d
gamma_sweep_greedy,iid-eval-seq-09,09,held_out,False,v5_ant_g0.90_s42,,,79625.0,False,48,50,,0,0,runs/v5_greedy/greedy_v5_ant_g0.90_s42_seq09.json,d334374221141b725622b9595d7ae282a8fec0a687d025222d309a18879c9ec2
gamma_sweep_greedy,iid-eval-seq-00,00,held_out,True,v5_ant_g0.95_s0,,,74600.0,False,43,50,,0,0,runs/v5_greedy/greedy_v5_ant_g0.95_s0_seq00.json,3b09c1b38c8c4962ffd209341a3125f84951e0a0d2bccbd6a9982894eb81195f
gamma_sweep_greedy,iid-eval-seq-01,01,dev,False,v5_ant_g0.95_s0,,,77550.0,False,47,50,,0,0,runs/v5_greedy/greedy_v5_ant_g0.95_s0_seq01.json,6260c1513d068ef0958273a042d9bee1860930d396feb981640baa3a3e412fac
gamma_sweep_greedy,iid-eval-seq-02,02,held_out,True,v5_ant_g0.95_s0,,,82725.0,False,48,50,,0,0,runs/v5_greedy/greedy_v5_ant_g0.95_s0_seq02.json,943c874c35277ee190a16e24b13039f8837d8137aa6b44aefb2ab9249ffb0b80
gamma_sweep_greedy,iid-eval-seq-03,03,dev,False,v5_ant_g0.95_s0,,,62800.0,False,49,50,,0,0,runs/v5_greedy/greedy_v5_ant_g0.95_s0_seq03.json,4ef4e606c5b6c6664792495b01720cbda0e8ae50db4e9451b60042e93af5c23f
gamma_sweep_greedy,iid-eval-seq-04,04,held_out,False,v5_ant_g0.95_s0,,,53200.0,False,46,50,,0,0,runs/v5_greedy/greedy_v5_ant_g0.95_s0_seq04.json,33132a18c13ac09802e5b2da902a9a7da4e79b380ef1bb6d720a20e18e6db7e9
gamma_sweep_greedy,iid-eval-seq-05,05,held_out,False,v5_ant_g0.95_s0,,,72150.0,False,48,50,,0,0,runs/v5_greedy/greedy_v5_ant_g0.95_s0_seq05.json,a6abd8b7483964a8c0019084405e3b2d4c281ac64ba9e35de31f31d2c6172fba
gamma_sweep_greedy,iid-eval-seq-06,06,dev,False,v5_ant_g0.95_s0,,,54650.0,False,49,50,,0,0,runs/v5_greedy/greedy_v5_ant_g0.95_s0_seq06.json,a9609015fffd5f5ac9796bd30619d9636482f6daab7fc94616b1cfb12da52355
gamma_sweep_greedy,iid-eval-seq-07,07,held_out,False,v5_ant_g0.95_s0,,,87100.0,False,49,50,,0,0,runs/v5_greedy/greedy_v5_ant_g0.95_s0_seq07.json,e103a0784ad0a30e3a5a42a1d66ffc6c12b2a6cf48aadf3ff2522465d65abbcb
gamma_sweep_greedy,iid-eval-seq-08,08,held_out,False,v5_ant_g0.95_s0,,,83875.0,False,47,50,,0,0,runs/v5_greedy/greedy_v5_ant_g0.95_s0_seq08.json,1e777ffd4dee332525730d9d15df4d69d40dcd7d7e94382f3c41b3665803b93a
gamma_sweep_greedy,iid-eval-seq-09,09,held_out,False,v5_ant_g0.95_s0,,,79325.0,False,49,50,,0,0,runs/v5_greedy/greedy_v5_ant_g0.95_s0_seq09.json,c3b2628d6e111d326a448ddc3fd00f1ef2b472fe2d489fe1c44d1daa3ea77e2f
gamma_sweep_greedy,iid-eval-seq-00,00,held_out,True,v5_ant_g0.95_s4,,,81025.0,False,44,50,,0,0,runs/v5_greedy/greedy_v5_ant_g0.95_s4_seq00.json,758a13a1cc5543c88e33e7c9fa5abbe13e0fda0362853bf284ed14298062eab4
gamma_sweep_greedy,iid-eval-seq-01,01,dev,False,v5_ant_g0.95_s4,,,71625.0,False,47,50,,0,0,runs/v5_greedy/greedy_v5_ant_g0.95_s4_seq01.json,d46167d79947f76bf6df19bd7e25b8483a5402489498a4491cc8e3e9bd9cd884
gamma_sweep_greedy,iid-eval-seq-02,02,held_out,True,v5_ant_g0.95_s4,,,80675.0,False,48,50,,0,0,runs/v5_greedy/greedy_v5_ant_g0.95_s4_seq02.json,ce390eabb80d8042af6d228fad9740a1df5db87b278415ea8cc4a4a6bd4ebbe0
gamma_sweep_greedy,iid-eval-seq-03,03,dev,False,v5_ant_g0.95_s4,,,75250.0,False,48,50,,0,0,runs/v5_greedy/greedy_v5_ant_g0.95_s4_seq03.json,02a13e9ee967daf03797ca3b3c9e0e94914a5b43657d06fa1196e272d21fc257
gamma_sweep_greedy,iid-eval-seq-04,04,held_out,False,v5_ant_g0.95_s4,,,50100.0,False,47,50,,0,0,runs/v5_greedy/greedy_v5_ant_g0.95_s4_seq04.json,9513f89f66eb607a99a52196fc90bafbae2c284c8b446a8348abc8d4ab5b3ef3
gamma_sweep_greedy,iid-eval-seq-05,05,held_out,False,v5_ant_g0.95_s4,,,73475.0,False,49,50,,0,0,runs/v5_greedy/greedy_v5_ant_g0.95_s4_seq05.json,18a7cf29bffd0ac908335755b4826566a9cc31f69e63c9053c2c04058eaa0f93
gamma_sweep_greedy,iid-eval-seq-06,06,dev,False,v5_ant_g0.95_s4,,,64925.0,False,48,50,,0,0,runs/v5_greedy/greedy_v5_ant_g0.95_s4_seq06.json,7d9f66762551fc57a0b505bfaa9c0a0f1895f73546ebbfac79bf20b1f1c908a4
gamma_sweep_greedy,iid-eval-seq-07,07,held_out,False,v5_ant_g0.95_s4,,,88375.0,False,47,50,,0,0,runs/v5_greedy/greedy_v5_ant_g0.95_s4_seq07.json,c64628622dd5e3f8fd6e1b94ed9deb9388e7ce88fb71064c7fff29c4c27b0287
gamma_sweep_greedy,iid-eval-seq-08,08,held_out,False,v5_ant_g0.95_s4,,,86725.0,False,48,50,,0,0,runs/v5_greedy/greedy_v5_ant_g0.95_s4_seq08.json,fd5903883b815bd170eba04d246666e1507d37dcf89055e50ff0718ef75dc490
gamma_sweep_greedy,iid-eval-seq-09,09,held_out,False,v5_ant_g0.95_s4,,,82675.0,False,48,50,,0,0,runs/v5_greedy/greedy_v5_ant_g0.95_s4_seq09.json,7db7d6cc0ef9d91a72c7b61e658c4e61856520a8ddf150ac93fec5eaf256390e
gamma_sweep_greedy,iid-eval-seq-00,00,held_out,True,v5_ant_g0.96_s0,,,80625.0,False,45,50,,0,0,runs/v5_greedy/greedy_v5_ant_g0.96_s0_seq00.json,631996efb5dc6f7f4827f405b73a9d98c2bfb26b5d2769f6d16f218d35cc3ae9
gamma_sweep_greedy,iid-eval-seq-01,01,dev,False,v5_ant_g0.96_s0,,,82500.0,False,47,50,,0,0,runs/v5_greedy/greedy_v5_ant_g0.96_s0_seq01.json,eb3a0989a915c6f49fd9978f98b0e9a30e5a6995536230c096275cd4458b6b34
gamma_sweep_greedy,iid-eval-seq-02,02,held_out,True,v5_ant_g0.96_s0,,,78425.0,False,49,50,,0,0,runs/v5_greedy/greedy_v5_ant_g0.96_s0_seq02.json,cef1789fc5c09ddec4e3a6e5cd6dda3f57beaf4f9a5be2c3a31bb8768245ec8e
gamma_sweep_greedy,iid-eval-seq-03,03,dev,False,v5_ant_g0.96_s0,,,63550.0,True,50,50,,0,0,runs/v5_greedy/greedy_v5_ant_g0.96_s0_seq03.json,8158ff43e2c5f6fa893c54d89ae6b7b624b6342dae115ab15fa2ff568e4cf684
gamma_sweep_greedy,iid-eval-seq-04,04,held_out,False,v5_ant_g0.96_s0,,,61725.0,False,47,50,,0,0,runs/v5_greedy/greedy_v5_ant_g0.96_s0_seq04.json,fefda308103682b745e73fb2f77285ec681ddcf8023403827ce2975db698fc05
gamma_sweep_greedy,iid-eval-seq-05,05,held_out,False,v5_ant_g0.96_s0,,,73575.0,False,49,50,,0,0,runs/v5_greedy/greedy_v5_ant_g0.96_s0_seq05.json,e19f7d6476a474c33ab235f8f5a32b60e3487f7cf50b539893080e088687bc41
gamma_sweep_greedy,iid-eval-seq-06,06,dev,False,v5_ant_g0.96_s0,,,55275.0,False,48,50,,0,0,runs/v5_greedy/greedy_v5_ant_g0.96_s0_seq06.json,7209458e45123e32c903d71b2e54b8b515cbed30ebb2fd35f764f1f1e91cda17
gamma_sweep_greedy,iid-eval-seq-07,07,held_out,False,v5_ant_g0.96_s0,,,83950.0,False,49,50,,0,0,runs/v5_greedy/greedy_v5_ant_g0.96_s0_seq07.json,82466202f1f9b5336f9d65aa5899dbe1263818a5e232404a9fb6e232e14ef720
gamma_sweep_greedy,iid-eval-seq-08,08,held_out,False,v5_ant_g0.96_s0,,,79725.0,False,49,50,,0,0,runs/v5_greedy/greedy_v5_ant_g0.96_s0_seq08.json,ed16df47d49c56ddd073a93408de2cd603ccea9b497ce22255bd9c8d2aec2150
gamma_sweep_greedy,iid-eval-seq-09,09,held_out,False,v5_ant_g0.96_s0,,,76725.0,True,50,50,,0,0,runs/v5_greedy/greedy_v5_ant_g0.96_s0_seq09.json,acf2e315108a6a2cd5f2a494832e17725664559e6b493f34da4af4893083b17c
gamma_sweep_greedy,iid-eval-seq-00,00,held_out,True,v5_ant_g0.96_s42,,,82800.0,False,43,50,,0,0,runs/v5_greedy/greedy_v5_ant_g0.96_s42_seq00.json,cead90c4bfbd1e2684b2b8fca4a9ee87fd1f0f6b428fcfa8eec7e28d6f095843
gamma_sweep_greedy,iid-eval-seq-01,01,dev,False,v5_ant_g0.96_s42,,,79250.0,False,47,50,,0,0,runs/v5_greedy/greedy_v5_ant_g0.96_s42_seq01.json,0851a3d46162516ec60d20e614b3b8793d881f6d3bc4513a1e849104be3a62bd
gamma_sweep_greedy,iid-eval-seq-02,02,held_out,True,v5_ant_g0.96_s42,,,91075.0,False,47,50,,0,0,runs/v5_greedy/greedy_v5_ant_g0.96_s42_seq02.json,3ffac636ab66aa24acdae1c975ec8ef3eb7383c5c910406a5d19773d8c2f6e66
gamma_sweep_greedy,iid-eval-seq-03,03,dev,False,v5_ant_g0.96_s42,,,67475.0,False,49,50,,0,0,runs/v5_greedy/greedy_v5_ant_g0.96_s42_seq03.json,1824dca0d7a451a14f440583faeed1b9256e1ab75fe4fd065b2013e9a904eb90
gamma_sweep_greedy,iid-eval-seq-04,04,held_out,False,v5_ant_g0.96_s42,,,60775.0,False,45,50,,0,0,runs/v5_greedy/greedy_v5_ant_g0.96_s42_seq04.json,77358bc4a96f16591e845f36b660d6d3022f5a272483eb043d554292c2072475
gamma_sweep_greedy,iid-eval-seq-05,05,held_out,False,v5_ant_g0.96_s42,,,214775.0,False,30,50,,0,0,runs/v5_greedy/greedy_v5_ant_g0.96_s42_seq05.json,ab2c2ec00f0b6d2cd56ae4b33e4fdc2e52ce1366663ab92fb32ea1b2385edd2a
gamma_sweep_greedy,iid-eval-seq-06,06,dev,False,v5_ant_g0.96_s42,,,64450.0,False,47,50,,0,0,runs/v5_greedy/greedy_v5_ant_g0.96_s42_seq06.json,994095a0587f42533bc35ab420591733d59c32b63e910768cf3dfd32d94f52cb
gamma_sweep_greedy,iid-eval-seq-07,07,held_out,False,v5_ant_g0.96_s42,,,93100.0,False,48,50,,0,0,runs/v5_greedy/greedy_v5_ant_g0.96_s42_seq07.json,dbd4c5a3affec0c9e8d9c977e0a884fa4700a7129dae94cfd790ce02941904f0
gamma_sweep_greedy,iid-eval-seq-08,08,held_out,False,v5_ant_g0.96_s42,,,85825.0,False,46,50,,0,0,runs/v5_greedy/greedy_v5_ant_g0.96_s42_seq08.json,9411ce1c0e376d1daa347d4b607e0f31cf2994a61f29eac22fc75bfcb7f70ba0
gamma_sweep_greedy,iid-eval-seq-09,09,held_out,False,v5_ant_g0.96_s42,,,78925.0,False,49,50,,0,0,runs/v5_greedy/greedy_v5_ant_g0.96_s42_seq09.json,575465adf36942b48f6e257ac262a38f65077651e4a98c4ca582f381dd814ce1
gamma_sweep_greedy,iid-eval-seq-00,00,held_out,True,v5_ant_g099_s0,,,141850.0,False,29,50,,0,0,runs/v5_greedy/greedy_v5_ant_g099_s0_seq00.json,54749397a5f172f2bfa537f405898e411f21a5bd71dc328398caf7400a7ea786
gamma_sweep_greedy,iid-eval-seq-01,01,dev,False,v5_ant_g099_s0,,,71625.0,False,45,50,,0,0,runs/v5_greedy/greedy_v5_ant_g099_s0_seq01.json,8c755d2c1257bef59ba9f59fe8e500e80aecc756f269909d93632db862745d9a
gamma_sweep_greedy,iid-eval-seq-02,02,held_out,True,v5_ant_g099_s0,,,58575.0,False,46,50,,0,0,runs/v5_greedy/greedy_v5_ant_g099_s0_seq02.json,d6ac09c0c9902842374bde1901cddb0e622897478ed1a9336dd48f2d38018f3c
gamma_sweep_greedy,iid-eval-seq-03,03,dev,False,v5_ant_g099_s0,,,68975.0,False,46,50,,0,0,runs/v5_greedy/greedy_v5_ant_g099_s0_seq03.json,bbfcee743ddc9a2e06ebc3f78903740461f48f3615fed76fc145ffe3073911be
gamma_sweep_greedy,iid-eval-seq-04,04,held_out,False,v5_ant_g099_s0,,,88325.0,False,41,50,,0,0,runs/v5_greedy/greedy_v5_ant_g099_s0_seq04.json,811fdd53be7f6bb3d69eab350360538efbd3b162ab02dd3cb36c89d77366d884
gamma_sweep_greedy,iid-eval-seq-05,05,held_out,False,v5_ant_g099_s0,,,64325.0,False,47,50,,0,0,runs/v5_greedy/greedy_v5_ant_g099_s0_seq05.json,aaf72ad1f75eb5fa0ce02a5aa797ad61e1997ad918ce695e39638b9fa8193aa8
gamma_sweep_greedy,iid-eval-seq-06,06,dev,False,v5_ant_g099_s0,,,67225.0,False,41,50,,0,0,runs/v5_greedy/greedy_v5_ant_g099_s0_seq06.json,2dd202b2ecea2d8cee650d7e2b9029657839e69ae26f59af0295eb8d63f625f6
gamma_sweep_greedy,iid-eval-seq-07,07,held_out,False,v5_ant_g099_s0,,,88950.0,False,10,50,,0,0,runs/v5_greedy/greedy_v5_ant_g099_s0_seq07.json,948d7ce9a2782368389e6796cab57fbdc651a268cda21562392f57f8d501b5bb
gamma_sweep_greedy,iid-eval-seq-08,08,held_out,False,v5_ant_g099_s0,,,67750.0,False,46,50,,0,0,runs/v5_greedy/greedy_v5_ant_g099_s0_seq08.json,dede54c5a7bd46e0fcc9fcec61e62e868f7a64fbc2cf16a2b6c237a5f00b423f
gamma_sweep_greedy,iid-eval-seq-09,09,held_out,False,v5_ant_g099_s0,,,142450.0,False,10,50,,0,0,runs/v5_greedy/greedy_v5_ant_g099_s0_seq09.json,f6f0f1367f6a1857be0039e4dc814bb981c71f8bd60ac0a561655a4e1ba735ed
